Código,Sí,No,Total
020010101,31.0,31.0,62.0
020010201,42.0,108.0,150.0
020010202,24.0,101.0,125.0
020010203,43.0,55.0,98.0
020010204,67.0,88.0,155.0
020010205,47.0,43.0,90.0
020010206,51.0,151.0,202.0
020010207,48.0,97.0,145.0
020010208,26.0,110.0,136.0
020010209,55.0,96.0,151.0
020010210,34.0,53.0,87.0
020010211,69.0,124.0,193.0
020010212,122.0,239.0,361.0
020010213,63.0,96.0,159.0
020010214,74.0,170.0,244.0
020010215,60.0,204.0,264.0
020010216,114.0,299.0,413.0
020010217,68.0,147.0,215.0
020010218,47.0,99.0,146.0
020010219,50.0,140.0,190.0
020010301,20.0,146.0,166.0
020010302,23.0,127.0,150.0
020010303,36.0,152.0,188.0
020010304,29.0,90.0,119.0
020010305,59.0,324.0,383.0
020010306,30.0,278.0,308.0
020010307,15.0,124.0,139.0
020010308,72.0,170.0,242.0
020010309,75.0,277.0,352.0
020010310,23.0,230.0,253.0
020010311,19.0,231.0,250.0
020010312,22.0,145.0,167.0
020010313,13.0,95.0,108.0
020010314,16.0,120.0,136.0
020010315,33.0,263.0,296.0
020010316,23.0,221.0,244.0
020010317,24.0,153.0,177.0
020010318,12.0,201.0,213.0
020010319,59.0,259.0,318.0
020010320,12.0,96.0,108.0
020010321,4.0,95.0,99.0
020010322,26.0,164.0,190.0
020010323,32.0,208.0,240.0
020010401,477.0,186.0,663.0
020010402,468.0,148.0,616.0
020010403,360.0,109.0,469.0
020010404,500.0,104.0,604.0
020010405,300.0,83.0,383.0
020010406,354.0,131.0,485.0
020010407,399.0,150.0,549.0
020010408,335.0,116.0,451.0
020010501,209.0,48.0,257.0
020010502,190.0,50.0,240.0
020010503,314.0,91.0,405.0
020010504,369.0,121.0,490.0
020010505,204.0,38.0,242.0
020010506,288.0,77.0,365.0
020010507,218.0,52.0,270.0
020010601,264.0,62.0,326.0
020010602,170.0,40.0,210.0
020010603,359.0,67.0,426.0
020010604,333.0,64.0,397.0
020010605,133.0,36.0,169.0
020010606,203.0,49.0,252.0
020010607,178.0,48.0,226.0
020010608,228.0,68.0,296.0
020010609,339.0,80.0,419.0
020010610,148.0,45.0,193.0
020010701,206.0,57.0,263.0
020010702,88.0,29.0,117.0
020010703,93.0,33.0,126.0
020010704,196.0,82.0,278.0
020010705,102.0,45.0,147.0
020010706,58.0,22.0,80.0
020010707,188.0,61.0,249.0
020010708,181.0,59.0,240.0
020010709,131.0,52.0,183.0
020010710,173.0,59.0,232.0
020010711,108.0,32.0,140.0
020010712,125.0,50.0,175.0
020010713,47.0,17.0,64.0
020010801,128.0,60.0,188.0
020010802,417.0,150.0,567.0
020010803,358.0,90.0,448.0
020010804,214.0,81.0,295.0
020010805,157.0,57.0,214.0
020010806,426.0,145.0,571.0
020010807,450.0,111.0,561.0
020010808,139.0,50.0,189.0
020010809,195.0,62.0,257.0
020010810,146.0,40.0,186.0
020010901,121.0,40.0,161.0
020010902,131.0,62.0,193.0
020010903,131.0,48.0,179.0
020010904,92.0,42.0,134.0
020010905,129.0,62.0,191.0
020010906,123.0,52.0,175.0
020010907,216.0,69.0,285.0
020010908,106.0,43.0,149.0
020010909,167.0,70.0,237.0
020010910,74.0,34.0,108.0
020010911,91.0,25.0,116.0
020010912,54.0,22.0,76.0
020010913,187.0,14.0,201.0
020010914,100.0,47.0,147.0
020010915,76.0,42.0,118.0
020010916,159.0,169.0,328.0
020010917,138.0,67.0,205.0
020010918,141.0,28.0,169.0
020010919,45.0,16.0,61.0
020011001,95.0,25.0,120.0
020011002,219.0,59.0,278.0
020011003,376.0,138.0,514.0
020011004,179.0,44.0,223.0
020011005,172.0,63.0,235.0
020011006,206.0,58.0,264.0
020011007,105.0,52.0,157.0
020011008,119.0,34.0,153.0
020011009,117.0,44.0,161.0
020011010,240.0,56.0,296.0
020011011,262.0,89.0,351.0
020011012,213.0,78.0,291.0
020011013,245.0,93.0,338.0
020011014,88.0,23.0,111.0
020011101,136.0,83.0,219.0
020011102,189.0,95.0,284.0
020011103,98.0,98.0,196.0
020011104,238.0,96.0,334.0
020011105,157.0,93.0,250.0
020011106,159.0,50.0,209.0
020011107,213.0,76.0,289.0
020011108,254.0,99.0,353.0
020011109,170.0,49.0,219.0
020011110,185.0,86.0,271.0
020011111,92.0,34.0,126.0
020011112,274.0,132.0,406.0
020011113,206.0,85.0,291.0
020011114,209.0,80.0,289.0
020011201,66.0,49.0,115.0
020011202,84.0,39.0,123.0
020011203,180.0,126.0,306.0
020011204,94.0,109.0,203.0
020011205,188.0,86.0,274.0
020011206,116.0,86.0,202.0
020011207,213.0,133.0,346.0
020011208,71.0,58.0,129.0
020011209,222.0,119.0,341.0
020011210,60.0,39.0,99.0
020011211,98.0,35.0,133.0
020011212,72.0,18.0,90.0
020011301,155.0,8.0,163.0
020011302,59.0,1.0,60.0
020011303,18.0,2.0,20.0
020011304,130.0,6.0,136.0
020011305,149.0,5.0,154.0
020011306,98.0,2.0,100.0
020011307,227.0,14.0,241.0
020011308,144.0,12.0,156.0
020011309,149.0,8.0,157.0
020011310,230.0,5.0,235.0
020011311,134.0,8.0,142.0
020011312,133.0,5.0,138.0
020011313,97.0,7.0,104.0
020011314,173.0,449.0,622.0
020011315,0.0,0.0,0.0
020011401,152.0,89.0,241.0
020011402,143.0,80.0,223.0
020011403,132.0,60.0,192.0
020011404,22.0,17.0,39.0
020011405,111.0,112.0,223.0
020011406,172.0,119.0,291.0
020011407,155.0,60.0,215.0
020011408,90.0,102.0,192.0
020011409,163.0,82.0,245.0
020011410,182.0,38.0,220.0
020011411,174.0,79.0,253.0
020011412,147.0,67.0,214.0
020011501,116.0,53.0,169.0
020011502,174.0,72.0,246.0
020011503,150.0,49.0,199.0
020011504,257.0,78.0,335.0
020011505,120.0,64.0,184.0
020011506,168.0,129.0,297.0
020011507,170.0,99.0,269.0
020011508,175.0,130.0,305.0
020011509,215.0,126.0,341.0
020011510,185.0,103.0,288.0
020011511,166.0,109.0,275.0
020011601,93.0,90.0,183.0
020011602,106.0,58.0,164.0
020011603,247.0,159.0,406.0
020011604,230.0,118.0,348.0
020011605,131.0,76.0,207.0
020011606,149.0,79.0,228.0
020011607,304.0,166.0,470.0
020011608,148.0,72.0,220.0
020011609,119.0,41.0,160.0
020011610,198.0,93.0,291.0
020011611,143.0,72.0,215.0
020011612,100.0,39.0,139.0
020011701,236.0,152.0,388.0
020011702,175.0,124.0,299.0
020011703,219.0,105.0,324.0
020011704,182.0,105.0,287.0
020011705,167.0,88.0,255.0
020011706,197.0,152.0,349.0
020011707,191.0,130.0,321.0
020011708,154.0,106.0,260.0
020011709,135.0,98.0,233.0
020011710,182.0,94.0,276.0
020011711,119.0,99.0,218.0
020011801,231.0,207.0,438.0
020011802,210.0,147.0,357.0
020011803,171.0,120.0,291.0
020011804,219.0,122.0,341.0
020011805,184.0,90.0,274.0
020011806,302.0,204.0,506.0
020011807,210.0,105.0,315.0
020011808,200.0,101.0,301.0
020011809,204.0,99.0,303.0
020011901,243.0,179.0,422.0
020011902,328.0,170.0,498.0
020011903,109.0,36.0,145.0
020011904,195.0,105.0,300.0
020011905,179.0,90.0,269.0
020011906,101.0,108.0,209.0
020011907,188.0,132.0,320.0
020011908,59.0,94.0,153.0
020011909,155.0,68.0,223.0
020012001,146.0,111.0,257.0
020012002,185.0,111.0,296.0
020012003,161.0,73.0,234.0
020012004,200.0,143.0,343.0
020012005,218.0,134.0,352.0
020012006,206.0,127.0,333.0
020012007,136.0,71.0,207.0
020012008,116.0,99.0,215.0
020012009,152.0,95.0,247.0
020012010,171.0,137.0,308.0
020012101,144.0,117.0,261.0
020012102,172.0,92.0,264.0
020012103,83.0,83.0,166.0
020012104,268.0,220.0,488.0
020012105,167.0,102.0,269.0
020012106,141.0,121.0,262.0
020012107,179.0,146.0,325.0
020012108,156.0,79.0,235.0
020012109,195.0,128.0,323.0
020012110,248.0,124.0,372.0
020012201,200.0,59.0,259.0
020012202,261.0,157.0,418.0
020012203,234.0,137.0,371.0
020012204,120.0,80.0,200.0
020012205,137.0,49.0,186.0
020012206,169.0,89.0,258.0
020012207,173.0,91.0,264.0
020012208,165.0,108.0,273.0
020012209,231.0,140.0,371.0
020012210,340.0,235.0,575.0
020012301,190.0,82.0,272.0
020012302,156.0,63.0,219.0
020012303,261.0,110.0,371.0
020012304,73.0,58.0,131.0
020012305,163.0,63.0,226.0
020012306,160.0,54.0,214.0
020012307,175.0,89.0,264.0
020012308,199.0,101.0,300.0
020012309,278.0,125.0,403.0
020012310,85.0,62.0,147.0
020012401,79.0,33.0,112.0
020012402,112.0,33.0,145.0
020012403,138.0,62.0,200.0
020012404,114.0,46.0,160.0
020012405,123.0,45.0,168.0
020012406,269.0,95.0,364.0
020012407,195.0,66.0,261.0
020012408,123.0,60.0,183.0
020012501,127.0,48.0,175.0
020012502,133.0,46.0,179.0
020012503,153.0,68.0,221.0
020012504,286.0,142.0,428.0
020012505,165.0,61.0,226.0
020012506,231.0,112.0,343.0
020012507,119.0,74.0,193.0
020012508,215.0,105.0,320.0
020012509,111.0,85.0,196.0
020012510,159.0,68.0,227.0
020012511,186.0,65.0,251.0
020012601,125.0,119.0,244.0
020012602,220.0,97.0,317.0
020012603,152.0,65.0,217.0
020012604,177.0,66.0,243.0
020012605,173.0,136.0,309.0
020012606,142.0,71.0,213.0
020012607,94.0,47.0,141.0
020012608,143.0,70.0,213.0
020012609,210.0,106.0,316.0
020012701,142.0,92.0,234.0
020012702,122.0,140.0,262.0
020012703,138.0,151.0,289.0
020012704,129.0,182.0,311.0
020012705,163.0,114.0,277.0
020012706,113.0,227.0,340.0
020012707,117.0,140.0,257.0
020012708,130.0,122.0,252.0
020012709,164.0,152.0,316.0
020012710,161.0,80.0,241.0
020012801,121.0,96.0,217.0
020012802,140.0,188.0,328.0
020012803,121.0,117.0,238.0
020012804,149.0,129.0,278.0
020012805,197.0,154.0,351.0
020012806,115.0,158.0,273.0
020012807,179.0,131.0,310.0
020012808,60.0,50.0,110.0
020012809,130.0,125.0,255.0
020012810,174.0,178.0,352.0
020012811,72.0,158.0,230.0
020012812,106.0,124.0,230.0
020012813,122.0,130.0,252.0
020012901,219.0,194.0,413.0
020012902,77.0,166.0,243.0
020012903,118.0,150.0,268.0
020012904,134.0,137.0,271.0
020012905,140.0,154.0,294.0
020012906,253.0,63.0,316.0
020012907,184.0,134.0,318.0
020012908,131.0,124.0,255.0
020012909,204.0,171.0,375.0
020020101,14.0,7.0,21.0
020020102,60.0,71.0,131.0
020020201,202.0,50.0,252.0
020020202,297.0,65.0,362.0
020020203,195.0,34.0,229.0
020020204,174.0,31.0,205.0
020020205,204.0,55.0,259.0
020020206,154.0,43.0,197.0
020020207,116.0,24.0,140.0
020020208,228.0,54.0,282.0
020020301,321.0,78.0,399.0
020020302,334.0,77.0,411.0
020020303,78.0,22.0,100.0
020020304,153.0,35.0,188.0
020020305,240.0,53.0,293.0
020020306,219.0,55.0,274.0
020020307,289.0,64.0,353.0
020020308,201.0,32.0,233.0
020020401,271.0,42.0,313.0
020020402,87.0,22.0,109.0
020020403,124.0,25.0,149.0
020020404,143.0,52.0,195.0
020020405,213.0,71.0,284.0
020020406,171.0,41.0,212.0
020020407,182.0,52.0,234.0
020020408,345.0,82.0,427.0
020020409,273.0,60.0,333.0
020020410,330.0,99.0,429.0
020020501,198.0,58.0,256.0
020020502,263.0,56.0,319.0
020020503,189.0,66.0,255.0
020020504,161.0,65.0,226.0
020020505,264.0,60.0,324.0
020020506,269.0,59.0,328.0
020020507,269.0,60.0,329.0
020020508,250.0,78.0,328.0
020020509,206.0,65.0,271.0
020020601,139.0,36.0,175.0
020020602,442.0,130.0,572.0
020020603,183.0,43.0,226.0
020020604,261.0,72.0,333.0
020020605,146.0,37.0,183.0
020020606,232.0,86.0,318.0
020020607,143.0,32.0,175.0
020020608,158.0,61.0,219.0
020020609,216.0,60.0,276.0
020020610,176.0,52.0,228.0
020020701,471.0,102.0,573.0
020020702,397.0,96.0,493.0
020020703,290.0,71.0,361.0
020020704,217.0,50.0,267.0
020020705,196.0,48.0,244.0
020020706,208.0,63.0,271.0
020020707,327.0,82.0,409.0
020020708,127.0,44.0,171.0
020020709,212.0,66.0,278.0
020020801,271.0,76.0,347.0
020020802,245.0,61.0,306.0
020020803,367.0,90.0,457.0
020020804,397.0,81.0,478.0
020020805,325.0,88.0,413.0
020020806,496.0,128.0,624.0
020020807,554.0,150.0,704.0
020020808,285.0,72.0,357.0
020020901,331.0,68.0,399.0
020020902,178.0,40.0,218.0
020020903,349.0,102.0,451.0
020020904,378.0,83.0,461.0
020020905,396.0,92.0,488.0
020020906,356.0,85.0,441.0
020020907,383.0,89.0,472.0
020020908,532.0,117.0,649.0
020020909,438.0,112.0,550.0
020021001,396.0,122.0,518.0
020021002,276.0,90.0,366.0
020021003,175.0,34.0,209.0
020021004,271.0,73.0,344.0
020021005,327.0,99.0,426.0
020021006,262.0,59.0,321.0
020021007,382.0,101.0,483.0
020021008,349.0,94.0,443.0
020021009,228.0,70.0,298.0
020021101,490.0,131.0,621.0
020021102,195.0,46.0,241.0
020021103,564.0,108.0,672.0
020021104,536.0,131.0,667.0
020021105,133.0,36.0,169.0
020021106,252.0,53.0,305.0
020021201,358.0,77.0,435.0
020021202,323.0,79.0,402.0
020021203,365.0,91.0,456.0
020021204,552.0,152.0,704.0
020021205,497.0,118.0,615.0
020021206,412.0,86.0,498.0
020021301,494.0,101.0,595.0
020021302,341.0,77.0,418.0
020021303,418.0,98.0,516.0
020021304,449.0,106.0,555.0
020021305,532.0,115.0,647.0
020021306,314.0,68.0,382.0
020021307,497.0,137.0,634.0
020021401,197.0,51.0,248.0
020021402,243.0,63.0,306.0
020021403,132.0,43.0,175.0
020021404,303.0,66.0,369.0
020021405,391.0,108.0,499.0
020021406,430.0,102.0,532.0
020021407,246.0,100.0,346.0
020021408,290.0,90.0,380.0
020021409,487.0,114.0,601.0
020021410,431.0,106.0,537.0
020021501,208.0,56.0,264.0
020021502,302.0,86.0,388.0
020021503,522.0,108.0,630.0
020021504,250.0,60.0,310.0
020021505,208.0,58.0,266.0
020021506,229.0,57.0,286.0
020021507,288.0,79.0,367.0
020021508,270.0,69.0,339.0
020021601,251.0,69.0,320.0
020021602,246.0,62.0,308.0
020021603,243.0,62.0,305.0
020021604,238.0,46.0,284.0
020021605,293.0,92.0,385.0
020021606,247.0,70.0,317.0
020021607,274.0,84.0,358.0
020021608,150.0,46.0,196.0
020021701,458.0,113.0,571.0
020021702,301.0,81.0,382.0
020021703,357.0,97.0,454.0
020021704,123.0,45.0,168.0
020021705,241.0,49.0,290.0
020021706,348.0,104.0,452.0
020021707,446.0,131.0,577.0
020021708,351.0,133.0,484.0
020021709,290.0,76.0,366.0
020021801,348.0,109.0,457.0
020021802,434.0,114.0,548.0
020021803,312.0,85.0,397.0
020021804,203.0,64.0,267.0
020021805,190.0,60.0,250.0
020021806,283.0,82.0,365.0
020021807,210.0,67.0,277.0
020021808,232.0,103.0,335.0
020021901,310.0,82.0,392.0
020021902,244.0,62.0,306.0
020021903,247.0,58.0,305.0
020021904,378.0,120.0,498.0
020021905,278.0,83.0,361.0
020021906,332.0,92.0,424.0
020021907,243.0,81.0,324.0
020021908,281.0,96.0,377.0
020022001,361.0,96.0,457.0
020022002,340.0,106.0,446.0
020022003,288.0,84.0,372.0
020022004,300.0,85.0,385.0
020022005,206.0,45.0,251.0
020022006,264.0,90.0,354.0
020022007,198.0,49.0,247.0
020022008,260.0,41.0,301.0
020022101,375.0,86.0,461.0
020022102,355.0,87.0,442.0
020022103,289.0,79.0,368.0
020022104,430.0,100.0,530.0
020022105,426.0,82.0,508.0
020022106,385.0,96.0,481.0
020022201,299.0,69.0,368.0
020022202,220.0,61.0,281.0
020022203,173.0,32.0,205.0
020022204,381.0,102.0,483.0
020022205,447.0,81.0,528.0
020022206,452.0,105.0,557.0
020022301,346.0,89.0,435.0
020022302,399.0,112.0,511.0
020022303,364.0,77.0,441.0
020022304,293.0,87.0,380.0
020022305,247.0,48.0,295.0
020022306,161.0,42.0,203.0
020022307,177.0,60.0,237.0
020022308,143.0,44.0,187.0
020022309,385.0,77.0,462.0
020022401,363.0,87.0,450.0
020022402,278.0,99.0,377.0
020022403,277.0,58.0,335.0
020022404,356.0,107.0,463.0
020022405,402.0,104.0,506.0
020022406,366.0,102.0,468.0
020022501,263.0,49.0,312.0
020022502,277.0,72.0,349.0
020022503,124.0,51.0,175.0
020022504,335.0,92.0,427.0
020022505,364.0,105.0,469.0
020022506,220.0,133.0,353.0
020022507,307.0,79.0,386.0
020022508,460.0,63.0,523.0
020022509,340.0,71.0,411.0
020022510,226.0,73.0,299.0
020022511,370.0,127.0,497.0
020030101,347.0,139.0,486.0
020030102,310.0,108.0,418.0
020030103,348.0,119.0,467.0
020030104,166.0,82.0,248.0
020030105,237.0,135.0,372.0
020030106,158.0,104.0,262.0
020030107,136.0,194.0,330.0
020030108,78.0,108.0,186.0
020030109,154.0,73.0,227.0
020030110,90.0,100.0,190.0
020030111,137.0,92.0,229.0
020030201,246.0,77.0,323.0
020030202,234.0,99.0,333.0
020030203,219.0,117.0,336.0
020030204,216.0,70.0,286.0
020030205,238.0,131.0,369.0
020030206,227.0,139.0,366.0
020030207,255.0,163.0,418.0
020030208,231.0,123.0,354.0
020030209,212.0,99.0,311.0
020030210,127.0,66.0,193.0
020030211,171.0,85.0,256.0
020030212,242.0,121.0,363.0
020030301,343.0,133.0,476.0
020030302,257.0,116.0,373.0
020030303,188.0,71.0,259.0
020030304,154.0,58.0,212.0
020030305,179.0,66.0,245.0
020030306,218.0,84.0,302.0
020030307,199.0,108.0,307.0
020030308,190.0,73.0,263.0
020030309,116.0,43.0,159.0
020030310,189.0,197.0,386.0
020030311,183.0,122.0,305.0
020030401,272.0,82.0,354.0
020030402,147.0,67.0,214.0
020030403,219.0,60.0,279.0
020030404,228.0,97.0,325.0
020030405,176.0,111.0,287.0
020030406,216.0,91.0,307.0
020030407,202.0,67.0,269.0
020030408,182.0,89.0,271.0
020030501,265.0,105.0,370.0
020030502,230.0,61.0,291.0
020030503,357.0,112.0,469.0
020030504,178.0,84.0,262.0
020030505,258.0,71.0,329.0
020030506,180.0,35.0,215.0
020030507,293.0,75.0,368.0
020030601,248.0,106.0,354.0
020030602,121.0,54.0,175.0
020030603,242.0,69.0,311.0
020030604,245.0,75.0,320.0
020030605,212.0,116.0,328.0
020030606,186.0,69.0,255.0
020030607,234.0,78.0,312.0
020030701,95.0,41.0,136.0
020030702,298.0,108.0,406.0
020030703,315.0,134.0,449.0
020030704,279.0,89.0,368.0
020030705,195.0,73.0,268.0
020030706,197.0,86.0,283.0
020030707,341.0,162.0,503.0
020030708,109.0,49.0,158.0
020030709,261.0,141.0,402.0
020030801,224.0,97.0,321.0
020030802,155.0,57.0,212.0
020030803,252.0,89.0,341.0
020030804,176.0,40.0,216.0
020030805,152.0,63.0,215.0
020030806,142.0,61.0,203.0
020030807,115.0,51.0,166.0
020030808,133.0,73.0,206.0
020030809,206.0,98.0,304.0
020030810,161.0,92.0,253.0
020030901,253.0,131.0,384.0
020030902,157.0,49.0,206.0
020030903,232.0,110.0,342.0
020030904,281.0,127.0,408.0
020030905,140.0,79.0,219.0
020030906,126.0,69.0,195.0
020030907,148.0,137.0,285.0
020030908,164.0,144.0,308.0
020030909,255.0,115.0,370.0
020030910,191.0,132.0,323.0
020031001,220.0,155.0,375.0
020031002,207.0,113.0,320.0
020031003,164.0,92.0,256.0
020031004,222.0,76.0,298.0
020031005,147.0,55.0,202.0
020031006,240.0,147.0,387.0
020031007,211.0,128.0,339.0
020031008,161.0,113.0,274.0
020031101,272.0,95.0,367.0
020031102,282.0,166.0,448.0
020031103,209.0,166.0,375.0
020031104,274.0,111.0,385.0
020031105,228.0,88.0,316.0
020031106,236.0,172.0,408.0
020031107,292.0,143.0,435.0
020031108,197.0,86.0,283.0
020031201,236.0,114.0,350.0
020031202,286.0,139.0,425.0
020031203,156.0,153.0,309.0
020031204,166.0,79.0,245.0
020031205,351.0,140.0,491.0
020031206,36.0,27.0,63.0
020031207,304.0,152.0,456.0
020031208,156.0,133.0,289.0
020031209,148.0,66.0,214.0
020031210,186.0,171.0,357.0
020031301,188.0,116.0,304.0
020031302,196.0,153.0,349.0
020031303,251.0,142.0,393.0
020031304,119.0,85.0,204.0
020031305,207.0,121.0,328.0
020031306,220.0,102.0,322.0
020031307,163.0,88.0,251.0
020031308,128.0,109.0,237.0
020031309,238.0,127.0,365.0
020031310,139.0,156.0,295.0
020031311,193.0,74.0,267.0
020031401,163.0,175.0,338.0
020031402,248.0,168.0,416.0
020031403,276.0,178.0,454.0
020031404,194.0,104.0,298.0
020031405,173.0,188.0,361.0
020031406,351.0,160.0,511.0
020031407,179.0,80.0,259.0
020031408,185.0,125.0,310.0
020031409,14.0,24.0,38.0
020031410,193.0,118.0,311.0
020031501,200.0,82.0,282.0
020031502,250.0,149.0,399.0
020031503,181.0,89.0,270.0
020031504,235.0,99.0,334.0
020031505,252.0,127.0,379.0
020031506,219.0,139.0,358.0
020031507,367.0,224.0,591.0
020031508,395.0,222.0,617.0
020031509,67.0,48.0,115.0
020031601,214.0,152.0,366.0
020031602,339.0,164.0,503.0
020031603,226.0,162.0,388.0
020031604,123.0,54.0,177.0
020031605,139.0,122.0,261.0
020031606,149.0,123.0,272.0
020031607,189.0,111.0,300.0
020031608,198.0,137.0,335.0
020031609,379.0,114.0,493.0
020031701,154.0,113.0,267.0
020031702,173.0,149.0,322.0
020031703,121.0,86.0,207.0
020031704,143.0,184.0,327.0
020031705,156.0,161.0,317.0
020031706,185.0,138.0,323.0
020031707,239.0,104.0,343.0
020031708,198.0,177.0,375.0
020031709,173.0,106.0,279.0
020031801,128.0,119.0,247.0
020031802,176.0,126.0,302.0
020031803,123.0,66.0,189.0
020031804,243.0,134.0,377.0
020031805,98.0,72.0,170.0
020031806,130.0,117.0,247.0
020031807,180.0,92.0,272.0
020031808,148.0,106.0,254.0
020031809,239.0,153.0,392.0
020031810,135.0,73.0,208.0
020031811,172.0,77.0,249.0
020031901,368.0,148.0,516.0
020031902,84.0,68.0,152.0
020031903,192.0,117.0,309.0
020031904,194.0,101.0,295.0
020031905,211.0,133.0,344.0
020031906,223.0,113.0,336.0
020031907,230.0,176.0,406.0
020031908,306.0,186.0,492.0
020031909,197.0,106.0,303.0
020031910,152.0,79.0,231.0
020032001,154.0,154.0,308.0
020032002,284.0,158.0,442.0
020032003,183.0,129.0,312.0
020032004,190.0,100.0,290.0
020032005,137.0,95.0,232.0
020032006,104.0,82.0,186.0
020032007,230.0,116.0,346.0
020032008,196.0,177.0,373.0
020032009,270.0,187.0,457.0
020032010,178.0,108.0,286.0
020032011,155.0,84.0,239.0
020032101,261.0,115.0,376.0
020032102,256.0,141.0,397.0
020032103,204.0,101.0,305.0
020032104,209.0,135.0,344.0
020032105,125.0,92.0,217.0
020032106,209.0,174.0,383.0
020032107,125.0,74.0,199.0
020032108,200.0,113.0,313.0
020032109,116.0,72.0,188.0
020032110,253.0,155.0,408.0
020032201,207.0,130.0,337.0
020032202,184.0,108.0,292.0
020032203,82.0,93.0,175.0
020032204,177.0,69.0,246.0
020032205,237.0,118.0,355.0
020032206,183.0,113.0,296.0
020032207,178.0,152.0,330.0
020032208,242.0,129.0,371.0
020032209,209.0,161.0,370.0
020032301,201.0,123.0,324.0
020032302,231.0,114.0,345.0
020032303,246.0,120.0,366.0
020032304,104.0,85.0,189.0
020032305,163.0,127.0,290.0
020032306,157.0,83.0,240.0
020032307,154.0,115.0,269.0
020032308,218.0,117.0,335.0
020032309,207.0,134.0,341.0
020032310,251.0,138.0,389.0
020032401,185.0,116.0,301.0
020032402,201.0,134.0,335.0
020032403,193.0,83.0,276.0
020032404,186.0,124.0,310.0
020032405,144.0,80.0,224.0
020032406,235.0,138.0,373.0
020032407,224.0,73.0,297.0
020032408,179.0,136.0,315.0
020032409,132.0,53.0,185.0
020032501,416.0,92.0,508.0
020032502,171.0,122.0,293.0
020032503,104.0,101.0,205.0
020032504,173.0,97.0,270.0
020032505,192.0,102.0,294.0
020032506,201.0,132.0,333.0
020032507,140.0,83.0,223.0
020032508,477.0,233.0,710.0
020032509,176.0,136.0,312.0
020032601,256.0,139.0,395.0
020032602,296.0,136.0,432.0
020032603,197.0,137.0,334.0
020032604,155.0,72.0,227.0
020032605,224.0,114.0,338.0
020032606,169.0,77.0,246.0
020032607,201.0,110.0,311.0
020032608,153.0,91.0,244.0
020032609,185.0,104.0,289.0
020032701,271.0,126.0,397.0
020032702,218.0,112.0,330.0
020032703,244.0,110.0,354.0
020032704,207.0,106.0,313.0
020032705,197.0,119.0,316.0
020032706,196.0,101.0,297.0
020032707,226.0,141.0,367.0
020040101,126.0,119.0,245.0
020040102,114.0,147.0,261.0
020040103,100.0,115.0,215.0
020040104,105.0,129.0,234.0
020040105,80.0,147.0,227.0
020040106,75.0,126.0,201.0
020040107,87.0,81.0,168.0
020040108,108.0,114.0,222.0
020040109,122.0,101.0,223.0
020040110,83.0,73.0,156.0
020040111,92.0,108.0,200.0
020040112,100.0,83.0,183.0
020040113,68.0,68.0,136.0
020040114,122.0,113.0,235.0
020040201,147.0,126.0,273.0
020040202,156.0,124.0,280.0
020040203,200.0,179.0,379.0
020040204,154.0,119.0,273.0
020040205,101.0,126.0,227.0
020040206,138.0,119.0,257.0
020040207,182.0,128.0,310.0
020040208,103.0,86.0,189.0
020040209,112.0,97.0,209.0
020040210,141.0,168.0,309.0
020040301,209.0,133.0,342.0
020040302,166.0,131.0,297.0
020040303,130.0,90.0,220.0
020040304,169.0,128.0,297.0
020040305,222.0,139.0,361.0
020040306,187.0,109.0,296.0
020040307,154.0,75.0,229.0
020040308,177.0,97.0,274.0
020040309,117.0,66.0,183.0
020040310,174.0,119.0,293.0
020040311,156.0,151.0,307.0
020040312,205.0,136.0,341.0
020040313,100.0,97.0,197.0
020040401,144.0,92.0,236.0
020040402,212.0,83.0,295.0
020040403,206.0,114.0,320.0
020040404,216.0,114.0,330.0
020040405,232.0,134.0,366.0
020040406,167.0,119.0,286.0
020040407,205.0,124.0,329.0
020040408,154.0,131.0,285.0
020040409,164.0,121.0,285.0
020040410,139.0,133.0,272.0
020040411,183.0,159.0,342.0
020040501,242.0,127.0,369.0
020040502,146.0,111.0,257.0
020040503,214.0,117.0,331.0
020040504,155.0,124.0,279.0
020040505,127.0,76.0,203.0
020040506,236.0,112.0,348.0
020040507,150.0,101.0,251.0
020040508,149.0,97.0,246.0
020040509,330.0,295.0,625.0
020040510,210.0,185.0,395.0
020040511,185.0,155.0,340.0
020040601,303.0,118.0,421.0
020040602,228.0,91.0,319.0
020040603,195.0,90.0,285.0
020040604,221.0,98.0,319.0
020040605,167.0,108.0,275.0
020040606,261.0,114.0,375.0
020040607,191.0,115.0,306.0
020040608,207.0,110.0,317.0
020040609,185.0,89.0,274.0
020040610,154.0,61.0,215.0
020040611,182.0,64.0,246.0
020040701,215.0,85.0,300.0
020040702,222.0,68.0,290.0
020040703,170.0,131.0,301.0
020040704,530.0,283.0,813.0
020040705,178.0,118.0,296.0
020040706,191.0,96.0,287.0
020040707,218.0,96.0,314.0
020040708,187.0,99.0,286.0
020040709,174.0,98.0,272.0
020040710,165.0,121.0,286.0
020040711,140.0,71.0,211.0
020040712,143.0,125.0,268.0
020040801,195.0,109.0,304.0
020040802,223.0,88.0,311.0
020040803,149.0,91.0,240.0
020040804,178.0,113.0,291.0
020040805,178.0,90.0,268.0
020040806,175.0,99.0,274.0
020040807,557.0,276.0,833.0
020040808,51.0,45.0,96.0
020040809,206.0,140.0,346.0
020040810,146.0,88.0,234.0
020040811,173.0,106.0,279.0
020040901,183.0,273.0,456.0
020040902,119.0,132.0,251.0
020040903,94.0,90.0,184.0
020040904,73.0,101.0,174.0
020040905,112.0,77.0,189.0
020040906,175.0,104.0,279.0
020040907,158.0,105.0,263.0
020041001,8.0,15.0,23.0
020041002,149.0,483.0,632.0
020041003,105.0,394.0,499.0
020041004,26.0,98.0,124.0
020041005,140.0,369.0,509.0
020041006,72.0,229.0,301.0
020041007,57.0,210.0,267.0
020041008,38.0,435.0,473.0
020041009,74.0,533.0,607.0
020041101,176.0,116.0,292.0
020041102,214.0,113.0,327.0
020041103,184.0,97.0,281.0
020041104,165.0,85.0,250.0
020041105,99.0,86.0,185.0
020041106,179.0,139.0,318.0
020041107,133.0,191.0,324.0
020041108,209.0,101.0,310.0
020041109,124.0,142.0,266.0
020041201,104.0,121.0,225.0
020041202,96.0,110.0,206.0
020041203,180.0,117.0,297.0
020041204,228.0,143.0,371.0
020041205,142.0,86.0,228.0
020041206,130.0,118.0,248.0
020041207,92.0,65.0,157.0
020041208,112.0,71.0,183.0
020041209,214.0,98.0,312.0
020041210,164.0,119.0,283.0
020041211,195.0,65.0,260.0
020041212,163.0,59.0,222.0
020041301,313.0,44.0,357.0
020041302,170.0,66.0,236.0
020041303,169.0,82.0,251.0
020041304,163.0,63.0,226.0
020041305,325.0,66.0,391.0
020041306,135.0,60.0,195.0
020041307,300.0,99.0,399.0
020041308,100.0,74.0,174.0
020041309,118.0,51.0,169.0
020041310,143.0,58.0,201.0
020041311,314.0,134.0,448.0
020041401,127.0,140.0,267.0
020041402,151.0,105.0,256.0
020041403,175.0,95.0,270.0
020041404,367.0,128.0,495.0
020041405,208.0,94.0,302.0
020041406,144.0,64.0,208.0
020041407,173.0,114.0,287.0
020041408,265.0,139.0,404.0
020041409,205.0,52.0,257.0
020041501,173.0,86.0,259.0
020041502,414.0,210.0,624.0
020041503,345.0,138.0,483.0
020041504,211.0,86.0,297.0
020041505,153.0,65.0,218.0
020041506,151.0,89.0,240.0
020041507,190.0,84.0,274.0
020041508,191.0,78.0,269.0
020041509,174.0,79.0,253.0
020041510,120.0,68.0,188.0
020041601,180.0,78.0,258.0
020041602,629.0,299.0,928.0
020041603,319.0,118.0,437.0
020041604,163.0,103.0,266.0
020041605,263.0,149.0,412.0
020041606,135.0,111.0,246.0
020041607,109.0,47.0,156.0
020041608,111.0,103.0,214.0
020041609,266.0,165.0,431.0
020041610,178.0,101.0,279.0
020041701,182.0,39.0,221.0
020041702,160.0,80.0,240.0
020041703,139.0,76.0,215.0
020041704,201.0,95.0,296.0
020041705,229.0,99.0,328.0
020041706,173.0,107.0,280.0
020041707,173.0,80.0,253.0
020041708,234.0,123.0,357.0
020041709,233.0,104.0,337.0
020041710,157.0,119.0,276.0
020041801,12.0,33.0,45.0
020041901,128.0,124.0,252.0
020041902,162.0,97.0,259.0
020041903,193.0,128.0,321.0
020041904,157.0,215.0,372.0
020041905,163.0,120.0,283.0
020041906,187.0,172.0,359.0
020041907,108.0,174.0,282.0
020041908,172.0,272.0,444.0
020041909,125.0,209.0,334.0
020041910,138.0,123.0,261.0
020042001,174.0,147.0,321.0
020042002,151.0,106.0,257.0
020042003,123.0,155.0,278.0
020042004,96.0,123.0,219.0
020042005,124.0,85.0,209.0
020042006,178.0,127.0,305.0
020042007,174.0,116.0,290.0
020042008,143.0,98.0,241.0
020042009,146.0,144.0,290.0
020042010,181.0,183.0,364.0
020042011,168.0,154.0,322.0
020042012,287.0,184.0,471.0
020042101,111.0,132.0,243.0
020042102,107.0,150.0,257.0
020042103,112.0,93.0,205.0
020042104,112.0,132.0,244.0
020042105,138.0,100.0,238.0
020042106,139.0,131.0,270.0
020042107,169.0,106.0,275.0
020042108,116.0,176.0,292.0
020042109,127.0,124.0,251.0
020042110,77.0,154.0,231.0
020042111,141.0,139.0,280.0
020042112,112.0,74.0,186.0
020042201,165.0,85.0,250.0
020042202,202.0,95.0,297.0
020042203,256.0,96.0,352.0
020042204,353.0,142.0,495.0
020042205,189.0,95.0,284.0
020042206,198.0,57.0,255.0
020042207,277.0,124.0,401.0
020042208,227.0,136.0,363.0
020042209,151.0,108.0,259.0
020042210,149.0,80.0,229.0
020042211,196.0,93.0,289.0
020042212,127.0,91.0,218.0
020042301,164.0,107.0,271.0
020042302,156.0,132.0,288.0
020042303,144.0,111.0,255.0
020042304,170.0,93.0,263.0
020042305,158.0,68.0,226.0
020042306,199.0,105.0,304.0
020042307,122.0,111.0,233.0
020042308,181.0,107.0,288.0
020042309,91.0,59.0,150.0
020042310,140.0,118.0,258.0
020042311,90.0,115.0,205.0
020042312,111.0,119.0,230.0
020042401,92.0,310.0,402.0
020042402,125.0,397.0,522.0
020042403,83.0,283.0,366.0
020042404,156.0,360.0,516.0
020042405,70.0,321.0,391.0
020042406,108.0,260.0,368.0
020042501,64.0,588.0,652.0
020042502,154.0,457.0,611.0
020042503,284.0,781.0,1065.0
020042504,67.0,483.0,550.0
020042601,67.0,183.0,250.0
020042602,131.0,143.0,274.0
020042603,83.0,253.0,336.0
020050101,190.0,63.0,253.0
020050102,318.0,92.0,410.0
020050103,254.0,107.0,361.0
020050104,236.0,77.0,313.0
020050105,384.0,88.0,472.0
020050106,153.0,56.0,209.0
020050107,221.0,80.0,301.0
020050108,240.0,83.0,323.0
020050109,252.0,97.0,349.0
020050110,239.0,73.0,312.0
020050201,271.0,65.0,336.0
020050202,207.0,63.0,270.0
020050203,260.0,65.0,325.0
020050204,351.0,110.0,461.0
020050205,171.0,51.0,222.0
020050206,170.0,86.0,256.0
020050207,129.0,107.0,236.0
020050208,379.0,54.0,433.0
020050209,230.0,107.0,337.0
020050210,199.0,102.0,301.0
020050211,288.0,105.0,393.0
020050301,211.0,109.0,320.0
020050302,338.0,165.0,503.0
020050303,91.0,84.0,175.0
020050304,166.0,69.0,235.0
020050305,249.0,87.0,336.0
020050306,215.0,87.0,302.0
020050307,205.0,92.0,297.0
020050308,127.0,36.0,163.0
020050309,208.0,101.0,309.0
020050310,181.0,59.0,240.0
020050311,244.0,141.0,385.0
020050401,303.0,116.0,419.0
020050402,260.0,87.0,347.0
020050403,256.0,62.0,318.0
020050404,257.0,81.0,338.0
020050405,229.0,102.0,331.0
020050406,397.0,107.0,504.0
020050407,170.0,83.0,253.0
020050408,368.0,148.0,516.0
020050409,244.0,93.0,337.0
020050501,260.0,88.0,348.0
020050502,447.0,145.0,592.0
020050503,252.0,118.0,370.0
020050504,226.0,62.0,288.0
020050505,204.0,40.0,244.0
020050506,250.0,64.0,314.0
020050507,295.0,127.0,422.0
020050508,248.0,76.0,324.0
020050601,236.0,68.0,304.0
020050602,325.0,112.0,437.0
020050603,313.0,125.0,438.0
020050604,517.0,143.0,660.0
020050605,415.0,143.0,558.0
020050606,290.0,117.0,407.0
020050607,304.0,114.0,418.0
020050608,295.0,90.0,385.0
020050701,399.0,130.0,529.0
020050702,164.0,55.0,219.0
020050703,206.0,69.0,275.0
020050704,423.0,182.0,605.0
020050705,435.0,183.0,618.0
020050706,179.0,120.0,299.0
020050707,130.0,66.0,196.0
020050708,255.0,135.0,390.0
020050801,392.0,155.0,547.0
020050802,234.0,85.0,319.0
020050803,406.0,98.0,504.0
020050804,319.0,133.0,452.0
020050805,127.0,48.0,175.0
020050806,281.0,112.0,393.0
020050807,287.0,112.0,399.0
020050808,247.0,102.0,349.0
020050809,255.0,78.0,333.0
020050901,350.0,121.0,471.0
020050902,222.0,65.0,287.0
020050903,207.0,60.0,267.0
020050904,158.0,74.0,232.0
020050905,177.0,79.0,256.0
020050906,188.0,57.0,245.0
020050907,159.0,61.0,220.0
020050908,332.0,122.0,454.0
020050909,331.0,100.0,431.0
020050910,241.0,99.0,340.0
020051001,401.0,136.0,537.0
020051002,388.0,158.0,546.0
020051003,111.0,48.0,159.0
020051004,164.0,89.0,253.0
020051005,175.0,94.0,269.0
020051006,209.0,103.0,312.0
020051007,401.0,147.0,548.0
020051008,197.0,112.0,309.0
020051009,241.0,102.0,343.0
020051010,175.0,78.0,253.0
020051101,403.0,133.0,536.0
020051102,311.0,78.0,389.0
020051103,236.0,45.0,281.0
020051104,220.0,109.0,329.0
020051105,236.0,85.0,321.0
020051106,256.0,59.0,315.0
020051107,352.0,118.0,470.0
020051108,229.0,91.0,320.0
020051109,307.0,149.0,456.0
020051110,280.0,73.0,353.0
020051201,172.0,120.0,292.0
020051202,607.0,233.0,840.0
020051203,322.0,100.0,422.0
020051204,227.0,101.0,328.0
020051205,145.0,53.0,198.0
020051206,547.0,216.0,763.0
020051207,238.0,98.0,336.0
020051301,280.0,116.0,396.0
020051302,247.0,74.0,321.0
020051303,250.0,114.0,364.0
020051304,221.0,107.0,328.0
020051305,226.0,106.0,332.0
020051306,298.0,79.0,377.0
020051307,232.0,89.0,321.0
020051308,323.0,98.0,421.0
020051309,328.0,94.0,422.0
020051401,222.0,52.0,274.0
020051402,242.0,105.0,347.0
020051403,357.0,182.0,539.0
020051404,309.0,112.0,421.0
020051405,551.0,236.0,787.0
020051406,388.0,149.0,537.0
020051407,109.0,59.0,168.0
020051408,196.0,79.0,275.0
020051409,273.0,153.0,426.0
020051501,349.0,160.0,509.0
020051502,360.0,170.0,530.0
020051503,171.0,96.0,267.0
020051504,368.0,196.0,564.0
020051505,307.0,147.0,454.0
020051506,244.0,84.0,328.0
020051507,203.0,105.0,308.0
020051508,174.0,152.0,326.0
020051509,96.0,71.0,167.0
020051601,298.0,106.0,404.0
020051602,170.0,111.0,281.0
020051603,138.0,75.0,213.0
020051604,262.0,124.0,386.0
020051605,254.0,122.0,376.0
020051606,183.0,126.0,309.0
020051607,140.0,109.0,249.0
020051608,245.0,130.0,375.0
020051609,246.0,148.0,394.0
020051610,240.0,147.0,387.0
020051611,280.0,143.0,423.0
020051701,219.0,70.0,289.0
020051702,233.0,114.0,347.0
020051703,230.0,86.0,316.0
020051704,218.0,79.0,297.0
020051705,238.0,71.0,309.0
020051706,246.0,95.0,341.0
020051707,250.0,79.0,329.0
020051708,265.0,118.0,383.0
020051709,162.0,91.0,253.0
020051710,213.0,67.0,280.0
020051711,312.0,116.0,428.0
020051801,309.0,111.0,420.0
020051802,254.0,118.0,372.0
020051803,251.0,91.0,342.0
020051804,188.0,89.0,277.0
020051805,240.0,96.0,336.0
020051806,169.0,72.0,241.0
020051807,238.0,71.0,309.0
020051808,110.0,39.0,149.0
020051809,177.0,89.0,266.0
020051810,230.0,114.0,344.0
020051811,211.0,104.0,315.0
020051901,241.0,102.0,343.0
020051902,195.0,87.0,282.0
020051903,269.0,138.0,407.0
020051904,269.0,128.0,397.0
020051905,203.0,131.0,334.0
020051906,218.0,112.0,330.0
020051907,126.0,69.0,195.0
020051908,275.0,153.0,428.0
020051909,201.0,93.0,294.0
020051910,246.0,117.0,363.0
020051911,319.0,117.0,436.0
020052001,209.0,104.0,313.0
020052002,260.0,149.0,409.0
020052003,227.0,153.0,380.0
020052004,215.0,96.0,311.0
020052005,221.0,108.0,329.0
020052006,200.0,86.0,286.0
020052007,206.0,109.0,315.0
020052008,212.0,103.0,315.0
020052009,196.0,129.0,325.0
020052010,233.0,142.0,375.0
020052011,205.0,96.0,301.0
020052012,198.0,94.0,292.0
020052101,278.0,100.0,378.0
020052102,224.0,123.0,347.0
020052103,127.0,81.0,208.0
020052104,248.0,122.0,370.0
020052105,181.0,85.0,266.0
020052106,223.0,111.0,334.0
020052107,164.0,93.0,257.0
020052108,165.0,82.0,247.0
020052109,162.0,70.0,232.0
020052110,164.0,89.0,253.0
020052111,184.0,60.0,244.0
020052201,194.0,66.0,260.0
020052202,200.0,92.0,292.0
020052203,178.0,81.0,259.0
020052204,247.0,115.0,362.0
020052205,186.0,91.0,277.0
020052206,224.0,103.0,327.0
020052207,454.0,269.0,723.0
020052208,165.0,79.0,244.0
020052209,184.0,92.0,276.0
020052210,187.0,107.0,294.0
020052211,210.0,110.0,320.0
020052212,224.0,99.0,323.0
020052213,152.0,66.0,218.0
020060101,174.0,68.0,242.0
020060102,238.0,107.0,345.0
020060103,262.0,84.0,346.0
020060104,184.0,90.0,274.0
020060105,315.0,116.0,431.0
020060106,262.0,86.0,348.0
020060107,193.0,66.0,259.0
020060108,222.0,86.0,308.0
020060109,156.0,70.0,226.0
020060110,113.0,32.0,145.0
020060111,196.0,57.0,253.0
020060112,194.0,96.0,290.0
020060201,323.0,64.0,387.0
020060202,267.0,66.0,333.0
020060203,178.0,65.0,243.0
020060204,193.0,54.0,247.0
020060205,179.0,47.0,226.0
020060206,266.0,76.0,342.0
020060207,246.0,100.0,346.0
020060208,293.0,75.0,368.0
020060209,215.0,37.0,252.0
020060210,260.0,74.0,334.0
020060211,407.0,101.0,508.0
020060301,252.0,115.0,367.0
020060302,231.0,72.0,303.0
020060303,262.0,87.0,349.0
020060304,197.0,46.0,243.0
020060305,192.0,67.0,259.0
020060306,276.0,80.0,356.0
020060307,265.0,104.0,369.0
020060308,228.0,76.0,304.0
020060309,365.0,85.0,450.0
020060310,295.0,98.0,393.0
020060401,151.0,57.0,208.0
020060402,182.0,45.0,227.0
020060403,263.0,76.0,339.0
020060404,238.0,81.0,319.0
020060405,237.0,51.0,288.0
020060406,239.0,81.0,320.0
020060407,183.0,59.0,242.0
020060408,274.0,95.0,369.0
020060409,242.0,79.0,321.0
020060410,262.0,76.0,338.0
020060411,277.0,67.0,344.0
020060501,255.0,127.0,382.0
020060502,333.0,120.0,453.0
020060503,259.0,113.0,372.0
020060504,217.0,76.0,293.0
020060505,307.0,85.0,392.0
020060506,233.0,70.0,303.0
020060507,245.0,89.0,334.0
020060508,161.0,44.0,205.0
020060509,184.0,53.0,237.0
020060510,312.0,95.0,407.0
020060511,336.0,80.0,416.0
020060512,116.0,42.0,158.0
020060601,407.0,139.0,546.0
020060602,663.0,128.0,791.0
020060603,366.0,142.0,508.0
020060604,161.0,65.0,226.0
020060605,162.0,39.0,201.0
020060606,258.0,75.0,333.0
020060607,253.0,97.0,350.0
020060608,313.0,95.0,408.0
020060609,276.0,80.0,356.0
020060701,206.0,74.0,280.0
020060702,257.0,86.0,343.0
020060703,205.0,73.0,278.0
020060704,270.0,102.0,372.0
020060705,279.0,80.0,359.0
020060706,162.0,97.0,259.0
020060707,313.0,84.0,397.0
020060708,223.0,84.0,307.0
020060709,272.0,48.0,320.0
020060710,253.0,73.0,326.0
020060711,210.0,75.0,285.0
020060712,229.0,57.0,286.0
020060713,182.0,54.0,236.0
020060801,269.0,83.0,352.0
020060802,390.0,67.0,457.0
020060803,199.0,61.0,260.0
020060804,227.0,73.0,300.0
020060805,186.0,65.0,251.0
020060806,415.0,117.0,532.0
020060807,223.0,94.0,317.0
020060808,414.0,94.0,508.0
020060809,185.0,76.0,261.0
020060810,246.0,88.0,334.0
020060901,202.0,95.0,297.0
020060902,195.0,65.0,260.0
020060903,207.0,85.0,292.0
020060904,322.0,108.0,430.0
020060905,106.0,64.0,170.0
020060906,287.0,93.0,380.0
020060907,179.0,65.0,244.0
020060908,150.0,46.0,196.0
020060909,274.0,88.0,362.0
020060910,255.0,69.0,324.0
020061001,202.0,101.0,303.0
020061002,196.0,92.0,288.0
020061003,288.0,95.0,383.0
020061004,224.0,113.0,337.0
020061005,310.0,151.0,461.0
020061006,328.0,127.0,455.0
020061007,234.0,101.0,335.0
020061008,404.0,164.0,568.0
020061009,178.0,68.0,246.0
020061010,341.0,122.0,463.0
020061101,331.0,98.0,429.0
020061102,195.0,47.0,242.0
020061103,288.0,80.0,368.0
020061104,308.0,35.0,343.0
020061105,193.0,56.0,249.0
020061106,218.0,89.0,307.0
020061107,240.0,110.0,350.0
020061108,266.0,103.0,369.0
020061109,214.0,74.0,288.0
020061110,171.0,69.0,240.0
020061201,197.0,59.0,256.0
020061202,146.0,82.0,228.0
020061203,203.0,85.0,288.0
020061204,131.0,62.0,193.0
020061205,269.0,114.0,383.0
020061206,179.0,64.0,243.0
020061207,244.0,105.0,349.0
020061208,255.0,48.0,303.0
020061209,266.0,96.0,362.0
020061210,182.0,54.0,236.0
020061211,262.0,109.0,371.0
020061212,140.0,68.0,208.0
020061301,231.0,76.0,307.0
020061302,438.0,148.0,586.0
020061303,225.0,77.0,302.0
020061304,392.0,105.0,497.0
020061305,272.0,88.0,360.0
020061306,189.0,78.0,267.0
020061307,291.0,78.0,369.0
020061308,400.0,97.0,497.0
020061309,321.0,105.0,426.0
020061401,298.0,84.0,382.0
020061402,190.0,60.0,250.0
020061403,257.0,125.0,382.0
020061404,378.0,153.0,531.0
020061405,318.0,89.0,407.0
020061406,393.0,91.0,484.0
020061407,181.0,56.0,237.0
020061408,176.0,42.0,218.0
020061409,254.0,54.0,308.0
020061410,319.0,73.0,392.0
020061501,211.0,73.0,284.0
020061502,582.0,187.0,769.0
020061503,275.0,83.0,358.0
020061504,226.0,44.0,270.0
020061505,256.0,64.0,320.0
020061506,234.0,49.0,283.0
020061507,260.0,74.0,334.0
020061508,343.0,102.0,445.0
020061509,183.0,44.0,227.0
020061510,258.0,47.0,305.0
020061601,210.0,73.0,283.0
020061602,221.0,63.0,284.0
020061603,315.0,78.0,393.0
020061604,229.0,81.0,310.0
020061605,305.0,88.0,393.0
020061606,337.0,78.0,415.0
020061607,316.0,72.0,388.0
020061608,461.0,99.0,560.0
020061609,324.0,94.0,418.0
020061610,397.0,102.0,499.0
020061611,291.0,99.0,390.0
020061701,287.0,129.0,416.0
020061702,298.0,121.0,419.0
020061703,233.0,76.0,309.0
020061704,261.0,99.0,360.0
020061705,567.0,272.0,839.0
020061706,370.0,137.0,507.0
020061707,209.0,68.0,277.0
020061801,203.0,60.0,263.0
020061802,191.0,65.0,256.0
020061803,213.0,100.0,313.0
020061804,243.0,66.0,309.0
020061805,278.0,112.0,390.0
020061806,352.0,101.0,453.0
020061807,367.0,159.0,526.0
020061808,374.0,138.0,512.0
020061809,278.0,117.0,395.0
020061901,290.0,95.0,385.0
020061902,483.0,158.0,641.0
020061903,451.0,152.0,603.0
020061904,346.0,107.0,453.0
020061905,225.0,79.0,304.0
020061906,345.0,94.0,439.0
020061907,325.0,119.0,444.0
020061908,325.0,106.0,431.0
020062001,167.0,47.0,214.0
020062002,188.0,69.0,257.0
020062003,343.0,103.0,446.0
020062004,190.0,66.0,256.0
020062005,290.0,94.0,384.0
020062006,289.0,89.0,378.0
020062007,202.0,52.0,254.0
020062008,374.0,109.0,483.0
020062009,242.0,75.0,317.0
020062010,280.0,105.0,385.0
020062101,210.0,83.0,293.0
020062102,339.0,110.0,449.0
020062103,342.0,106.0,448.0
020062104,184.0,78.0,262.0
020062105,259.0,71.0,330.0
020062106,172.0,59.0,231.0
020062107,264.0,112.0,376.0
020062108,385.0,76.0,461.0
020062109,236.0,58.0,294.0
020062110,263.0,105.0,368.0
020062111,288.0,99.0,387.0
020070101,130.0,90.0,220.0
020070102,177.0,128.0,305.0
020070103,196.0,118.0,314.0
020070104,137.0,113.0,250.0
020070105,83.0,88.0,171.0
020070106,145.0,119.0,264.0
020070107,92.0,92.0,184.0
020070108,180.0,138.0,318.0
020070109,121.0,164.0,285.0
020070110,268.0,145.0,413.0
020070201,208.0,81.0,289.0
020070202,267.0,103.0,370.0
020070203,201.0,96.0,297.0
020070204,426.0,224.0,650.0
020070205,212.0,144.0,356.0
020070206,242.0,153.0,395.0
020070207,141.0,95.0,236.0
020070208,160.0,130.0,290.0
020070209,250.0,137.0,387.0
020070301,203.0,95.0,298.0
020070302,277.0,104.0,381.0
020070303,318.0,154.0,472.0
020070304,272.0,119.0,391.0
020070305,235.0,74.0,309.0
020070306,232.0,104.0,336.0
020070307,333.0,113.0,446.0
020070308,206.0,101.0,307.0
020070309,178.0,92.0,270.0
020070310,305.0,120.0,425.0
020070401,297.0,233.0,530.0
020070402,269.0,65.0,334.0
020070403,342.0,105.0,447.0
020070404,456.0,104.0,560.0
020070405,272.0,125.0,397.0
020070406,327.0,109.0,436.0
020070407,346.0,124.0,470.0
020070408,322.0,74.0,396.0
020070409,165.0,58.0,223.0
020070410,297.0,67.0,364.0
020070501,251.0,90.0,341.0
020070502,182.0,60.0,242.0
020070503,234.0,94.0,328.0
020070504,317.0,140.0,457.0
020070505,362.0,100.0,462.0
020070506,204.0,65.0,269.0
020070507,195.0,74.0,269.0
020070508,184.0,160.0,344.0
020070509,268.0,177.0,445.0
020070601,255.0,117.0,372.0
020070602,210.0,88.0,298.0
020070603,149.0,89.0,238.0
020070604,178.0,123.0,301.0
020070605,232.0,176.0,408.0
020070606,250.0,144.0,394.0
020070607,267.0,112.0,379.0
020070608,126.0,59.0,185.0
020070609,181.0,108.0,289.0
020070701,159.0,86.0,245.0
020070702,128.0,74.0,202.0
020070703,297.0,112.0,409.0
020070704,140.0,115.0,255.0
020070705,137.0,132.0,269.0
020070706,249.0,115.0,364.0
020070707,168.0,77.0,245.0
020070708,144.0,75.0,219.0
020070709,225.0,180.0,405.0
020070710,279.0,76.0,355.0
020070711,174.0,108.0,282.0
020070801,194.0,124.0,318.0
020070802,237.0,116.0,353.0
020070803,161.0,86.0,247.0
020070804,261.0,96.0,357.0
020070805,262.0,128.0,390.0
020070806,270.0,100.0,370.0
020070807,198.0,120.0,318.0
020070808,234.0,133.0,367.0
020070901,188.0,68.0,256.0
020070902,187.0,89.0,276.0
020070903,149.0,77.0,226.0
020070904,279.0,136.0,415.0
020070905,146.0,51.0,197.0
020070906,267.0,83.0,350.0
020070907,208.0,121.0,329.0
020070908,261.0,134.0,395.0
020070909,184.0,111.0,295.0
020070910,207.0,99.0,306.0
020070911,160.0,101.0,261.0
020071001,217.0,86.0,303.0
020071002,122.0,62.0,184.0
020071003,182.0,72.0,254.0
020071004,204.0,91.0,295.0
020071005,198.0,42.0,240.0
020071006,240.0,110.0,350.0
020071007,224.0,115.0,339.0
020071008,317.0,110.0,427.0
020071009,204.0,103.0,307.0
020071010,252.0,77.0,329.0
020071101,203.0,112.0,315.0
020071102,266.0,136.0,402.0
020071103,238.0,127.0,365.0
020071104,289.0,91.0,380.0
020071105,182.0,47.0,229.0
020071106,214.0,53.0,267.0
020071107,370.0,126.0,496.0
020071108,321.0,125.0,446.0
020071109,288.0,78.0,366.0
020071110,185.0,64.0,249.0
020071201,309.0,113.0,422.0
020071202,143.0,73.0,216.0
020071203,191.0,87.0,278.0
020071204,242.0,77.0,319.0
020071205,212.0,85.0,297.0
020071206,218.0,84.0,302.0
020071207,156.0,62.0,218.0
020071208,142.0,71.0,213.0
020071209,197.0,93.0,290.0
020071301,194.0,125.0,319.0
020071302,202.0,92.0,294.0
020071303,302.0,113.0,415.0
020071304,167.0,49.0,216.0
020071305,257.0,72.0,329.0
020071306,212.0,53.0,265.0
020071307,142.0,59.0,201.0
020071308,137.0,57.0,194.0
020071309,137.0,29.0,166.0
020071310,152.0,40.0,192.0
020071311,215.0,38.0,253.0
020071312,174.0,48.0,222.0
020071313,140.0,56.0,196.0
020071314,183.0,36.0,219.0
020071315,132.0,53.0,185.0
020071401,223.0,89.0,312.0
020071402,188.0,110.0,298.0
020071403,183.0,73.0,256.0
020071404,176.0,82.0,258.0
020071405,216.0,79.0,295.0
020071406,284.0,94.0,378.0
020071407,198.0,74.0,272.0
020071408,202.0,96.0,298.0
020071409,178.0,110.0,288.0
020071410,171.0,61.0,232.0
020071411,227.0,93.0,320.0
020071412,234.0,104.0,338.0
020071413,155.0,96.0,251.0
020071501,107.0,117.0,224.0
020071502,188.0,167.0,355.0
020071503,199.0,115.0,314.0
020071504,154.0,78.0,232.0
020071505,154.0,79.0,233.0
020071506,189.0,145.0,334.0
020071507,165.0,120.0,285.0
020071508,167.0,125.0,292.0
020071509,240.0,156.0,396.0
020071510,175.0,146.0,321.0
020071511,206.0,159.0,365.0
020071601,189.0,59.0,248.0
020071602,169.0,83.0,252.0
020071603,191.0,72.0,263.0
020071604,165.0,75.0,240.0
020071605,179.0,94.0,273.0
020071606,227.0,122.0,349.0
020071607,181.0,138.0,319.0
020071608,200.0,150.0,350.0
020071609,177.0,153.0,330.0
020071701,147.0,275.0,422.0
020071702,57.0,407.0,464.0
020071703,65.0,322.0,387.0
020071704,69.0,383.0,452.0
020071705,47.0,199.0,246.0
020071706,80.0,280.0,360.0
020071707,118.0,558.0,676.0
020071708,46.0,273.0,319.0
020071709,55.0,515.0,570.0
020071710,113.0,344.0,457.0
020071711,38.0,135.0,173.0
020071801,53.0,317.0,370.0
020071802,16.0,95.0,111.0
020071803,46.0,231.0,277.0
020071804,40.0,185.0,225.0
020071805,55.0,215.0,270.0
020071806,83.0,376.0,459.0
020071807,149.0,133.0,282.0
020071808,128.0,118.0,246.0
020071809,63.0,267.0,330.0
020071810,61.0,328.0,389.0
020071811,68.0,306.0,374.0
020071901,97.0,168.0,265.0
020071902,188.0,300.0,488.0
020071903,110.0,241.0,351.0
020071904,120.0,326.0,446.0
020071905,129.0,254.0,383.0
020071906,229.0,209.0,438.0
020072001,267.0,113.0,380.0
020072002,135.0,57.0,192.0
020072003,182.0,76.0,258.0
020072004,111.0,77.0,188.0
020072005,190.0,88.0,278.0
020072006,193.0,89.0,282.0
020072007,168.0,110.0,278.0
020072008,271.0,168.0,439.0
020072009,164.0,137.0,301.0
020072010,176.0,187.0,363.0
020072011,214.0,144.0,358.0
020072012,125.0,97.0,222.0
020072013,372.0,201.0,573.0
020072101,306.0,117.0,423.0
020072102,353.0,113.0,466.0
020072103,307.0,126.0,433.0
020072104,181.0,59.0,240.0
020072105,192.0,57.0,249.0
020072106,338.0,85.0,423.0
020072107,218.0,85.0,303.0
020072108,126.0,49.0,175.0
020072109,207.0,100.0,307.0
020072110,281.0,95.0,376.0
020072111,233.0,106.0,339.0
020072112,237.0,75.0,312.0
020072201,207.0,90.0,297.0
020072202,294.0,70.0,364.0
020072203,261.0,100.0,361.0
020072204,294.0,84.0,378.0
020072205,305.0,81.0,386.0
020072206,276.0,89.0,365.0
020072207,161.0,60.0,221.0
020072208,177.0,58.0,235.0
020072209,168.0,56.0,224.0
020072210,185.0,83.0,268.0
020072211,212.0,74.0,286.0
020072212,170.0,86.0,256.0
020072213,223.0,66.0,289.0
020072301,223.0,80.0,303.0
020072302,312.0,76.0,388.0
020072303,239.0,79.0,318.0
020072304,190.0,82.0,272.0
020072305,211.0,79.0,290.0
020072306,200.0,74.0,274.0
020072307,233.0,80.0,313.0
020072308,229.0,89.0,318.0
020072309,205.0,83.0,288.0
020072401,229.0,116.0,345.0
020072402,195.0,121.0,316.0
020072403,271.0,113.0,384.0
020072404,256.0,122.0,378.0
020072405,229.0,115.0,344.0
020072406,263.0,108.0,371.0
020072407,182.0,104.0,286.0
020072408,205.0,126.0,331.0
020072409,228.0,113.0,341.0
020072410,223.0,100.0,323.0
020072411,234.0,135.0,369.0
020080101,113.0,210.0,323.0
020080102,131.0,377.0,508.0
020080103,73.0,270.0,343.0
020080104,82.0,380.0,462.0
020080105,142.0,297.0,439.0
020080106,143.0,477.0,620.0
020080107,45.0,353.0,398.0
020080108,111.0,256.0,367.0
020080109,132.0,654.0,786.0
020080110,114.0,308.0,422.0
020080111,45.0,132.0,177.0
020080112,151.0,844.0,995.0
020080201,187.0,199.0,386.0
020080202,96.0,72.0,168.0
020080203,74.0,87.0,161.0
020080204,116.0,133.0,249.0
020080205,73.0,100.0,173.0
020080206,118.0,130.0,248.0
020080207,214.0,190.0,404.0
020080208,139.0,167.0,306.0
020080209,167.0,104.0,271.0
020080210,109.0,78.0,187.0
020080301,137.0,187.0,324.0
020080302,137.0,116.0,253.0
020080303,90.0,97.0,187.0
020080304,135.0,114.0,249.0
020080305,156.0,81.0,237.0
020080306,83.0,58.0,141.0
020080307,135.0,110.0,245.0
020080308,69.0,445.0,514.0
020080309,160.0,401.0,561.0
020080310,131.0,335.0,466.0
020080401,141.0,143.0,284.0
020080402,120.0,94.0,214.0
020080403,128.0,92.0,220.0
020080404,118.0,105.0,223.0
020080405,197.0,135.0,332.0
020080406,198.0,152.0,350.0
020080407,151.0,124.0,275.0
020080408,150.0,128.0,278.0
020080409,167.0,91.0,258.0
020080410,190.0,116.0,306.0
020080411,164.0,88.0,252.0
020080501,171.0,106.0,277.0
020080502,143.0,119.0,262.0
020080503,136.0,131.0,267.0
020080504,160.0,129.0,289.0
020080505,104.0,97.0,201.0
020080506,159.0,123.0,282.0
020080507,175.0,159.0,334.0
020080508,144.0,110.0,254.0
020080509,203.0,95.0,298.0
020080510,285.0,126.0,411.0
020080511,216.0,103.0,319.0
020080601,203.0,99.0,302.0
020080602,270.0,127.0,397.0
020080603,280.0,121.0,401.0
020080604,145.0,88.0,233.0
020080605,190.0,130.0,320.0
020080606,156.0,161.0,317.0
020080607,103.0,101.0,204.0
020080608,157.0,84.0,241.0
020080609,167.0,117.0,284.0
020080610,114.0,101.0,215.0
020080611,76.0,123.0,199.0
020080701,136.0,219.0,355.0
020080702,132.0,324.0,456.0
020080703,128.0,353.0,481.0
020080704,89.0,337.0,426.0
020080705,76.0,431.0,507.0
020080706,62.0,311.0,373.0
020080707,90.0,526.0,616.0
020080708,86.0,353.0,439.0
020080709,140.0,624.0,764.0
020080710,65.0,206.0,271.0
020080711,122.0,279.0,401.0
020080712,183.0,207.0,390.0
020080713,118.0,258.0,376.0
020080714,35.0,505.0,540.0
020080801,162.0,117.0,279.0
020080802,194.0,114.0,308.0
020080803,144.0,91.0,235.0
020080804,200.0,99.0,299.0
020080805,124.0,116.0,240.0
020080806,192.0,128.0,320.0
020080807,210.0,97.0,307.0
020080808,148.0,58.0,206.0
020080809,143.0,89.0,232.0
020080810,176.0,112.0,288.0
020080811,199.0,139.0,338.0
020080901,151.0,120.0,271.0
020080902,184.0,114.0,298.0
020080903,210.0,141.0,351.0
020080904,115.0,71.0,186.0
020080905,238.0,146.0,384.0
020080906,155.0,138.0,293.0
020080907,157.0,103.0,260.0
020080908,152.0,106.0,258.0
020080909,187.0,127.0,314.0
020081001,180.0,98.0,278.0
020081002,138.0,98.0,236.0
020081003,221.0,159.0,380.0
020081004,458.0,261.0,719.0
020081005,470.0,371.0,841.0
020081006,335.0,243.0,578.0
020081007,328.0,213.0,541.0
020081008,150.0,168.0,318.0
020081101,536.0,373.0,909.0
020081102,424.0,292.0,716.0
020081103,630.0,426.0,1056.0
020081104,416.0,227.0,643.0
020081105,222.0,227.0,449.0
020081201,180.0,125.0,305.0
020081202,243.0,113.0,356.0
020081203,190.0,140.0,330.0
020081204,160.0,141.0,301.0
020081205,223.0,118.0,341.0
020081206,165.0,84.0,249.0
020081207,158.0,120.0,278.0
020081301,1.0,4.0,5.0
020081302,61.0,56.0,117.0
020081303,159.0,151.0,310.0
020081304,152.0,179.0,331.0
020081305,156.0,159.0,315.0
020081306,118.0,102.0,220.0
020081307,126.0,126.0,252.0
020081308,148.0,149.0,297.0
020081401,109.0,342.0,451.0
020081402,102.0,262.0,364.0
020081403,195.0,317.0,512.0
020081404,155.0,536.0,691.0
020081405,169.0,212.0,381.0
020081406,121.0,127.0,248.0
020081407,152.0,145.0,297.0
020081408,143.0,116.0,259.0
020081409,153.0,181.0,334.0
020081410,136.0,174.0,310.0
020081501,113.0,620.0,733.0
020081502,122.0,504.0,626.0
020081503,176.0,468.0,644.0
020081504,65.0,157.0,222.0
020081505,224.0,633.0,857.0
020081506,75.0,153.0,228.0
020081507,79.0,173.0,252.0
020081508,84.0,262.0,346.0
020081509,163.0,343.0,506.0
020081510,182.0,203.0,385.0
020081601,137.0,161.0,298.0
020081602,78.0,104.0,182.0
020081603,132.0,157.0,289.0
020081604,115.0,150.0,265.0
020081605,146.0,148.0,294.0
020081606,114.0,153.0,267.0
020081607,143.0,131.0,274.0
020081608,118.0,118.0,236.0
020081609,140.0,136.0,276.0
020081610,148.0,128.0,276.0
020081701,154.0,69.0,223.0
020081702,144.0,77.0,221.0
020081703,184.0,143.0,327.0
020081704,199.0,91.0,290.0
020081705,121.0,52.0,173.0
020090101,126.0,80.0,206.0
020090102,123.0,61.0,184.0
020090103,161.0,100.0,261.0
020090104,164.0,104.0,268.0
020090105,166.0,128.0,294.0
020090106,152.0,136.0,288.0
020090107,160.0,97.0,257.0
020090108,161.0,108.0,269.0
020090109,211.0,132.0,343.0
020090201,223.0,126.0,349.0
020090202,197.0,104.0,301.0
020090203,220.0,109.0,329.0
020090204,296.0,118.0,414.0
020090205,309.0,119.0,428.0
020090206,168.0,87.0,255.0
020090207,228.0,72.0,300.0
020090208,172.0,73.0,245.0
020090209,268.0,90.0,358.0
020090210,219.0,86.0,305.0
020090211,213.0,127.0,340.0
020090212,142.0,81.0,223.0
020090301,103.0,157.0,260.0
020090302,139.0,112.0,251.0
020090303,141.0,98.0,239.0
020090304,172.0,68.0,240.0
020090305,159.0,112.0,271.0
020090306,198.0,100.0,298.0
020090307,207.0,109.0,316.0
020090308,199.0,80.0,279.0
020090309,173.0,84.0,257.0
020090310,213.0,70.0,283.0
020090311,200.0,94.0,294.0
020090312,152.0,61.0,213.0
020090313,169.0,143.0,312.0
020090401,226.0,135.0,361.0
020090402,202.0,122.0,324.0
020090403,222.0,120.0,342.0
020090404,205.0,124.0,329.0
020090405,232.0,122.0,354.0
020090406,151.0,100.0,251.0
020090407,160.0,110.0,270.0
020090408,179.0,90.0,269.0
020090409,171.0,84.0,255.0
020090410,203.0,87.0,290.0
020090411,226.0,115.0,341.0
020090501,205.0,104.0,309.0
020090502,208.0,114.0,322.0
020090503,170.0,91.0,261.0
020090504,189.0,113.0,302.0
020090505,256.0,128.0,384.0
020090506,203.0,111.0,314.0
020090507,203.0,111.0,314.0
020090508,204.0,88.0,292.0
020090509,209.0,121.0,330.0
020090510,216.0,101.0,317.0
020090511,202.0,114.0,316.0
020090601,268.0,138.0,406.0
020090602,183.0,76.0,259.0
020090603,190.0,180.0,370.0
020090604,204.0,137.0,341.0
020090605,274.0,136.0,410.0
020090606,153.0,106.0,259.0
020090607,249.0,124.0,373.0
020090608,178.0,102.0,280.0
020090609,290.0,79.0,369.0
020090610,193.0,150.0,343.0
020090611,181.0,126.0,307.0
020090612,187.0,96.0,283.0
020090701,178.0,91.0,269.0
020090702,202.0,98.0,300.0
020090703,142.0,78.0,220.0
020090704,179.0,63.0,242.0
020090705,177.0,80.0,257.0
020090706,197.0,110.0,307.0
020090707,159.0,73.0,232.0
020090708,169.0,106.0,275.0
020090709,203.0,110.0,313.0
020090710,144.0,100.0,244.0
020090711,165.0,113.0,278.0
020090712,205.0,110.0,315.0
020090713,207.0,116.0,323.0
020090714,189.0,108.0,297.0
020090801,185.0,102.0,287.0
020090802,193.0,101.0,294.0
020090803,200.0,93.0,293.0
020090804,192.0,94.0,286.0
020090805,193.0,135.0,328.0
020090806,204.0,144.0,348.0
020090807,191.0,137.0,328.0
020090808,206.0,127.0,333.0
020090809,153.0,95.0,248.0
020090810,171.0,152.0,323.0
020090811,180.0,143.0,323.0
020090812,197.0,134.0,331.0
020090813,127.0,78.0,205.0
020090901,173.0,109.0,282.0
020090902,155.0,112.0,267.0
020090903,241.0,154.0,395.0
020090904,117.0,89.0,206.0
020090905,155.0,105.0,260.0
020090906,203.0,100.0,303.0
020090907,235.0,124.0,359.0
020090908,113.0,92.0,205.0
020090909,148.0,108.0,256.0
020090910,180.0,104.0,284.0
020090911,159.0,116.0,275.0
020090912,148.0,77.0,225.0
020090913,127.0,81.0,208.0
020090914,231.0,79.0,310.0
020091001,182.0,116.0,298.0
020091002,219.0,117.0,336.0
020091003,208.0,120.0,328.0
020091004,146.0,91.0,237.0
020091005,240.0,102.0,342.0
020091006,183.0,97.0,280.0
020091007,147.0,101.0,248.0
020091008,225.0,97.0,322.0
020091009,113.0,57.0,170.0
020091010,194.0,110.0,304.0
020091011,155.0,89.0,244.0
020091012,125.0,99.0,224.0
020091101,288.0,141.0,429.0
020091102,241.0,112.0,353.0
020091103,182.0,108.0,290.0
020091104,237.0,130.0,367.0
020091105,284.0,110.0,394.0
020091106,217.0,109.0,326.0
020091107,234.0,148.0,382.0
020091108,202.0,109.0,311.0
020091109,204.0,109.0,313.0
020091110,210.0,96.0,306.0
020091111,207.0,121.0,328.0
020091112,241.0,167.0,408.0
020091201,196.0,141.0,337.0
020091202,107.0,84.0,191.0
020091203,185.0,98.0,283.0
020091204,186.0,110.0,296.0
020091205,179.0,110.0,289.0
020091206,193.0,144.0,337.0
020091207,159.0,90.0,249.0
020091208,200.0,119.0,319.0
020091209,188.0,104.0,292.0
020091210,220.0,122.0,342.0
020091211,176.0,131.0,307.0
020091212,122.0,107.0,229.0
020091301,186.0,128.0,314.0
020091302,228.0,175.0,403.0
020091303,233.0,168.0,401.0
020091304,158.0,91.0,249.0
020091305,158.0,141.0,299.0
020091306,171.0,129.0,300.0
020091307,189.0,166.0,355.0
020091401,223.0,164.0,387.0
020091402,184.0,120.0,304.0
020091403,129.0,133.0,262.0
020091404,100.0,148.0,248.0
020091405,134.0,314.0,448.0
020091406,198.0,439.0,637.0
020091407,111.0,226.0,337.0
020091408,126.0,292.0,418.0
020091409,124.0,124.0,248.0
020091410,138.0,335.0,473.0
020091501,110.0,104.0,214.0
020091502,155.0,132.0,287.0
020091503,172.0,118.0,290.0
020091504,162.0,109.0,271.0
020091505,180.0,137.0,317.0
020091506,213.0,122.0,335.0
020091507,193.0,154.0,347.0
020091508,163.0,118.0,281.0
020091509,140.0,153.0,293.0
020091510,119.0,107.0,226.0
020091511,179.0,131.0,310.0
020091601,173.0,136.0,309.0
020091602,174.0,140.0,314.0
020091603,104.0,122.0,226.0
020091604,129.0,114.0,243.0
020091605,160.0,120.0,280.0
020091606,203.0,123.0,326.0
020091607,179.0,156.0,335.0
020091608,173.0,126.0,299.0
020091609,205.0,134.0,339.0
020091610,171.0,126.0,297.0
020091611,127.0,120.0,247.0
020091612,141.0,117.0,258.0
020091613,137.0,158.0,295.0
020100101,162.0,88.0,250.0
020100102,224.0,129.0,353.0
020100103,239.0,102.0,341.0
020100104,199.0,95.0,294.0
020100105,155.0,103.0,258.0
020100106,195.0,113.0,308.0
020100107,183.0,73.0,256.0
020100108,246.0,107.0,353.0
020100201,234.0,119.0,353.0
020100202,178.0,79.0,257.0
020100203,167.0,77.0,244.0
020100204,209.0,94.0,303.0
020100205,201.0,95.0,296.0
020100206,299.0,92.0,391.0
020100207,233.0,107.0,340.0
020100208,229.0,87.0,316.0
020100301,160.0,62.0,222.0
020100302,197.0,93.0,290.0
020100303,222.0,71.0,293.0
020100304,161.0,57.0,218.0
020100305,192.0,91.0,283.0
020100306,170.0,107.0,277.0
020100307,247.0,95.0,342.0
020100308,239.0,105.0,344.0
020100401,289.0,80.0,369.0
020100402,310.0,91.0,401.0
020100403,209.0,91.0,300.0
020100404,207.0,80.0,287.0
020100405,198.0,87.0,285.0
020100406,173.0,61.0,234.0
020100407,211.0,90.0,301.0
020100408,186.0,78.0,264.0
020100409,196.0,108.0,304.0
020100501,162.0,81.0,243.0
020100502,181.0,111.0,292.0
020100503,244.0,109.0,353.0
020100504,204.0,119.0,323.0
020100505,195.0,104.0,299.0
020100506,221.0,118.0,339.0
020100507,188.0,118.0,306.0
020100508,236.0,121.0,357.0
020100509,172.0,91.0,263.0
020100510,195.0,101.0,296.0
020100511,174.0,73.0,247.0
020100512,186.0,79.0,265.0
020100513,195.0,93.0,288.0
020100514,176.0,93.0,269.0
020100601,154.0,77.0,231.0
020100602,162.0,85.0,247.0
020100603,257.0,131.0,388.0
020100604,217.0,102.0,319.0
020100605,243.0,110.0,353.0
020100606,214.0,84.0,298.0
020100607,208.0,76.0,284.0
020100608,241.0,98.0,339.0
020100609,247.0,110.0,357.0
020100610,264.0,154.0,418.0
020100611,197.0,83.0,280.0
020100612,186.0,79.0,265.0
020100613,256.0,139.0,395.0
020100701,264.0,116.0,380.0
020100702,309.0,98.0,407.0
020100703,301.0,169.0,470.0
020100704,296.0,137.0,433.0
020100705,210.0,154.0,364.0
020100706,232.0,110.0,342.0
020100707,409.0,106.0,515.0
020100708,271.0,113.0,384.0
020100709,243.0,96.0,339.0
020100710,280.0,121.0,401.0
020100801,297.0,108.0,405.0
020100802,274.0,151.0,425.0
020100803,192.0,127.0,319.0
020100804,249.0,118.0,367.0
020100805,207.0,95.0,302.0
020100806,210.0,80.0,290.0
020100807,317.0,107.0,424.0
020100808,288.0,118.0,406.0
020100809,174.0,90.0,264.0
020100901,216.0,113.0,329.0
020100902,216.0,105.0,321.0
020100903,210.0,93.0,303.0
020100904,204.0,105.0,309.0
020100905,213.0,89.0,302.0
020100906,223.0,118.0,341.0
020100907,222.0,90.0,312.0
020100908,173.0,86.0,259.0
020100909,184.0,66.0,250.0
020100910,192.0,86.0,278.0
020101001,179.0,101.0,280.0
020101002,251.0,99.0,350.0
020101003,245.0,72.0,317.0
020101004,204.0,79.0,283.0
020101005,223.0,89.0,312.0
020101006,242.0,72.0,314.0
020101007,218.0,90.0,308.0
020101008,169.0,85.0,254.0
020101009,220.0,130.0,350.0
020101010,179.0,82.0,261.0
020101011,191.0,113.0,304.0
020101012,209.0,137.0,346.0
020101101,208.0,101.0,309.0
020101102,278.0,155.0,433.0
020101103,225.0,129.0,354.0
020101104,231.0,158.0,389.0
020101105,198.0,103.0,301.0
020101106,100.0,82.0,182.0
020101107,224.0,151.0,375.0
020101108,214.0,128.0,342.0
020101109,240.0,139.0,379.0
020101110,189.0,105.0,294.0
020101111,143.0,108.0,251.0
020101201,255.0,88.0,343.0
020101202,263.0,105.0,368.0
020101203,163.0,133.0,296.0
020101204,124.0,117.0,241.0
020101205,98.0,87.0,185.0
020101206,131.0,82.0,213.0
020101207,150.0,88.0,238.0
020101208,211.0,100.0,311.0
020101209,205.0,101.0,306.0
020101210,155.0,90.0,245.0
020101301,158.0,68.0,226.0
020101302,172.0,83.0,255.0
020101303,159.0,102.0,261.0
020101304,162.0,86.0,248.0
020101305,217.0,97.0,314.0
020101306,191.0,86.0,277.0
020101307,164.0,89.0,253.0
020101308,214.0,76.0,290.0
020101309,191.0,90.0,281.0
020101310,151.0,78.0,229.0
020101311,198.0,89.0,287.0
020101312,181.0,86.0,267.0
020101401,214.0,120.0,334.0
020101402,217.0,98.0,315.0
020101403,191.0,131.0,322.0
020101404,223.0,72.0,295.0
020101405,196.0,66.0,262.0
020101406,152.0,53.0,205.0
020101407,212.0,79.0,291.0
020101408,168.0,84.0,252.0
020101409,244.0,92.0,336.0
020101410,230.0,111.0,341.0
020101411,161.0,97.0,258.0
020101501,150.0,110.0,260.0
020101502,230.0,117.0,347.0
020101503,134.0,68.0,202.0
020101504,163.0,83.0,246.0
020101505,207.0,91.0,298.0
020101506,157.0,91.0,248.0
020101507,139.0,84.0,223.0
020101508,236.0,135.0,371.0
020101509,334.0,122.0,456.0
020101601,185.0,81.0,266.0
020101602,257.0,151.0,408.0
020101603,169.0,113.0,282.0
020101604,259.0,85.0,344.0
020101605,273.0,114.0,387.0
020101606,246.0,109.0,355.0
020101607,190.0,99.0,289.0
020101608,200.0,111.0,311.0
020101609,211.0,126.0,337.0
020101701,214.0,99.0,313.0
020101702,240.0,132.0,372.0
020101703,234.0,125.0,359.0
020101704,315.0,63.0,378.0
020101705,253.0,112.0,365.0
020101706,213.0,93.0,306.0
020101707,193.0,95.0,288.0
020101708,177.0,69.0,246.0
020101709,167.0,72.0,239.0
020101710,199.0,69.0,268.0
020101801,198.0,80.0,278.0
020101802,178.0,92.0,270.0
020101803,205.0,129.0,334.0
020101804,261.0,133.0,394.0
020101805,179.0,95.0,274.0
020101806,169.0,110.0,279.0
020101807,201.0,162.0,363.0
020101808,139.0,44.0,183.0
020101809,343.0,115.0,458.0
020101810,120.0,70.0,190.0
020101811,147.0,77.0,224.0
020101812,218.0,79.0,297.0
020101901,140.0,120.0,260.0
020101902,234.0,194.0,428.0
020101903,194.0,157.0,351.0
020101904,206.0,131.0,337.0
020101905,237.0,108.0,345.0
020101906,179.0,163.0,342.0
020101907,215.0,113.0,328.0
020101908,133.0,82.0,215.0
020101909,172.0,102.0,274.0
020101910,223.0,167.0,390.0
020101911,233.0,109.0,342.0
020101912,304.0,125.0,429.0
020110101,236.0,88.0,324.0
020110102,247.0,92.0,339.0
020110103,167.0,80.0,247.0
020110104,239.0,77.0,316.0
020110105,160.0,61.0,221.0
020110106,198.0,80.0,278.0
020110107,181.0,71.0,252.0
020110108,204.0,91.0,295.0
020110109,226.0,78.0,304.0
020110110,242.0,98.0,340.0
020110111,301.0,101.0,402.0
020110112,205.0,61.0,266.0
020110201,220.0,66.0,286.0
020110202,275.0,86.0,361.0
020110203,210.0,76.0,286.0
020110204,173.0,50.0,223.0
020110205,306.0,83.0,389.0
020110206,283.0,74.0,357.0
020110207,262.0,50.0,312.0
020110208,230.0,72.0,302.0
020110209,183.0,55.0,238.0
020110210,294.0,54.0,348.0
020110211,260.0,68.0,328.0
020110301,201.0,63.0,264.0
020110302,241.0,51.0,292.0
020110303,183.0,57.0,240.0
020110304,166.0,44.0,210.0
020110305,182.0,51.0,233.0
020110306,218.0,68.0,286.0
020110307,227.0,56.0,283.0
020110308,225.0,74.0,299.0
020110309,225.0,73.0,298.0
020110310,248.0,69.0,317.0
020110311,192.0,61.0,253.0
020110312,220.0,62.0,282.0
020110401,221.0,63.0,284.0
020110402,236.0,61.0,297.0
020110403,173.0,48.0,221.0
020110404,246.0,49.0,295.0
020110405,237.0,71.0,308.0
020110406,179.0,62.0,241.0
020110407,216.0,63.0,279.0
020110408,220.0,62.0,282.0
020110409,240.0,69.0,309.0
020110410,194.0,87.0,281.0
020110411,235.0,78.0,313.0
020110412,264.0,88.0,352.0
020110413,234.0,93.0,327.0
020110501,173.0,69.0,242.0
020110502,238.0,77.0,315.0
020110503,257.0,96.0,353.0
020110504,177.0,75.0,252.0
020110505,230.0,109.0,339.0
020110506,221.0,98.0,319.0
020110507,209.0,71.0,280.0
020110508,208.0,99.0,307.0
020110509,201.0,91.0,292.0
020110510,224.0,110.0,334.0
020110601,220.0,97.0,317.0
020110602,261.0,89.0,350.0
020110603,240.0,107.0,347.0
020110604,243.0,90.0,333.0
020110605,194.0,110.0,304.0
020110606,204.0,102.0,306.0
020110607,219.0,89.0,308.0
020110608,186.0,98.0,284.0
020110609,188.0,114.0,302.0
020110610,175.0,96.0,271.0
020110611,197.0,116.0,313.0
020110701,94.0,77.0,171.0
020110702,222.0,105.0,327.0
020110703,218.0,79.0,297.0
020110704,235.0,90.0,325.0
020110705,236.0,113.0,349.0
020110706,218.0,73.0,291.0
020110707,212.0,61.0,273.0
020110708,176.0,73.0,249.0
020110709,209.0,87.0,296.0
020110710,217.0,75.0,292.0
020110711,215.0,108.0,323.0
020110712,188.0,118.0,306.0
020110801,265.0,82.0,347.0
020110802,240.0,97.0,337.0
020110803,149.0,61.0,210.0
020110804,214.0,115.0,329.0
020110805,193.0,72.0,265.0
020110806,294.0,85.0,379.0
020110807,255.0,89.0,344.0
020110808,271.0,84.0,355.0
020110809,267.0,98.0,365.0
020110901,244.0,71.0,315.0
020110902,247.0,65.0,312.0
020110903,305.0,74.0,379.0
020110904,195.0,59.0,254.0
020110905,219.0,89.0,308.0
020110906,181.0,67.0,248.0
020110907,229.0,82.0,311.0
020110908,266.0,64.0,330.0
020110909,171.0,75.0,246.0
020110910,256.0,96.0,352.0
020110911,174.0,84.0,258.0
020110912,189.0,108.0,297.0
020111001,227.0,88.0,315.0
020111002,284.0,100.0,384.0
020111003,228.0,89.0,317.0
020111004,290.0,74.0,364.0
020111005,280.0,106.0,386.0
020111006,327.0,131.0,458.0
020111007,307.0,93.0,400.0
020111008,235.0,83.0,318.0
020111009,256.0,63.0,319.0
020111010,201.0,80.0,281.0
020111101,213.0,80.0,293.0
020111102,231.0,77.0,308.0
020111103,244.0,81.0,325.0
020111104,71.0,31.0,102.0
020111105,246.0,89.0,335.0
020111106,269.0,126.0,395.0
020111107,221.0,84.0,305.0
020111108,199.0,116.0,315.0
020111109,203.0,93.0,296.0
020111201,169.0,64.0,233.0
020111202,167.0,68.0,235.0
020111203,262.0,98.0,360.0
020111204,189.0,83.0,272.0
020111205,189.0,56.0,245.0
020111206,235.0,85.0,320.0
020111207,181.0,75.0,256.0
020111208,189.0,83.0,272.0
020111209,161.0,78.0,239.0
020111210,165.0,95.0,260.0
020111301,242.0,104.0,346.0
020111302,252.0,135.0,387.0
020111303,207.0,114.0,321.0
020111304,230.0,115.0,345.0
020111305,244.0,149.0,393.0
020111306,266.0,107.0,373.0
020111307,209.0,90.0,299.0
020111308,200.0,81.0,281.0
020111309,273.0,97.0,370.0
020111310,163.0,87.0,250.0
020111311,239.0,97.0,336.0
020111401,252.0,112.0,364.0
020111402,227.0,105.0,332.0
020111403,258.0,107.0,365.0
020111404,196.0,83.0,279.0
020111405,243.0,85.0,328.0
020111406,277.0,132.0,409.0
020111407,475.0,221.0,696.0
020111501,251.0,97.0,348.0
020111502,238.0,86.0,324.0
020111503,232.0,136.0,368.0
020111504,259.0,96.0,355.0
020111505,238.0,90.0,328.0
020111506,237.0,76.0,313.0
020111507,201.0,78.0,279.0
020111508,239.0,133.0,372.0
020111509,225.0,112.0,337.0
020111510,242.0,88.0,330.0
020111511,286.0,143.0,429.0
020111601,237.0,82.0,319.0
020111602,256.0,103.0,359.0
020111603,190.0,77.0,267.0
020111604,180.0,72.0,252.0
020111605,195.0,93.0,288.0
020111606,258.0,75.0,333.0
020111607,231.0,119.0,350.0
020111608,267.0,126.0,393.0
020111609,178.0,78.0,256.0
020111610,162.0,73.0,235.0
020111701,188.0,102.0,290.0
020111702,200.0,86.0,286.0
020111703,237.0,99.0,336.0
020111704,234.0,90.0,324.0
020111705,209.0,86.0,295.0
020111706,290.0,117.0,407.0
020111707,234.0,94.0,328.0
020111708,203.0,118.0,321.0
020111801,209.0,70.0,279.0
020111802,225.0,78.0,303.0
020111803,229.0,81.0,310.0
020111804,235.0,132.0,367.0
020111805,216.0,102.0,318.0
020111806,415.0,106.0,521.0
020111807,216.0,106.0,322.0
020111808,221.0,125.0,346.0
020111809,210.0,94.0,304.0
020111901,152.0,68.0,220.0
020111902,245.0,77.0,322.0
020111903,204.0,75.0,279.0
020111904,241.0,94.0,335.0
020111905,208.0,97.0,305.0
020111906,243.0,98.0,341.0
020111907,223.0,96.0,319.0
020111908,193.0,108.0,301.0
020111909,214.0,129.0,343.0
020112001,248.0,107.0,355.0
020112002,223.0,93.0,316.0
020112003,251.0,136.0,387.0
020112004,232.0,71.0,303.0
020112005,234.0,94.0,328.0
020112006,171.0,96.0,267.0
020112007,161.0,71.0,232.0
020112008,127.0,60.0,187.0
020112009,224.0,35.0,259.0
020112010,208.0,84.0,292.0
020112011,174.0,78.0,252.0
020112101,206.0,116.0,322.0
020112102,180.0,89.0,269.0
020112103,271.0,152.0,423.0
020112104,226.0,91.0,317.0
020112105,268.0,122.0,390.0
020112106,255.0,127.0,382.0
020112107,191.0,79.0,270.0
020112108,176.0,79.0,255.0
020112109,186.0,32.0,218.0
020112110,202.0,89.0,291.0
020112111,263.0,111.0,374.0
020112201,233.0,110.0,343.0
020112202,221.0,135.0,356.0
020112203,247.0,113.0,360.0
020112204,167.0,98.0,265.0
020112205,227.0,80.0,307.0
020112206,282.0,125.0,407.0
020112207,234.0,111.0,345.0
020112208,189.0,80.0,269.0
020112209,191.0,78.0,269.0
020112210,213.0,93.0,306.0
020112211,178.0,70.0,248.0
020120101,134.0,57.0,191.0
020120102,164.0,32.0,196.0
020120103,144.0,43.0,187.0
020120104,235.0,78.0,313.0
020120105,154.0,61.0,215.0
020120106,198.0,88.0,286.0
020120107,263.0,97.0,360.0
020120108,140.0,42.0,182.0
020120109,236.0,119.0,355.0
020120110,250.0,111.0,361.0
020120111,266.0,108.0,374.0
020120201,265.0,106.0,371.0
020120202,208.0,108.0,316.0
020120203,253.0,140.0,393.0
020120204,270.0,109.0,379.0
020120205,303.0,98.0,401.0
020120206,236.0,107.0,343.0
020120207,226.0,93.0,319.0
020120208,261.0,84.0,345.0
020120301,69.0,35.0,104.0
020120302,159.0,90.0,249.0
020120303,197.0,73.0,270.0
020120304,191.0,76.0,267.0
020120305,196.0,96.0,292.0
020120306,231.0,215.0,446.0
020120307,287.0,91.0,378.0
020120308,164.0,89.0,253.0
020120309,178.0,44.0,222.0
020120310,242.0,63.0,305.0
020120311,210.0,79.0,289.0
020120401,197.0,80.0,277.0
020120402,207.0,80.0,287.0
020120403,328.0,90.0,418.0
020120404,232.0,63.0,295.0
020120405,185.0,64.0,249.0
020120406,214.0,83.0,297.0
020120407,344.0,155.0,499.0
020120408,212.0,74.0,286.0
020120409,159.0,65.0,224.0
020120410,170.0,73.0,243.0
020120501,174.0,37.0,211.0
020120502,193.0,90.0,283.0
020120503,480.0,63.0,543.0
020120504,218.0,59.0,277.0
020120505,261.0,87.0,348.0
020120506,237.0,64.0,301.0
020120507,262.0,65.0,327.0
020120508,336.0,85.0,421.0
020120509,251.0,60.0,311.0
020120510,207.0,77.0,284.0
020120511,238.0,93.0,331.0
020120601,225.0,95.0,320.0
020120602,265.0,88.0,353.0
020120603,200.0,57.0,257.0
020120604,260.0,89.0,349.0
020120605,300.0,86.0,386.0
020120606,303.0,77.0,380.0
020120607,237.0,95.0,332.0
020120608,218.0,69.0,287.0
020120609,229.0,73.0,302.0
020120610,239.0,77.0,316.0
020120701,244.0,74.0,318.0
020120702,240.0,69.0,309.0
020120703,251.0,74.0,325.0
020120704,270.0,88.0,358.0
020120705,220.0,69.0,289.0
020120706,258.0,89.0,347.0
020120707,241.0,60.0,301.0
020120708,266.0,99.0,365.0
020120709,450.0,107.0,557.0
020120710,363.0,113.0,476.0
020120801,444.0,104.0,548.0
020120802,216.0,57.0,273.0
020120803,261.0,64.0,325.0
020120804,203.0,59.0,262.0
020120805,246.0,98.0,344.0
020120806,264.0,88.0,352.0
020120807,290.0,73.0,363.0
020120808,362.0,53.0,415.0
020120809,317.0,78.0,395.0
020120810,247.0,43.0,290.0
020120811,219.0,43.0,262.0
020120901,239.0,90.0,329.0
020120902,286.0,134.0,420.0
020120903,277.0,106.0,383.0
020120904,290.0,102.0,392.0
020120905,247.0,111.0,358.0
020120906,265.0,112.0,377.0
020120907,211.0,96.0,307.0
020121001,277.0,89.0,366.0
020121002,300.0,90.0,390.0
020121003,201.0,84.0,285.0
020121004,209.0,61.0,270.0
020121005,254.0,44.0,298.0
020121006,256.0,97.0,353.0
020121007,222.0,72.0,294.0
020121008,364.0,113.0,477.0
020121009,215.0,103.0,318.0
020121010,188.0,109.0,297.0
020121011,255.0,88.0,343.0
020121101,242.0,86.0,328.0
020121102,179.0,88.0,267.0
020121103,174.0,79.0,253.0
020121104,273.0,70.0,343.0
020121105,201.0,102.0,303.0
020121106,235.0,83.0,318.0
020121107,244.0,86.0,330.0
020121108,259.0,81.0,340.0
020121109,292.0,81.0,373.0
020121110,221.0,61.0,282.0
020121111,211.0,66.0,277.0
020121201,203.0,69.0,272.0
020121202,392.0,108.0,500.0
020121203,417.0,92.0,509.0
020121204,265.0,90.0,355.0
020121205,257.0,71.0,328.0
020121206,196.0,64.0,260.0
020121207,281.0,105.0,386.0
020121208,198.0,69.0,267.0
020121301,301.0,106.0,407.0
020121302,291.0,97.0,388.0
020121303,581.0,140.0,721.0
020121304,382.0,143.0,525.0
020121305,358.0,116.0,474.0
020121306,313.0,82.0,395.0
020121307,168.0,81.0,249.0
020121401,273.0,96.0,369.0
020121402,286.0,114.0,400.0
020121403,233.0,75.0,308.0
020121404,310.0,96.0,406.0
020121405,330.0,91.0,421.0
020121406,233.0,85.0,318.0
020121407,320.0,112.0,432.0
020121408,394.0,75.0,469.0
020121409,264.0,60.0,324.0
020121410,346.0,95.0,441.0
020121501,274.0,103.0,377.0
020121502,302.0,120.0,422.0
020121503,314.0,104.0,418.0
020121504,331.0,87.0,418.0
020121505,294.0,99.0,393.0
020121506,261.0,82.0,343.0
020121507,301.0,82.0,383.0
020121508,282.0,82.0,364.0
020121509,345.0,81.0,426.0
020121510,226.0,71.0,297.0
020121511,210.0,62.0,272.0
020121512,220.0,64.0,284.0
020121513,207.0,55.0,262.0
020121601,303.0,92.0,395.0
020121602,264.0,99.0,363.0
020121603,282.0,77.0,359.0
020121604,411.0,110.0,521.0
020121605,493.0,123.0,616.0
020121606,526.0,121.0,647.0
020121607,236.0,101.0,337.0
020121608,408.0,120.0,528.0
020121609,254.0,106.0,360.0
020121610,223.0,106.0,329.0
020121611,250.0,84.0,334.0
020121612,219.0,97.0,316.0
020121613,142.0,60.0,202.0
020121614,110.0,65.0,175.0
020121701,252.0,103.0,355.0
020121702,270.0,108.0,378.0
020121703,239.0,94.0,333.0
020121704,236.0,70.0,306.0
020121705,334.0,103.0,437.0
020121706,308.0,106.0,414.0
020121707,278.0,95.0,373.0
020121708,435.0,121.0,556.0
020121801,161.0,69.0,230.0
020121802,204.0,119.0,323.0
020121803,231.0,87.0,318.0
020121804,224.0,84.0,308.0
020121805,214.0,87.0,301.0
020121806,203.0,109.0,312.0
020121807,233.0,103.0,336.0
020121808,238.0,89.0,327.0
020121809,207.0,83.0,290.0
020121810,202.0,82.0,284.0
020121811,171.0,67.0,238.0
020121812,336.0,100.0,436.0
020121813,208.0,98.0,306.0
020121901,229.0,123.0,352.0
020121902,165.0,59.0,224.0
020121903,187.0,96.0,283.0
020121904,249.0,117.0,366.0
020121905,295.0,111.0,406.0
020121906,258.0,98.0,356.0
020121907,247.0,99.0,346.0
020121908,238.0,113.0,351.0
020121909,229.0,87.0,316.0
020121910,261.0,99.0,360.0
020121911,265.0,107.0,372.0
020121912,228.0,105.0,333.0
020121913,205.0,81.0,286.0
020122001,222.0,95.0,317.0
020122002,402.0,157.0,559.0
020122003,291.0,120.0,411.0
020122004,294.0,97.0,391.0
020122005,287.0,95.0,382.0
020122006,274.0,133.0,407.0
020122007,244.0,102.0,346.0
020122008,230.0,130.0,360.0
020122101,346.0,121.0,467.0
020122102,339.0,137.0,476.0
020122103,258.0,101.0,359.0
020122104,307.0,113.0,420.0
020122105,225.0,72.0,297.0
020122106,228.0,98.0,326.0
020122107,251.0,89.0,340.0
020122108,214.0,104.0,318.0
020122109,207.0,79.0,286.0
020122110,173.0,85.0,258.0
020122201,198.0,96.0,294.0
020122202,273.0,89.0,362.0
020122203,214.0,84.0,298.0
020122204,220.0,79.0,299.0
020122205,310.0,125.0,435.0
020122206,336.0,112.0,448.0
020122207,326.0,133.0,459.0
020122208,278.0,87.0,365.0
020122209,255.0,109.0,364.0
020122210,262.0,108.0,370.0
020122211,287.0,84.0,371.0
020130101,218.0,78.0,296.0
020130102,290.0,53.0,343.0
020130103,211.0,47.0,258.0
020130104,308.0,59.0,367.0
020130105,383.0,38.0,421.0
020130106,323.0,63.0,386.0
020130107,153.0,32.0,185.0
020130108,194.0,47.0,241.0
020130109,161.0,56.0,217.0
020130110,249.0,65.0,314.0
020130111,237.0,63.0,300.0
020130112,180.0,66.0,246.0
020130113,197.0,48.0,245.0
020130114,194.0,89.0,283.0
020130201,361.0,180.0,541.0
020130202,296.0,63.0,359.0
020130203,193.0,66.0,259.0
020130204,195.0,44.0,239.0
020130205,291.0,39.0,330.0
020130206,389.0,81.0,470.0
020130207,243.0,57.0,300.0
020130208,202.0,51.0,253.0
020130209,355.0,41.0,396.0
020130210,374.0,94.0,468.0
020130211,267.0,26.0,293.0
020130301,311.0,66.0,377.0
020130302,217.0,53.0,270.0
020130303,272.0,81.0,353.0
020130304,368.0,65.0,433.0
020130305,264.0,48.0,312.0
020130306,237.0,34.0,271.0
020130307,224.0,66.0,290.0
020130308,229.0,49.0,278.0
020130309,285.0,69.0,354.0
020130310,383.0,65.0,448.0
020130401,206.0,85.0,291.0
020130402,282.0,68.0,350.0
020130403,217.0,86.0,303.0
020130404,325.0,105.0,430.0
020130405,270.0,93.0,363.0
020130406,304.0,96.0,400.0
020130407,225.0,71.0,296.0
020130408,207.0,56.0,263.0
020130409,262.0,79.0,341.0
020130410,169.0,68.0,237.0
020130411,277.0,86.0,363.0
020130412,503.0,110.0,613.0
020130413,256.0,81.0,337.0
020130414,239.0,87.0,326.0
020130501,264.0,79.0,343.0
020130502,305.0,97.0,402.0
020130503,413.0,117.0,530.0
020130504,380.0,98.0,478.0
020130505,289.0,70.0,359.0
020130506,367.0,70.0,437.0
020130507,268.0,59.0,327.0
020130508,353.0,64.0,417.0
020130601,211.0,72.0,283.0
020130602,331.0,93.0,424.0
020130603,273.0,94.0,367.0
020130604,330.0,88.0,418.0
020130605,339.0,115.0,454.0
020130606,263.0,105.0,368.0
020130607,302.0,121.0,423.0
020130608,273.0,66.0,339.0
020130701,206.0,65.0,271.0
020130702,170.0,51.0,221.0
020130703,352.0,105.0,457.0
020130704,268.0,76.0,344.0
020130705,366.0,110.0,476.0
020130706,297.0,84.0,381.0
020130707,275.0,71.0,346.0
020130708,248.0,61.0,309.0
020130709,319.0,54.0,373.0
020130801,251.0,63.0,314.0
020130802,210.0,65.0,275.0
020130803,340.0,71.0,411.0
020130804,314.0,74.0,388.0
020130805,370.0,82.0,452.0
020130806,235.0,60.0,295.0
020130807,285.0,79.0,364.0
020130808,354.0,84.0,438.0
020130809,245.0,81.0,326.0
020130810,216.0,75.0,291.0
020130901,239.0,48.0,287.0
020130902,240.0,62.0,302.0
020130903,197.0,50.0,247.0
020130904,205.0,88.0,293.0
020130905,415.0,73.0,488.0
020130906,255.0,65.0,320.0
020130907,238.0,58.0,296.0
020130908,289.0,55.0,344.0
020130909,294.0,69.0,363.0
020130910,172.0,67.0,239.0
020131001,371.0,44.0,415.0
020131002,345.0,59.0,404.0
020131003,346.0,81.0,427.0
020131004,332.0,83.0,415.0
020131005,196.0,54.0,250.0
020131006,304.0,84.0,388.0
020131007,258.0,63.0,321.0
020131008,344.0,88.0,432.0
020131009,242.0,83.0,325.0
020131010,311.0,112.0,423.0
020131011,245.0,69.0,314.0
020131101,142.0,30.0,172.0
020131102,208.0,33.0,241.0
020131103,167.0,40.0,207.0
020131104,175.0,54.0,229.0
020131105,184.0,38.0,222.0
020131106,348.0,58.0,406.0
020131107,215.0,67.0,282.0
020131201,227.0,48.0,275.0
020131202,280.0,40.0,320.0
020131203,192.0,45.0,237.0
020131204,322.0,30.0,352.0
020131205,201.0,15.0,216.0
020131206,194.0,46.0,240.0
020131207,253.0,88.0,341.0
020131208,224.0,58.0,282.0
020131209,335.0,49.0,384.0
020131210,187.0,62.0,249.0
020131301,345.0,31.0,376.0
020131302,104.0,51.0,155.0
020131303,237.0,85.0,322.0
020131304,305.0,89.0,394.0
020131305,307.0,104.0,411.0
020131306,93.0,38.0,131.0
020131307,251.0,54.0,305.0
020131308,222.0,27.0,249.0
020131309,241.0,46.0,287.0
020131310,305.0,53.0,358.0
020131311,193.0,22.0,215.0
020131312,293.0,34.0,327.0
020131313,493.0,63.0,556.0
020131314,290.0,56.0,346.0
020131401,276.0,65.0,341.0
020131402,119.0,43.0,162.0
020131403,272.0,94.0,366.0
020131404,230.0,61.0,291.0
020131405,183.0,45.0,228.0
020131406,283.0,76.0,359.0
020131407,130.0,35.0,165.0
020131408,204.0,50.0,254.0
020131409,187.0,51.0,238.0
020131410,242.0,56.0,298.0
020131411,249.0,35.0,284.0
020131501,261.0,89.0,350.0
020131502,257.0,103.0,360.0
020131503,243.0,106.0,349.0
020131504,144.0,55.0,199.0
020131505,308.0,83.0,391.0
020131506,223.0,58.0,281.0
020131507,302.0,81.0,383.0
020131508,288.0,84.0,372.0
020131509,323.0,93.0,416.0
020131510,225.0,105.0,330.0
020131511,255.0,114.0,369.0
020131512,243.0,85.0,328.0
020131601,309.0,83.0,392.0
020131602,310.0,120.0,430.0
020131603,192.0,60.0,252.0
020131604,287.0,81.0,368.0
020131605,192.0,60.0,252.0
020131606,151.0,32.0,183.0
020131607,276.0,93.0,369.0
020131608,230.0,121.0,351.0
020131609,305.0,75.0,380.0
020131610,288.0,103.0,391.0
020131611,286.0,95.0,381.0
020131612,260.0,85.0,345.0
020131613,180.0,43.0,223.0
020131701,364.0,111.0,475.0
020131702,390.0,82.0,472.0
020131703,313.0,76.0,389.0
020131704,196.0,51.0,247.0
020131705,262.0,82.0,344.0
020131706,301.0,59.0,360.0
020131707,318.0,68.0,386.0
020131708,254.0,62.0,316.0
020131709,333.0,69.0,402.0
020131710,337.0,61.0,398.0
020131711,210.0,37.0,247.0
020131801,266.0,68.0,334.0
020131802,305.0,102.0,407.0
020131803,311.0,86.0,397.0
020131804,231.0,62.0,293.0
020131805,234.0,48.0,282.0
020131806,256.0,46.0,302.0
020131807,324.0,59.0,383.0
020131808,247.0,33.0,280.0
020131809,145.0,25.0,170.0
020131810,230.0,44.0,274.0
020131901,272.0,68.0,340.0
020131902,327.0,70.0,397.0
020131903,249.0,46.0,295.0
020131904,192.0,35.0,227.0
020131905,289.0,77.0,366.0
020131906,158.0,57.0,215.0
020131907,202.0,53.0,255.0
020131908,256.0,73.0,329.0
020131909,258.0,74.0,332.0
020131910,253.0,59.0,312.0
020131911,164.0,28.0,192.0
020131912,223.0,45.0,268.0
020132001,241.0,60.0,301.0
020132002,328.0,66.0,394.0
020132003,143.0,32.0,175.0
020132004,250.0,66.0,316.0
020132005,239.0,73.0,312.0
020132006,315.0,112.0,427.0
020132007,304.0,68.0,372.0
020132008,290.0,96.0,386.0
020132009,203.0,55.0,258.0
020132010,210.0,62.0,272.0
020132011,220.0,41.0,261.0
020132012,213.0,64.0,277.0
020132101,201.0,43.0,244.0
020132102,111.0,38.0,149.0
020132103,189.0,44.0,233.0
020132104,274.0,45.0,319.0
020132105,246.0,45.0,291.0
020132106,248.0,64.0,312.0
020132107,379.0,71.0,450.0
020132108,281.0,64.0,345.0
020132109,278.0,82.0,360.0
020132110,294.0,48.0,342.0
020132201,198.0,53.0,251.0
020132202,187.0,34.0,221.0
020132203,180.0,42.0,222.0
020132204,285.0,42.0,327.0
020132205,341.0,53.0,394.0
020132206,338.0,53.0,391.0
020132207,389.0,66.0,455.0
020132208,328.0,46.0,374.0
020132209,184.0,36.0,220.0
020132301,432.0,113.0,545.0
020132302,217.0,53.0,270.0
020132303,445.0,93.0,538.0
020132304,219.0,75.0,294.0
020132305,183.0,52.0,235.0
020132306,282.0,86.0,368.0
020132307,204.0,53.0,257.0
020132308,389.0,113.0,502.0
020132309,359.0,69.0,428.0
020132310,169.0,74.0,243.0
020132311,309.0,115.0,424.0
020132401,161.0,37.0,198.0
020132402,205.0,46.0,251.0
020132403,195.0,88.0,283.0
020132404,291.0,73.0,364.0
020132405,228.0,58.0,286.0
020132406,245.0,73.0,318.0
020132407,314.0,52.0,366.0
020132408,280.0,59.0,339.0
020132409,312.0,69.0,381.0
020132410,235.0,48.0,283.0
020132501,193.0,69.0,262.0
020132502,204.0,75.0,279.0
020132503,298.0,94.0,392.0
020132504,211.0,58.0,269.0
020132505,177.0,44.0,221.0
020132506,208.0,66.0,274.0
020132507,370.0,134.0,504.0
020132508,257.0,107.0,364.0
020132601,229.0,63.0,292.0
020132602,246.0,78.0,324.0
020132603,219.0,65.0,284.0
020132604,297.0,121.0,418.0
020132605,234.0,83.0,317.0
020132606,199.0,66.0,265.0
020132607,157.0,32.0,189.0
020132608,134.0,80.0,214.0
020132609,153.0,49.0,202.0
020132610,327.0,109.0,436.0
020132611,209.0,69.0,278.0
020132701,141.0,34.0,175.0
020132702,301.0,98.0,399.0
020132703,338.0,102.0,440.0
020132704,291.0,95.0,386.0
020132705,238.0,73.0,311.0
020132706,376.0,146.0,522.0
020132707,367.0,128.0,495.0
020132708,276.0,89.0,365.0
020132709,326.0,81.0,407.0
020132801,151.0,116.0,267.0
020132802,150.0,63.0,213.0
020132803,234.0,84.0,318.0
020132804,156.0,45.0,201.0
020132805,183.0,34.0,217.0
020132806,291.0,65.0,356.0
020132807,264.0,65.0,329.0
020132808,360.0,91.0,451.0
020132809,301.0,92.0,393.0
020132810,216.0,57.0,273.0
020132901,189.0,82.0,271.0
020132902,189.0,91.0,280.0
020132903,186.0,61.0,247.0
020132904,297.0,85.0,382.0
020132905,219.0,61.0,280.0
020132906,258.0,72.0,330.0
020132907,269.0,85.0,354.0
020132908,337.0,83.0,420.0
020132909,154.0,54.0,208.0
020132910,225.0,33.0,258.0
020132911,290.0,37.0,327.0
020140101,166.0,44.0,210.0
020140102,182.0,71.0,253.0
020140103,310.0,90.0,400.0
020140104,296.0,66.0,362.0
020140105,471.0,113.0,584.0
020140106,378.0,67.0,445.0
020140107,299.0,68.0,367.0
020140108,268.0,31.0,299.0
020140109,315.0,83.0,398.0
020140110,370.0,92.0,462.0
020140201,418.0,87.0,505.0
020140202,224.0,47.0,271.0
020140203,290.0,59.0,349.0
020140204,260.0,60.0,320.0
020140205,266.0,74.0,340.0
020140206,222.0,46.0,268.0
020140207,270.0,47.0,317.0
020140208,327.0,72.0,399.0
020140209,322.0,58.0,380.0
020140210,401.0,73.0,474.0
020140301,630.0,128.0,758.0
020140302,191.0,35.0,226.0
020140303,188.0,38.0,226.0
020140304,249.0,48.0,297.0
020140305,330.0,77.0,407.0
020140306,144.0,20.0,164.0
020140307,250.0,47.0,297.0
020140308,331.0,99.0,430.0
020140309,384.0,72.0,456.0
020140310,250.0,58.0,308.0
020140311,291.0,56.0,347.0
020140312,254.0,50.0,304.0
020140401,340.0,73.0,413.0
020140402,195.0,25.0,220.0
020140403,191.0,27.0,218.0
020140404,224.0,69.0,293.0
020140405,315.0,67.0,382.0
020140406,361.0,93.0,454.0
020140407,362.0,70.0,432.0
020140408,420.0,62.0,482.0
020140409,339.0,94.0,433.0
020140410,581.0,116.0,697.0
020140501,229.0,128.0,357.0
020140502,326.0,44.0,370.0
020140503,347.0,65.0,412.0
020140504,216.0,68.0,284.0
020140505,400.0,107.0,507.0
020140506,218.0,59.0,277.0
020140507,184.0,52.0,236.0
020140508,152.0,36.0,188.0
020140509,456.0,46.0,502.0
020140510,464.0,82.0,546.0
020140601,439.0,73.0,512.0
020140602,334.0,66.0,400.0
020140603,279.0,101.0,380.0
020140604,294.0,67.0,361.0
020140605,319.0,68.0,387.0
020140606,355.0,156.0,511.0
020140607,270.0,89.0,359.0
020140608,188.0,65.0,253.0
020140609,302.0,100.0,402.0
020140610,165.0,48.0,213.0
020140701,253.0,121.0,374.0
020140702,315.0,95.0,410.0
020140703,228.0,61.0,289.0
020140704,364.0,38.0,402.0
020140705,200.0,60.0,260.0
020140706,214.0,86.0,300.0
020140707,184.0,55.0,239.0
020140708,193.0,45.0,238.0
020140709,202.0,72.0,274.0
020140801,322.0,44.0,366.0
020140802,245.0,44.0,289.0
020140803,125.0,44.0,169.0
020140804,157.0,85.0,242.0
020140805,371.0,110.0,481.0
020140806,349.0,119.0,468.0
020140807,233.0,68.0,301.0
020140808,233.0,73.0,306.0
020140809,401.0,75.0,476.0
020140901,430.0,61.0,491.0
020140902,255.0,48.0,303.0
020140903,451.0,74.0,525.0
020140904,452.0,84.0,536.0
020140905,161.0,37.0,198.0
020140906,239.0,57.0,296.0
020140907,224.0,40.0,264.0
020140908,349.0,42.0,391.0
020140909,307.0,56.0,363.0
020140910,390.0,72.0,462.0
020140911,321.0,74.0,395.0
020140912,361.0,57.0,418.0
020140913,296.0,53.0,349.0
020141001,4.0,2.0,6.0
020141101,251.0,33.0,284.0
020141102,425.0,43.0,468.0
020141103,211.0,26.0,237.0
020141104,236.0,43.0,279.0
020141105,337.0,42.0,379.0
020141106,328.0,25.0,353.0
020141107,224.0,41.0,265.0
020141108,445.0,84.0,529.0
020141109,330.0,82.0,412.0
020141110,155.0,53.0,208.0
020141111,255.0,61.0,316.0
020141112,295.0,67.0,362.0
020141113,330.0,69.0,399.0
020141114,192.0,39.0,231.0
020141201,164.0,66.0,230.0
020141202,274.0,106.0,380.0
020141203,252.0,74.0,326.0
020141204,207.0,137.0,344.0
020141205,287.0,93.0,380.0
020141206,187.0,77.0,264.0
020141207,106.0,39.0,145.0
020141208,141.0,47.0,188.0
020141209,209.0,114.0,323.0
020141210,290.0,61.0,351.0
020141211,198.0,76.0,274.0
020141301,192.0,73.0,265.0
020141302,225.0,71.0,296.0
020141303,314.0,90.0,404.0
020141304,170.0,67.0,237.0
020141305,220.0,81.0,301.0
020141306,211.0,66.0,277.0
020141307,114.0,33.0,147.0
020141308,209.0,64.0,273.0
020141309,248.0,88.0,336.0
020141310,227.0,66.0,293.0
020141311,181.0,75.0,256.0
020141312,202.0,45.0,247.0
020141401,373.0,87.0,460.0
020141402,233.0,56.0,289.0
020141403,297.0,61.0,358.0
020141404,142.0,48.0,190.0
020141405,135.0,61.0,196.0
020141406,163.0,39.0,202.0
020141407,164.0,46.0,210.0
020141408,349.0,113.0,462.0
020141409,398.0,85.0,483.0
020141410,270.0,79.0,349.0
020141411,308.0,102.0,410.0
020141501,248.0,71.0,319.0
020141502,275.0,76.0,351.0
020141503,265.0,85.0,350.0
020141504,298.0,80.0,378.0
020141505,349.0,94.0,443.0
020141506,326.0,106.0,432.0
020141507,276.0,72.0,348.0
020141508,722.0,163.0,885.0
020141601,501.0,89.0,590.0
020141602,285.0,46.0,331.0
020141603,444.0,80.0,524.0
020141604,350.0,46.0,396.0
020141605,302.0,72.0,374.0
020141606,106.0,16.0,122.0
020141607,262.0,62.0,324.0
020141701,305.0,47.0,352.0
020141702,333.0,57.0,390.0
020141703,294.0,44.0,338.0
020141704,165.0,43.0,208.0
020141705,286.0,42.0,328.0
020141706,239.0,35.0,274.0
020141707,273.0,43.0,316.0
020141708,507.0,116.0,623.0
020141801,293.0,62.0,355.0
020141802,259.0,55.0,314.0
020141803,396.0,80.0,476.0
020141804,308.0,83.0,391.0
020141805,385.0,81.0,466.0
020141806,281.0,73.0,354.0
020141807,217.0,65.0,282.0
020141808,379.0,110.0,489.0
020141901,208.0,68.0,276.0
020141902,415.0,113.0,528.0
020141903,442.0,104.0,546.0
020141904,501.0,126.0,627.0
020141905,527.0,125.0,652.0
020142001,476.0,128.0,604.0
020142002,515.0,146.0,661.0
020142003,362.0,108.0,470.0
020142004,307.0,67.0,374.0
020142005,292.0,83.0,375.0
020142006,214.0,61.0,275.0
020142007,136.0,32.0,168.0
020142101,305.0,93.0,398.0
020142102,234.0,69.0,303.0
020142103,117.0,28.0,145.0
020142104,192.0,62.0,254.0
020142105,114.0,44.0,158.0
020142106,193.0,52.0,245.0
020142107,235.0,74.0,309.0
020142108,238.0,85.0,323.0
020142109,173.0,87.0,260.0
020142110,179.0,71.0,250.0
020142111,200.0,81.0,281.0
020142201,262.0,106.0,368.0
020142202,317.0,87.0,404.0
020142203,174.0,59.0,233.0
020142204,185.0,55.0,240.0
020142205,288.0,133.0,421.0
020142206,345.0,70.0,415.0
020142207,219.0,101.0,320.0
020142208,250.0,89.0,339.0
020142209,385.0,114.0,499.0
020142210,259.0,75.0,334.0
020142301,220.0,61.0,281.0
020142302,171.0,47.0,218.0
020142303,179.0,64.0,243.0
020142304,305.0,63.0,368.0
020142305,430.0,86.0,516.0
020142306,166.0,46.0,212.0
020142307,252.0,88.0,340.0
020142308,350.0,129.0,479.0
020142309,389.0,103.0,492.0
020142310,301.0,77.0,378.0
020142311,353.0,109.0,462.0
020142401,255.0,46.0,301.0
020142402,190.0,42.0,232.0
020142403,211.0,58.0,269.0
020142404,154.0,56.0,210.0
020142405,346.0,90.0,436.0
020142406,262.0,81.0,343.0
020142407,261.0,70.0,331.0
020142408,195.0,72.0,267.0
020142409,274.0,74.0,348.0
020142501,310.0,73.0,383.0
020142502,171.0,45.0,216.0
020142503,290.0,63.0,353.0
020142504,236.0,49.0,285.0
020142505,186.0,53.0,239.0
020142506,227.0,50.0,277.0
020142507,250.0,119.0,369.0
020142508,279.0,76.0,355.0
020142509,319.0,86.0,405.0
020142601,422.0,103.0,525.0
020142602,286.0,71.0,357.0
020142603,157.0,27.0,184.0
020142604,670.0,180.0,850.0
020142605,379.0,79.0,458.0
020142606,309.0,78.0,387.0
020142607,420.0,112.0,532.0
020142701,495.0,121.0,616.0
020142702,456.0,114.0,570.0
020142703,236.0,48.0,284.0
020142704,323.0,73.0,396.0
020142705,376.0,111.0,487.0
020142706,170.0,42.0,212.0
020142707,180.0,37.0,217.0
020142801,219.0,80.0,299.0
020142802,222.0,44.0,266.0
020142803,246.0,42.0,288.0
020142804,256.0,58.0,314.0
020142805,191.0,37.0,228.0
020142806,323.0,90.0,413.0
020142807,289.0,85.0,374.0
020142808,232.0,70.0,302.0
020142809,207.0,56.0,263.0
020142810,323.0,58.0,381.0
020142811,325.0,67.0,392.0
020142812,228.0,42.0,270.0
020142901,227.0,50.0,277.0
020142902,223.0,56.0,279.0
020142903,211.0,58.0,269.0
020142904,285.0,73.0,358.0
020142905,220.0,60.0,280.0
020142906,364.0,84.0,448.0
020142907,322.0,57.0,379.0
020142908,219.0,48.0,267.0
020142909,274.0,62.0,336.0
020142910,288.0,78.0,366.0
020142911,232.0,49.0,281.0
020143001,268.0,58.0,326.0
020143002,370.0,59.0,429.0
020143003,352.0,55.0,407.0
020143004,259.0,46.0,305.0
020143005,314.0,64.0,378.0
020143006,194.0,39.0,233.0
020143007,164.0,40.0,204.0
020143008,571.0,104.0,675.0
020143009,467.0,112.0,579.0
020143101,189.0,28.0,217.0
020143102,282.0,45.0,327.0
020143103,242.0,37.0,279.0
020143104,223.0,27.0,250.0
020143105,214.0,37.0,251.0
020143106,349.0,55.0,404.0
020143107,279.0,36.0,315.0
020143108,234.0,35.0,269.0
020143109,202.0,23.0,225.0
020143110,167.0,28.0,195.0
020143111,167.0,47.0,214.0
020143112,205.0,55.0,260.0
020150101,302.0,114.0,416.0
020150102,266.0,78.0,344.0
020150103,177.0,90.0,267.0
020150104,178.0,59.0,237.0
020150105,203.0,65.0,268.0
020150106,190.0,67.0,257.0
020150107,195.0,95.0,290.0
020150108,202.0,73.0,275.0
020150109,237.0,105.0,342.0
020150110,255.0,85.0,340.0
020150111,161.0,59.0,220.0
020150112,189.0,94.0,283.0
020150201,206.0,74.0,280.0
020150202,225.0,75.0,300.0
020150203,217.0,75.0,292.0
020150204,168.0,40.0,208.0
020150205,158.0,50.0,208.0
020150206,200.0,68.0,268.0
020150207,188.0,91.0,279.0
020150208,163.0,73.0,236.0
020150209,150.0,62.0,212.0
020150210,168.0,65.0,233.0
020150301,211.0,78.0,289.0
020150302,303.0,96.0,399.0
020150303,287.0,95.0,382.0
020150304,204.0,62.0,266.0
020150305,168.0,74.0,242.0
020150306,230.0,42.0,272.0
020150307,225.0,26.0,251.0
020150308,271.0,57.0,328.0
020150309,268.0,81.0,349.0
020150310,266.0,74.0,340.0
020150311,220.0,117.0,337.0
020150312,284.0,125.0,409.0
020150313,218.0,73.0,291.0
020150401,239.0,98.0,337.0
020150402,194.0,62.0,256.0
020150403,324.0,77.0,401.0
020150404,149.0,57.0,206.0
020150405,150.0,80.0,230.0
020150406,199.0,70.0,269.0
020150407,211.0,94.0,305.0
020150408,227.0,69.0,296.0
020150409,172.0,92.0,264.0
020150410,184.0,72.0,256.0
020150411,211.0,85.0,296.0
020150412,245.0,107.0,352.0
020150413,215.0,113.0,328.0
020150414,200.0,118.0,318.0
020150501,217.0,86.0,303.0
020150502,268.0,90.0,358.0
020150503,206.0,72.0,278.0
020150504,149.0,86.0,235.0
020150505,241.0,59.0,300.0
020150506,206.0,76.0,282.0
020150507,186.0,95.0,281.0
020150508,231.0,101.0,332.0
020150509,177.0,81.0,258.0
020150510,137.0,87.0,224.0
020150511,182.0,92.0,274.0
020150512,194.0,78.0,272.0
020150513,209.0,80.0,289.0
020150514,189.0,72.0,261.0
020150601,218.0,73.0,291.0
020150602,191.0,93.0,284.0
020150603,195.0,91.0,286.0
020150604,183.0,67.0,250.0
020150605,138.0,54.0,192.0
020150606,157.0,26.0,183.0
020150607,192.0,63.0,255.0
020150701,217.0,83.0,300.0
020150702,139.0,104.0,243.0
020150703,140.0,90.0,230.0
020150704,128.0,87.0,215.0
020150705,189.0,103.0,292.0
020150706,114.0,173.0,287.0
020150707,228.0,113.0,341.0
020150708,227.0,101.0,328.0
020150709,183.0,99.0,282.0
020150710,242.0,132.0,374.0
020150711,204.0,125.0,329.0
020150712,237.0,110.0,347.0
020150801,201.0,133.0,334.0
020150802,169.0,65.0,234.0
020150803,254.0,119.0,373.0
020150804,205.0,125.0,330.0
020150805,189.0,96.0,285.0
020150806,188.0,72.0,260.0
020150807,266.0,91.0,357.0
020150808,215.0,108.0,323.0
020150809,276.0,157.0,433.0
020150810,267.0,115.0,382.0
020150901,159.0,68.0,227.0
020150902,142.0,67.0,209.0
020150903,171.0,59.0,230.0
020150904,145.0,106.0,251.0
020150905,174.0,74.0,248.0
020150906,107.0,105.0,212.0
020150907,152.0,108.0,260.0
020150908,313.0,394.0,707.0
020151001,263.0,84.0,347.0
020151002,251.0,90.0,341.0
020151003,320.0,89.0,409.0
020151004,235.0,100.0,335.0
020151005,208.0,69.0,277.0
020151006,153.0,63.0,216.0
020151007,289.0,113.0,402.0
020151008,200.0,123.0,323.0
020151009,208.0,88.0,296.0
020151010,180.0,75.0,255.0
020151011,182.0,71.0,253.0
020151012,244.0,93.0,337.0
020151013,245.0,119.0,364.0
020151101,196.0,110.0,306.0
020151102,310.0,47.0,357.0
020151103,228.0,77.0,305.0
020151104,227.0,80.0,307.0
020151105,185.0,60.0,245.0
020151106,190.0,76.0,266.0
020151107,171.0,87.0,258.0
020151108,210.0,65.0,275.0
020151109,298.0,84.0,382.0
020151110,183.0,82.0,265.0
020151111,410.0,121.0,531.0
020151112,303.0,73.0,376.0
020151113,245.0,114.0,359.0
020151201,187.0,89.0,276.0
020151202,181.0,102.0,283.0
020151203,227.0,82.0,309.0
020151204,236.0,88.0,324.0
020151205,238.0,95.0,333.0
020151206,215.0,90.0,305.0
020151207,149.0,86.0,235.0
020151208,273.0,100.0,373.0
020151209,171.0,74.0,245.0
020151301,233.0,70.0,303.0
020151302,202.0,55.0,257.0
020151303,207.0,89.0,296.0
020151304,213.0,49.0,262.0
020151305,168.0,44.0,212.0
020151306,174.0,63.0,237.0
020151307,224.0,68.0,292.0
020151308,135.0,59.0,194.0
020151309,332.0,126.0,458.0
020151310,224.0,73.0,297.0
020151401,258.0,105.0,363.0
020151402,309.0,77.0,386.0
020151403,208.0,94.0,302.0
020151404,216.0,92.0,308.0
020151405,310.0,111.0,421.0
020151406,211.0,75.0,286.0
020151407,351.0,41.0,392.0
020151408,232.0,89.0,321.0
020151409,222.0,125.0,347.0
020151410,189.0,83.0,272.0
020151411,265.0,111.0,376.0
020151501,210.0,82.0,292.0
020151502,177.0,58.0,235.0
020151503,307.0,94.0,401.0
020151504,229.0,120.0,349.0
020151505,197.0,98.0,295.0
020151506,202.0,109.0,311.0
020151507,218.0,142.0,360.0
020151508,187.0,73.0,260.0
020151509,333.0,97.0,430.0
020151510,277.0,130.0,407.0
020151601,239.0,116.0,355.0
020151602,233.0,94.0,327.0
020151603,306.0,82.0,388.0
020151604,219.0,74.0,293.0
020151605,201.0,74.0,275.0
020151606,222.0,86.0,308.0
020151607,237.0,78.0,315.0
020151608,243.0,111.0,354.0
020151609,222.0,84.0,306.0
020151610,248.0,88.0,336.0
020151611,234.0,73.0,307.0
020151701,242.0,81.0,323.0
020151702,205.0,65.0,270.0
020151703,275.0,93.0,368.0
020151704,295.0,114.0,409.0
020151705,261.0,88.0,349.0
020151706,245.0,63.0,308.0
020151707,222.0,110.0,332.0
020151708,204.0,66.0,270.0
020151709,203.0,61.0,264.0
020151710,262.0,80.0,342.0
020151711,259.0,97.0,356.0
020151712,235.0,67.0,302.0
020151801,179.0,78.0,257.0
020151802,140.0,73.0,213.0
020151803,214.0,96.0,310.0
020151804,141.0,68.0,209.0
020151805,162.0,53.0,215.0
020151806,163.0,47.0,210.0
020151807,256.0,59.0,315.0
020151808,165.0,53.0,218.0
020151809,135.0,87.0,222.0
020151810,179.0,61.0,240.0
020151811,218.0,76.0,294.0
020151812,184.0,60.0,244.0
020151813,187.0,67.0,254.0
020151901,153.0,77.0,230.0
020151902,246.0,89.0,335.0
020151903,231.0,79.0,310.0
020151904,270.0,73.0,343.0
020151905,280.0,102.0,382.0
020151906,266.0,72.0,338.0
020151907,275.0,99.0,374.0
020151908,206.0,87.0,293.0
020151909,227.0,59.0,286.0
020151910,337.0,75.0,412.0
020151911,283.0,100.0,383.0
020152001,275.0,72.0,347.0
020152002,271.0,95.0,366.0
020152003,266.0,80.0,346.0
020152004,203.0,75.0,278.0
020152005,207.0,67.0,274.0
020152006,228.0,93.0,321.0
020152007,216.0,73.0,289.0
020152008,201.0,67.0,268.0
020152009,165.0,58.0,223.0
020152010,262.0,56.0,318.0
020152011,241.0,102.0,343.0
020152012,259.0,83.0,342.0
020152101,256.0,64.0,320.0
020152102,311.0,63.0,374.0
020152103,196.0,97.0,293.0
020152104,232.0,111.0,343.0
020152105,127.0,65.0,192.0
020152106,324.0,94.0,418.0
020152107,134.0,41.0,175.0
020152108,199.0,62.0,261.0
020152109,291.0,101.0,392.0
020152110,205.0,73.0,278.0
020152111,284.0,51.0,335.0
020152112,148.0,68.0,216.0
020152113,274.0,115.0,389.0
