<?xml version="1.0"?>
<!--<!DOCTYPE metadata SYSTEM "http://www.esri.com/metadata/esriprof80.dtd">-->
<metadata xml:lang="es"><Esri><CreaDate>20130228</CreaDate><CreaTime>16000800</CreaTime><SyncOnce>TRUE</SyncOnce><MetaID>{04E2BAC2-2614-4A93-83C1-9972021C9D13}</MetaID></Esri><idinfo><citation><citeinfo><onlink Sync="TRUE">\\Bmitre12\Mis Documentos\publicacion SHAPE\final\comunas_censo_2010</onlink></citeinfo></citation></idinfo><distInfo><distributor><distorTran><onLineSrc><linkage Sync="TRUE">file://\\Bmitre12\Mis Documentos\publicacion SHAPE\final\comunas_censo_2010</linkage><protocol Sync="TRUE">Local Area Network</protocol></onLineSrc></distorTran></distributor></distInfo><dataqual><lineage><procstep><procdesc Sync="TRUE">Dataset copied.</procdesc><srcused Sync="TRUE">\\Bmitre12\Mis Documentos\publicacion SHAPE\comunas_censo_2010</srcused><procdate Sync="TRUE">20130228</procdate><proctime Sync="TRUE">15550500</proctime></procstep><procstep><procdesc Sync="TRUE">Dataset copied.</procdesc><srcused Sync="TRUE">C:\Cartografía\New Folder\comunas_censo_2010</srcused><procdate Sync="TRUE">20130228</procdate><proctime Sync="TRUE">16000800</proctime></procstep></lineage></dataqual></metadata>
