<?xml version="1.0"?>
<!--<!DOCTYPE metadata SYSTEM "http://www.esri.com/metadata/esriprof80.dtd">-->
<metadata xml:lang="es"><Esri><CreaDate>20130228</CreaDate><CreaTime>16000900</CreaTime><SyncOnce>TRUE</SyncOnce><MetaID>{0080E71B-2FB4-4F21-BFFD-1C83AE15C7C8}</MetaID></Esri><idinfo><citation><citeinfo><onlink Sync="TRUE">\\Bmitre12\Mis Documentos\publicacion SHAPE\final\ejes_de_calles_censo_2010</onlink></citeinfo></citation></idinfo><distInfo><distributor><distorTran><onLineSrc><linkage Sync="TRUE">file://\\Bmitre12\Mis Documentos\publicacion SHAPE\final\ejes_de_calles_censo_2010</linkage><protocol Sync="TRUE">Local Area Network</protocol></onLineSrc></distorTran></distributor></distInfo><dataqual><lineage><procstep><procdesc Sync="TRUE">Dataset copied.</procdesc><srcused Sync="TRUE">C:\Fernanda\Export_Output</srcused><date Sync="TRUE">20100630</date><time Sync="TRUE">12561300</time></procstep><procstep><procdesc Sync="TRUE">Dataset copied.</procdesc><srcused Sync="TRUE"></srcused><procdate Sync="TRUE">20130228</procdate><proctime Sync="TRUE">15024200</proctime></procstep><procstep><procdesc Sync="TRUE">Dataset copied.</procdesc><srcused Sync="TRUE">\\Bmitre12\Mis Documentos\publicacion SHAPE\ejes_de_calles_censo_2010</srcused><procdate Sync="TRUE">20130228</procdate><proctime Sync="TRUE">15550500</proctime></procstep><procstep><procdesc Sync="TRUE">Dataset copied.</procdesc><srcused Sync="TRUE">C:\Cartografía\New Folder\ejes_de_calles_censo_2010</srcused><procdate Sync="TRUE">20130228</procdate><proctime Sync="TRUE">16000900</proctime></procstep></lineage></dataqual></metadata>
