CÃ³digo,empleo,desocup,inact,ocup_viv,0_14,15_64,mas_65,hab,con_satisf,con_basica,con_insuf,serv_satisf,serv_basica,serv_insuf,nbi,hac-149,hac+150,terr_14,CO_FRACC
0200101,0.652777777778,0.0358974358974,0.118055555556,0.703703703704,0.142857142857,0.824404761905,0.0327380952381,336.0,0.447368421053,0.289473684211,0.263157894737,0.894736842105,0.0263157894737,0.0789473684211,0.292307692308,0.661538461538,0.338461538462,,001_1
0200102,0.694599391481,0.0721422523285,0.272439148073,0.953185498064,0.298407898248,0.68611580539,0.0154762963622,11243.0,0.118537666174,0.477843426883,0.403618906942,0.884416543575,0.0273264401773,0.0882570162482,0.290628385699,0.436078006501,0.563921993499,,001_2
0200103,0.728815130725,0.0667220705212,0.239013536065,0.9295404814,0.321379136781,0.669560840569,0.00906002265006,15894.0,0.066384180791,0.305084745763,0.628531073446,0.776836158192,0.0508474576271,0.172316384181,0.348618572525,0.346891788181,0.653108211819,,001_3
0200104,0.667888074617,0.033734939759,0.293582056407,0.588288288288,0.131198147791,0.650684931507,0.218116920702,10366.0,0.935987748851,0.0548238897397,0.00918836140888,0.993874425727,0.00153139356815,0.00459418070444,0.0243960208432,0.903126480341,0.0968735196589,,001_4
0200105,0.632911392405,0.04,0.286497890295,0.592682270648,0.124492057628,0.65773919468,0.217768747691,5414.0,0.926009986382,0.0671811166591,0.00680889695869,0.998184294144,0.000453926463913,0.00136177939174,0.00617011899515,0.919788453063,0.080211546937,,001_5
0200106,0.64109375,0.0274946669827,0.25171875,0.581595092025,0.102132435466,0.650533108866,0.247334455668,7128.0,0.936708860759,0.0534458509142,0.0098452883263,0.991561181435,0.0014064697609,0.0070323488045,0.00445969125214,0.946483704974,0.0535162950257,,001_6
0200107,0.416476668187,0.0352112676056,0.138926888585,0.364991896272,0.0616174582798,0.780059905862,0.158322635858,7011.0,0.871669626998,0.119893428064,0.00843694493783,0.995559502664,0.0,0.0044404973357,0.0104575163399,0.870588235294,0.129411764706,,001_7
0200108,0.58524656976,0.0450011084017,0.243716886293,0.53386268099,0.0822840044882,0.706520383992,0.21119561152,8021.0,0.902595508895,0.0866141732283,0.0107903178769,0.993584135316,0.00145815106445,0.00495771361913,0.0117917745183,0.892436008053,0.107563991947,,001_8
0200109,0.607301360057,0.0385312783318,0.166929133858,0.300116550117,0.0982442550994,0.76800929512,0.133746449781,7746.0,0.839158576052,0.120388349515,0.0404530744337,0.974433656958,0.00194174757282,0.0236245954693,0.0860643185299,0.807963246554,0.192036753446,,001_9
0200110,0.719936457506,0.0426700464723,0.222239872915,0.400705882353,0.098266723965,0.72711645896,0.174616817075,6981.0,0.856429829712,0.127715795655,0.015854374633,0.978860833823,0.000293599530241,0.0208455666471,0.0383076043453,0.84162378502,0.15837621498,3346.69338677,001_10
0200111,0.659924675687,0.0430825242718,0.20993165016,0.506316393913,0.103202401801,0.744933700275,0.151863897923,7994.0,0.806634533598,0.146867025801,0.0464984406011,0.986674227389,0.000567054153672,0.0127587184576,0.1296,0.821066666667,0.178933333333,,001_11
0200112,0.529313232831,0.0386370550654,0.142881072027,0.377070907886,0.0888278388278,0.780525030525,0.130647130647,6552.0,0.775483304042,0.122583479789,0.101933216169,0.937170474517,0.00131810193322,0.0615114235501,0.218410041841,0.771966527197,0.228033472803,3924.7311828,001_12
0200113,0.676332004349,0.0271115745568,0.186299383835,0.401721170396,0.179601546238,0.747546833185,0.0728516205769,6726.0,0.730934018852,0.159383033419,0.109682947729,0.782776349614,0.0235646958012,0.193658954584,0.0774847870183,0.832860040568,0.167139959432,,001_13
0200114,0.668415136755,0.0431751139716,0.20363431997,0.569411764706,0.142489959839,0.730602409639,0.126907630522,6225.0,0.737190082645,0.139669421488,0.123140495868,0.957024793388,0.00537190082645,0.0376033057851,0.234654234654,0.764957264957,0.235042735043,,001_14
0200115,0.641192325987,0.0486944248412,0.207864277787,0.590443686007,0.130068965517,0.735034482759,0.134896551724,7250.0,0.745664739884,0.125,0.129335260116,0.962789017341,0.00397398843931,0.0332369942197,0.214576271186,0.773898305085,0.226101694915,2213.63004172,001_15
0200116,0.649742823959,0.0416054821341,0.224489795918,0.639947437582,0.118730808598,0.724667349028,0.156601842375,6839.0,0.819301848049,0.112594113621,0.0681040383299,0.960643394935,0.00855578370979,0.0308008213552,0.144167758847,0.805373525557,0.194626474443,,001_16
0200117,0.727696404794,0.0418584264738,0.225532623169,0.718590635141,0.127505082777,0.721028173105,0.151466744119,6886.0,0.821290322581,0.112580645161,0.0661290322581,0.986774193548,0.00129032258065,0.011935483871,0.206334563346,0.777675276753,0.222324723247,1518.36158192,001_17
0200118,0.700856135639,0.0406709558824,0.23871076045,0.729269496545,0.134785766158,0.704575163399,0.160639070443,6885.0,0.836886632826,0.0890016920474,0.0741116751269,0.975296108291,0.00304568527919,0.0216582064298,0.179004467135,0.798659859604,0.201340140396,1147.9338843,001_18
0200119,0.691727831779,0.0547573868257,0.223963499306,0.782018927445,0.135186138274,0.713844570252,0.150969291474,5829.0,0.771278741428,0.151674062122,0.0770471964502,0.955223880597,0.00282371924163,0.0419524001614,0.180506822612,0.773489278752,0.226510721248,1650.24630542,001_19
0200120,0.677539443361,0.0471204188482,0.264314837795,0.747755102041,0.153257280096,0.671870309216,0.174872410687,6662.0,0.819868995633,0.123726346434,0.056404657933,0.973435225619,0.00218340611354,0.0243813682678,0.141080312722,0.771144278607,0.228855721393,1268.4085213,001_20
0200121,0.707859446613,0.0455481803616,0.235443897471,0.765254463096,0.160347776511,0.697120866591,0.142531356899,7016.0,0.765668523677,0.108635097493,0.12569637883,0.954038997214,0.00383008356546,0.0421309192201,0.250911501492,0.726881007623,0.273118992377,1381.93421699,001_21
0200122,0.697111370847,0.0478905359179,0.249624311237,0.750303324436,0.128365594528,0.700480279435,0.171154126037,6871.0,0.834734799483,0.0941138421734,0.0711513583441,0.955692108668,0.0103492884864,0.0339586028461,0.134933000935,0.815207229667,0.184792770333,1440.73705179,001_22
0200123,0.683879835068,0.0519869352205,0.248969173375,0.764578833693,0.119771863118,0.709298306256,0.170929830626,5786.0,0.821630347054,0.106941081517,0.0714285714286,0.959644874899,0.00363196125908,0.0367231638418,0.132192846034,0.852255054432,0.147744945568,2107.96915167,001_23
0200124,0.689233817701,0.0439761795694,0.234147952444,0.613306451613,0.123842592593,0.717303240741,0.158854166667,3456.0,0.815253122945,0.150558842867,0.034188034188,0.986193293886,0.00394477317554,0.00986193293886,0.0629675810474,0.845386533666,0.154613466334,1834.7826087,001_24
0200125,0.698063545779,0.0388299249288,0.253619101335,0.751205673759,0.149368303214,0.672477210939,0.178154485847,6253.0,0.846299093656,0.112160120846,0.0415407854985,0.992069486405,0.00264350453172,0.00528700906344,0.0857552924291,0.832795120201,0.167204879799,1751.41242938,001_25
0200126,0.685600748013,0.0452473958333,0.262038335671,0.760701754386,0.137152077451,0.67365873336,0.189189189189,4958.0,0.865313653137,0.0913284132841,0.0433579335793,0.988007380074,0.00276752767528,0.00922509225092,0.101123595506,0.815280898876,0.184719101124,1151.00041684,001_26
0200127,0.667103538663,0.0439070204273,0.232142857143,0.802465331279,0.178686759957,0.687567276642,0.133745963402,7432.0,0.728494623656,0.143241167435,0.128264208909,0.918202764977,0.0103686635945,0.0714285714286,0.321702721563,0.675854849965,0.324145150035,1128.20512821,001_27
0200128,0.697347893916,0.0474622239442,0.238122252163,0.852650266295,0.176092544987,0.683804627249,0.140102827763,8558.0,0.709399167162,0.116299821535,0.174301011303,0.899464604402,0.00386674598453,0.0966686496133,0.311840228245,0.677888730385,0.322111269615,953.198494826,001_28
0200129,0.669235815021,0.0464953271028,0.265332896031,0.846504065041,0.194238900634,0.676136363636,0.129624735729,7568.0,0.765655013446,0.10718401844,0.127160968114,0.938532462543,0.00499423741836,0.0564733000384,0.294304916873,0.674212946586,0.325787053414,,001_29
0200201,0.580188679245,0.0855018587361,0.325471698113,0.977099236641,0.319422150883,0.637239165329,0.0433386837881,623.0,0.2265625,0.4609375,0.3125,0.28125,0.2890625,0.4296875,0.285714285714,0.525974025974,0.474025974026,,002_1
0200202,0.682412790698,0.0272790055249,0.288759689922,0.697893152746,0.111684958037,0.648805681085,0.239509360878,4647.0,0.947708894879,0.0479784366577,0.00431266846361,0.990835579515,0.00700808625337,0.00215633423181,0.00882200311365,0.922677737416,0.0773222625843,,002_2
0200203,0.660316085733,0.0363349131122,0.278415241394,0.602698237885,0.10449786739,0.674098487786,0.221403644824,5158.0,0.908634079488,0.0799451804477,0.011420740064,0.989949748744,0.000456829602558,0.00959342165372,0.0150976909414,0.926731793961,0.0732682060391,,002_3
0200204,0.644123214593,0.0293049792531,0.285148855619,0.581265369998,0.101993509504,0.639932004327,0.258074486169,6471.0,0.904230769231,0.0580769230769,0.0376923076923,0.958461538462,0.000384615384615,0.0411538461538,0.0364719017492,0.93896538891,0.0610346110904,,002_4
0200205,0.647498262682,0.0263845350052,0.297949965254,0.631434966426,0.119069482706,0.648760330579,0.232170186716,6534.0,0.926742812131,0.0551398188263,0.0181173690429,0.98739661284,0.0019692792438,0.0106341079165,0.013277693475,0.93095599393,0.0690440060698,,002_5
0200206,0.710181361106,0.029685966634,0.26036990483,0.591224535482,0.129299562226,0.650875547217,0.219824890557,6396.0,0.90723210905,0.0772434683832,0.0155244225672,0.993563044301,0.000757288905718,0.00567966679288,0.0262282970078,0.929442186923,0.0705578130772,,002_6
0200207,0.669649992009,0.0372242647059,0.281444781844,0.604604200323,0.118484080023,0.659622428853,0.221893491124,7098.0,0.921509686039,0.0761523046092,0.00233800935204,0.997327989312,0.0,0.00267201068804,0.00717079530639,0.924054758801,0.0759452411995,,002_7
0200208,0.6916324508,0.0362990727954,0.276369814526,0.66703642078,0.107869142352,0.68700265252,0.205128205128,7917.0,0.906596452328,0.0914634146341,0.00194013303769,0.99667405765,0.000831485587583,0.00249445676275,0.0108401084011,0.925203252033,0.0747967479675,,002_8
0200209,0.686734562331,0.0374051319118,0.264406342658,0.667612687813,0.112065018315,0.694711538462,0.193223443223,8736.0,0.942485621405,0.0550137534384,0.00250062515629,0.998999749937,0.000250062515629,0.000750187546887,0.00557035601841,0.922015015742,0.0779849842577,,002_9
0200210,0.702966958867,0.0360610263523,0.269386378962,0.676619947187,0.111976047904,0.711826347305,0.17619760479,6680.0,0.94716301411,0.0504353047133,0.00240168117682,0.995496847793,0.000900630441309,0.00360252176524,0.00762463343109,0.911436950147,0.0885630498534,,002_10
0200211,0.688684893235,0.0354946897708,0.243264817402,0.681710213777,0.110262784091,0.721590909091,0.168146306818,5632.0,0.912117692605,0.0758807588076,0.0120015485869,0.986837011227,0.00116144018583,0.0120015485869,0.0224215246637,0.915545590433,0.0844544095665,,002_11
0200212,0.694153735114,0.0411266201396,0.270299530855,0.696698113208,0.106993232356,0.700128907509,0.192877860135,6206.0,0.945159106297,0.0514556533514,0.00338524035206,0.995937711578,0.00135409614083,0.00270819228165,0.00996464159434,0.926711668274,0.0732883317261,,002_12
0200213,0.692241005635,0.0367913148372,0.243606415258,0.678014454165,0.113260730301,0.715182575272,0.171556694427,7805.0,0.911640953717,0.0816269284712,0.00673211781206,0.987657784011,0.00112201963534,0.0112201963534,0.00613824392848,0.900987456632,0.099012543368,,002_13
0200214,0.667067147243,0.0408829174664,0.275263649713,0.674194677871,0.109486447932,0.705064194009,0.18544935806,8412.0,0.90444040509,0.0768631524279,0.0186964424825,0.990911451571,0.000519345624513,0.00856920280447,0.0325081270318,0.924981245311,0.0750187546887,,002_14
0200215,0.688128023818,0.0382314694408,0.291216970599,0.670311385786,0.110853739246,0.685638649901,0.203507610854,6044.0,0.929787234043,0.0656028368794,0.00460992907801,0.997872340426,0.0,0.00212765957447,0.00736067297581,0.91517700666,0.0848229933403,,002_15
0200216,0.655065897858,0.0395531400966,0.286243822076,0.598598598599,0.107844938453,0.67187212934,0.220282932207,5443.0,0.941889632107,0.0547658862876,0.00334448160535,0.997073578595,0.000418060200669,0.00250836120401,0.0185708518369,0.923698021801,0.0763019781994,,002_16
0200217,0.685391631678,0.0380004064215,0.283625307659,0.590774786605,0.0933315830927,0.711472827514,0.195195589394,7618.0,0.924423450959,0.0675187552098,0.00805779383162,0.992775771048,0.0025006946374,0.00472353431509,0.0218724993332,0.898906375033,0.101093624967,,002_17
0200218,0.584477124183,0.0363685344828,0.256862745098,0.629263913824,0.106699751861,0.683987739016,0.209312509123,6851.0,0.857703281027,0.080242510699,0.0620542082739,0.991440798859,0.000713266761769,0.00784593437946,0.0634701621249,0.910313901345,0.0896860986547,,002_18
0200219,0.69482633864,0.0492574257426,0.257054992764,0.706322393822,0.121284374503,0.706088062311,0.172627563186,6291.0,0.929620772122,0.0659378202938,0.00444140758456,0.997266826102,0.000683293474547,0.00204988042364,0.0254265640683,0.892271662763,0.107728337237,,002_19
0200220,0.687291952222,0.041769041769,0.24887409438,0.716205533597,0.112443517553,0.727841501564,0.159714980883,5754.0,0.907652685798,0.0871964679912,0.00515084621045,0.99484915379,0.00110375275938,0.00404709345107,0.043987229514,0.88542036183,0.11457963817,2085.46214584,002_20
0200221,0.688905979619,0.0417223856646,0.278984810613,0.695765812859,0.0951635351427,0.716423103688,0.188413361169,5748.0,0.924492862509,0.0593538692712,0.0161532682194,0.992486851991,0.000751314800902,0.00676183320811,0.0186246418338,0.905085959885,0.0949140401146,,002_21
0200222,0.703204830469,0.0356687898089,0.260798885276,0.667501391208,0.0915611814346,0.712447257384,0.195991561181,4740.0,0.935389745727,0.0621092121717,0.00250104210088,0.998332638599,0.000416840350146,0.00125052105044,0.00371593724195,0.922378199835,0.0776218001652,,002_22
0200223,0.656497361478,0.037708484409,0.29139182058,0.659982935154,0.105736617018,0.687656687804,0.206606695178,6781.0,0.942146089205,0.0565610859729,0.00129282482224,0.999030381383,0.000323206205559,0.000646412411118,0.00982878883957,0.931515535828,0.0684844641725,,002_23
0200224,0.664404072669,0.037037037037,0.289478937912,0.712091594527,0.0948680881821,0.679797614745,0.225334297073,5534.0,0.920392156863,0.0705882352941,0.00901960784314,0.993725490196,0.00078431372549,0.00549019607843,0.00769230769231,0.925769230769,0.0742307692308,,002_24
0200225,0.661180403755,0.0463649851632,0.231323132313,0.685487948761,0.117553613979,0.738568024509,0.143878361511,8813.0,0.896975657733,0.100565527416,0.00245881485124,0.998524711089,0.000491762970248,0.000983525940497,0.0470420527441,0.869802803516,0.130197196484,,002_25
0200301,0.717041800643,0.0409584271964,0.24360741081,0.745355686452,0.159567623215,0.705700682023,0.134731694763,7771.0,0.825531914894,0.0857142857143,0.0887537993921,0.96443768997,0.00243161094225,0.0331306990881,0.172864613597,0.747821034282,0.252178965718,2455.85762332,003_1
0200302,0.703118779031,0.0445446348061,0.264366290644,0.718265646459,0.186460807601,0.674908227165,0.138630965234,9262.0,0.90794864791,0.0854957661841,0.00655558590549,0.992898115269,0.00109259765092,0.00600928708003,0.0653728294178,0.79315628192,0.20684371808,2788.78504673,003_2
0200303,0.671445639188,0.0448268536223,0.282258064516,0.727767265847,0.175876923077,0.660430769231,0.163692307692,8125.0,0.919727006825,0.0688982775431,0.0113747156321,0.993825154371,0.00422489437764,0.00194995125122,0.0655141037307,0.833788292387,0.166211707613,,003_3
0200304,0.699201036493,0.0425783560024,0.264305765493,0.675102815565,0.146202064897,0.717551622419,0.136246312684,5424.0,0.907216494845,0.0834114339269,0.00937207122774,0.997656982193,0.0,0.00234301780694,0.0730968858131,0.821799307958,0.178200692042,,003_4
0200305,0.709457873739,0.0463722397476,0.264491903309,0.626160337553,0.108763856934,0.746914871366,0.1443212717,4781.0,0.899820305481,0.0844564240791,0.0157232704403,0.997753818509,0.000449236298293,0.00179694519317,0.0337954939341,0.834055459272,0.165944540728,,003_5
0200306,0.665482233503,0.0468920392585,0.254822335025,0.622272143774,0.0973654066438,0.721191294387,0.181443298969,4365.0,0.852501289324,0.11861784425,0.028880866426,0.98710675606,0.000515729757607,0.0123775141826,0.045211473019,0.839086047642,0.160913952358,,003_6
0200307,0.64862989941,0.0393013100437,0.238813735692,0.627601314348,0.108258583359,0.715589236004,0.176152180637,6466.0,0.930890052356,0.061780104712,0.00732984293194,0.994764397906,0.000349040139616,0.00488656195462,0.0521564694082,0.845870946172,0.154129053828,,003_7
0200308,0.728830850847,0.0348554444745,0.2574984697,0.693317422434,0.150017343045,0.694762400277,0.155220256677,5766.0,0.870051635112,0.10843373494,0.0215146299484,0.964716006885,0.000430292598967,0.0348537005164,0.0630372492837,0.832992222677,0.167007777323,,003_8
0200309,0.716834252352,0.0405904059041,0.237106714239,0.765507649513,0.158914199973,0.691174464602,0.149911335425,7331.0,0.838662790698,0.122456395349,0.0388808139535,0.97710755814,0.00254360465116,0.0203488372093,0.111436950147,0.774845226458,0.225154773542,866.9029971,003_9
0200310,0.687308282209,0.033692722372,0.231595092025,0.734075448361,0.149934810952,0.688722294654,0.161342894394,6136.0,0.89300758214,0.0762426284751,0.030749789385,0.992839090143,0.000421229991575,0.00673967986521,0.0954896383584,0.778951645672,0.221048354328,,003_10
0200311,0.664905037159,0.0373027259684,0.226589595376,0.711528946066,0.122590928851,0.705260107231,0.172148963918,6901.0,0.819888734353,0.116481223922,0.0636300417246,0.988873435327,0.00104311543811,0.010083449235,0.161353927046,0.820243181071,0.179756818929,,003_11
0200312,0.698678861789,0.0380130597015,0.249830623306,0.72351797862,0.117356854537,0.690536702048,0.192106443415,6689.0,0.855271994627,0.0883143049026,0.0564137004701,0.966420416387,0.000335795836132,0.033243787777,0.125464684015,0.830545229244,0.169454770756,,003_12
0200313,0.690243902439,0.041287317383,0.234451219512,0.75754601227,0.142259414226,0.673770920502,0.183969665272,7648.0,0.816650469712,0.103660511824,0.0796890184645,0.987366375121,0.00161969549725,0.0110139293813,0.159666368782,0.789693178433,0.210306821567,,003_13
0200314,0.678446261682,0.0428512566955,0.230578271028,0.778398058252,0.143357518139,0.704653490118,0.151988991744,7994.0,0.826629248519,0.096039912691,0.0773308387901,0.968194574369,0.00218272528843,0.029622700343,0.137060414788,0.762548842801,0.237451157199,3328.23807947,003_14
0200315,0.714196762142,0.0399665201925,0.231164383562,0.731508708437,0.1330634278,0.711336032389,0.155600539811,7410.0,0.880952380952,0.0803957946815,0.0386518243661,0.985157699443,0.00278293135436,0.0120593692022,0.0877192982456,0.793933987511,0.206066012489,1092.73670558,003_15
0200316,0.729976019185,0.0437696335079,0.231654676259,0.798553442272,0.163322632424,0.695425361156,0.141252006421,7476.0,0.816169070782,0.120093928212,0.0637370010064,0.971150620597,0.0020127474002,0.0268366320027,0.191414944356,0.766295707472,0.233704292528,1107.57990868,003_16
0200317,0.686793725755,0.0479307926116,0.233091583741,0.816760475297,0.179149937699,0.688218191887,0.132631870414,7223.0,0.790581929556,0.10719754977,0.102220520674,0.968989280245,0.00153139356815,0.0294793261868,0.270512361161,0.704048728054,0.295951271946,762.539539087,003_17
0200318,0.696458684654,0.0413184772516,0.255649241147,0.777349131992,0.154065620542,0.686305278174,0.159629101284,7010.0,0.820985466147,0.143920595533,0.0350939383197,0.981921304502,0.00638071605814,0.0116979794399,0.115319003753,0.775503241215,0.224496758785,635.432473445,003_18
0200319,0.688489968321,0.0527189705272,0.275758032886,0.778838904247,0.148490687219,0.686448298009,0.165061014772,7785.0,0.845434010971,0.119070667957,0.0354953210713,0.983543078412,0.00580832526621,0.0106485963214,0.141556534508,0.795888399413,0.204111600587,905.131911818,003_19
0200320,0.702559300874,0.0431455897981,0.267009987516,0.788260975018,0.129702566888,0.676762189325,0.193535243787,7363.0,0.843384615385,0.0953846153846,0.0612307692308,0.968,0.00923076923077,0.0227692307692,0.133676092545,0.802627820623,0.197372179377,,003_20
0200321,0.678709055877,0.043665158371,0.282594733462,0.797329143755,0.130774598744,0.675645498953,0.193579902303,7165.0,0.886042692939,0.0952380952381,0.0187192118227,0.983908045977,0.0072249589491,0.00886699507389,0.0952078705173,0.825134877817,0.174865122183,,003_21
0200322,0.709415584416,0.0414330977334,0.255952380952,0.780539557442,0.151515151515,0.695133149679,0.153351698806,6534.0,0.83572815534,0.109126213592,0.055145631068,0.96854368932,0.0031067961165,0.0283495145631,0.146324054247,0.777658815132,0.222341184868,1652.5198939,003_22
0200323,0.715296337054,0.0396791895314,0.264581040717,0.825437112239,0.167517340662,0.658029053789,0.174453605549,7641.0,0.852066962761,0.10898530919,0.0389477280492,0.987017423984,0.00614964127093,0.00683293474547,0.135065768367,0.785049727302,0.214950272698,804.207771291,003_23
0200324,0.68400520156,0.0443810018168,0.259149173323,0.793605571383,0.155077695809,0.661434625647,0.183487678543,6371.0,0.860789788592,0.108097327483,0.031112883925,0.989230155564,0.00279218189071,0.00797766254487,0.08599695586,0.820776255708,0.179223744292,1688.06466952,003_24
0200325,0.713793643338,0.0468325318838,0.23391263504,0.815716657443,0.179997432276,0.687508024137,0.132494543587,7789.0,0.826322930801,0.106173677069,0.0675033921303,0.987788331072,0.00237449118046,0.00983717774763,0.141823899371,0.751257861635,0.248742138365,1109.47816826,003_25
0200326,0.70027155465,0.0442436877461,0.261371350984,0.800481492627,0.159726183685,0.679977181974,0.160296634341,7012.0,0.840977443609,0.112030075188,0.046992481203,0.970676691729,0.00526315789474,0.0240601503759,0.121297602257,0.807122708039,0.192877291961,1072.6571528,003_26
0200327,0.719287833828,0.052878353738,0.253016815035,0.81419939577,0.171175602558,0.6837186424,0.145105755042,6099.0,0.865027829314,0.10667903525,0.028293135436,0.985621521336,0.00278293135436,0.0115955473098,0.119765494137,0.796901172529,0.203098827471,1346.49055445,003_27
0200401,0.657119021135,0.0628594090819,0.317296996663,0.844858473665,0.215703380589,0.649400218103,0.134896401309,9170.0,0.724766751484,0.233672603902,0.0415606446141,0.962256149279,0.0122985581001,0.0254452926209,0.0931740614334,0.715017064846,0.284982935154,,004_1
0200402,0.633058878359,0.0554010199351,0.316451763244,0.833224115334,0.18888608871,0.641507056452,0.169606854839,7936.0,0.718442784113,0.221785292961,0.0597719229257,0.971686983877,0.0173023987416,0.011010617381,0.0982404692082,0.759897360704,0.240102639296,,004_2
0200403,0.648281285104,0.0593317033415,0.32150078634,0.866240409207,0.178403322566,0.650853714813,0.170742962621,10835.0,0.808680248007,0.163861824624,0.0274579273694,0.977856510186,0.00679067020963,0.0153528196044,0.0667582417582,0.810164835165,0.189835164835,,004_3
0200404,0.674823344674,0.0457068837898,0.296388380005,0.816205022004,0.178014413252,0.65763149403,0.164354092718,9297.0,0.829686013321,0.149698699651,0.0206152870282,0.978116079924,0.0133206470029,0.00856327307326,0.0539976133652,0.810560859189,0.189439140811,1237.08159803,004_4
0200405,0.652677445247,0.0524388213751,0.27301914918,0.844903988183,0.191226931281,0.654734303997,0.154038764722,10783.0,0.818181818182,0.145396270396,0.0364219114219,0.986013986014,0.00670163170163,0.00728438228438,0.0912568306011,0.768032786885,0.231967213115,813.519575856,004_5
0200406,0.702387339056,0.0362532204637,0.264753218884,0.838471673254,0.173575703835,0.675459986699,0.150964309466,9022.0,0.84412319296,0.126021370207,0.0298554368322,0.993400377121,0.00408548082967,0.00251414204903,0.0608669833729,0.834916864608,0.165083135392,1526.24434389,004_6
0200407,0.619279454722,0.0480625311824,0.268635724332,0.816816143498,0.18563876652,0.650396475771,0.163964757709,11350.0,0.85671150151,0.102388141642,0.0409003568488,0.975020587428,0.00658797694208,0.01839143563,0.0853224987303,0.811579481971,0.188420518029,1395.5566905,004_7
0200408,0.706722264342,0.0577830188679,0.255622946677,0.795180722892,0.19491353001,0.679552390641,0.125534079349,9830.0,0.754483611626,0.200061842919,0.0454545454545,0.957637600495,0.0102040816327,0.0321583178726,0.0910392212997,0.75236186659,0.24763813341,692.823693203,004_8
0200409,0.656901804547,0.072468563865,0.313334895711,0.843907916901,0.218068535826,0.661718893165,0.12021257101,5457.0,0.681969394544,0.239520958084,0.0785096473719,0.930805056554,0.0246174318031,0.0445775116434,0.116022099448,0.713812154696,0.286187845304,,004_9
0200410,0.711885500933,0.0700699073321,0.2626011201,0.946721311475,0.294060797751,0.681778246354,0.0241609558953,11382.0,0.20646020646,0.442224442224,0.351315351315,0.793206793207,0.0579420579421,0.148851148851,0.213091527345,0.474071975064,0.525928024936,,004_10
0200411,0.659387167767,0.0701838147529,0.306754697816,0.805880269217,0.203156616754,0.64980439768,0.147038985566,7413.0,0.762197802198,0.178461538462,0.0593406593407,0.923516483516,0.0395604395604,0.0369230769231,0.0693416439423,0.803272302298,0.196727697702,,004_11
0200412,0.686159844055,0.0482529118136,0.293447293447,0.833760409994,0.162816972132,0.681270399197,0.155912628672,7966.0,0.820975797157,0.121014214368,0.0580099884748,0.977718017672,0.0076834421821,0.014598540146,0.138502319417,0.782306163022,0.217693836978,1164.55381556,004_12
0200413,0.705807275048,0.0390964378801,0.2780791321,0.786833023626,0.167043189369,0.656212624585,0.176744186047,7525.0,0.884952766532,0.0951417004049,0.0199055330634,0.987179487179,0.00168690958165,0.0111336032389,0.0456769983687,0.888091353997,0.111908646003,,004_13
0200414,0.71433743664,0.0473201352004,0.263034033309,0.773004354136,0.15754155864,0.686441970413,0.156016470947,6557.0,0.849417949681,0.0781073976718,0.0724746526474,0.975215921893,0.00788584303417,0.0168982350732,0.145998558039,0.791276135544,0.208723864456,1364.48598131,004_14
0200415,0.689578005115,0.0301258992806,0.302269820972,0.810116525424,0.150922909881,0.654180238871,0.194896851249,7368.0,0.902255639098,0.0905524681268,0.00719189277542,0.995750245178,0.000980712651193,0.00326904217064,0.0144787644788,0.879343629344,0.120656370656,,004_15
0200416,0.717831130294,0.042977881676,0.266387914756,0.776119402985,0.166404317517,0.694063413537,0.139532268945,8894.0,0.900688863375,0.0703214695752,0.0289896670494,0.985074626866,0.000574052812859,0.0143513203215,0.0648529815883,0.736740862874,0.263259137126,1259.97719498,004_16
0200417,0.64133263925,0.0520646319569,0.337324310255,0.827182718272,0.180577278544,0.624200199062,0.195222522394,7033.0,0.874138556402,0.101559666304,0.0243017772942,0.98984403337,0.00435255712731,0.00580340950308,0.0675675675676,0.841394025605,0.158605974395,815.523059618,004_17
0200418,0.986301369863,0.0,0.013698630137,0.954545454545,0.0135135135135,0.986486486486,0.0,74.0,0.190476190476,0.166666666667,0.642857142857,0.238095238095,0.0238095238095,0.738095238095,0.888888888889,0.933333333333,0.0666666666667,,004_18
0200419,0.691131498471,0.0620637615544,0.287739783153,0.884300126103,0.252571428571,0.653506493506,0.0939220779221,9625.0,0.61247771836,0.218538324421,0.168983957219,0.916577540107,0.0192513368984,0.0641711229947,0.344655655968,0.583982549081,0.416017450919,856.349757113,004_19
0200420,0.676039119804,0.0571184995737,0.305745721271,0.868681737363,0.214518916843,0.659208757442,0.126272325715,10414.0,0.713450292398,0.204093567251,0.0824561403509,0.941520467836,0.0213450292398,0.037134502924,0.230533072844,0.66089868825,0.33910131175,513.14368023,004_20
0200421,0.715118821986,0.0612440191388,0.259075667007,0.901618533799,0.24402072082,0.66471949741,0.0912597817701,9073.0,0.580781414995,0.254839845125,0.16437873988,0.888419570574,0.026399155227,0.0851812741992,0.354118039346,0.56918972991,0.43081027009,427.631578947,004_21
0200422,0.69210999743,0.0426590828297,0.287329735287,0.811737629459,0.16858974359,0.665811965812,0.165598290598,9360.0,0.913524241565,0.0601077402892,0.0263680181457,0.981570740006,0.00595406861355,0.0124751913808,0.067279113753,0.845987570927,0.154012429073,1411.53081511,004_22
0200423,0.687967760507,0.0529027144839,0.270293609672,0.840772014475,0.20293679018,0.661695537456,0.135367672364,8717.0,0.747489239598,0.199784791966,0.0527259684362,0.95050215208,0.0229555236729,0.0265423242468,0.136485580148,0.735747820255,0.264252179745,748.44368987,004_23
0200424,0.671394799054,0.0846583584014,0.30133963751,0.95332452664,0.30761676124,0.66270187691,0.0296813618507,9164.0,0.166281755196,0.434642032333,0.399076212471,0.845265588915,0.0531177829099,0.101616628176,0.164207340144,0.475974271661,0.524025728339,,004_24
0200425,0.720237274107,0.053309156845,0.264588219065,0.96190874843,0.312565196776,0.669227121859,0.0182076813656,10545.0,0.170583115753,0.45953002611,0.369886858138,0.78546562228,0.0574412532637,0.157093124456,0.240765614506,0.418737407656,0.581262592344,,004_25
0200426,0.616031886625,0.0914435009798,0.356067316209,0.929173693086,0.346454413893,0.61476121563,0.0387843704776,3455.0,0.442831215971,0.377495462795,0.179673321234,0.925589836661,0.038112522686,0.0362976406534,0.118778280543,0.487556561086,0.512443438914,,004_26
0200501,0.719539494723,0.0449915110357,0.231531819635,0.764237451737,0.134034893381,0.711991138189,0.15397396843,7222.0,0.933059677929,0.0634670034733,0.00347331859804,0.99589516893,0.000947268708557,0.00315756236186,0.0317604355717,0.862976406534,0.137023593466,919.44084162,005_1
0200502,0.700196133371,0.0397694524496,0.231017091622,0.763222494979,0.142582582583,0.704264264264,0.153153153153,8325.0,0.87134502924,0.0994152046784,0.0292397660819,0.98216374269,0.00233918128655,0.0154970760234,0.112133891213,0.850209205021,0.149790794979,939.150851105,005_2
0200503,0.743751007902,0.0437487041261,0.213675213675,0.764061358656,0.133091010765,0.717880609534,0.149028379701,7153.0,0.830146590185,0.111217335883,0.0586360739324,0.963989802422,0.0025493945188,0.0334608030593,0.11117898595,0.81826511912,0.18173488088,912.992586812,005_3
0200504,0.69528228925,0.04137342717,0.244547563805,0.781477880408,0.118369016773,0.696849856812,0.184781126415,7333.0,0.908242612753,0.0746500777605,0.0171073094868,0.980715396579,0.00435458786936,0.0149300155521,0.0391923990499,0.869952494062,0.130047505938,1731.81324647,005_4
0200505,0.715379138483,0.0329643888354,0.25311498754,0.789121338912,0.13781461019,0.687231430325,0.174953959484,6516.0,0.931071049841,0.0618593142453,0.00706963591375,0.995758218452,0.00106044538706,0.00318133616119,0.030657940062,0.863589390286,0.136410609714,1861.10395742,005_5
0200506,0.717974905165,0.0369863013699,0.265392471549,0.78088367899,0.137427636547,0.675811729172,0.186760634281,7946.0,0.915127020785,0.0796766743649,0.00519630484988,0.995381062356,0.000577367205543,0.0040415704388,0.0144164125312,0.901580260604,0.0984197393956,,005_6
0200507,0.666820276498,0.0423560555923,0.216743471582,0.781121399177,0.128863910076,0.696105981534,0.17503010839,7473.0,0.866644715179,0.110964767863,0.0223905169575,0.976950938426,0.00230490615739,0.0207441554165,0.0630573248408,0.845222929936,0.154777070064,1103.75343053,005_7
0200508,0.706116433309,0.0369849246231,0.250994841562,0.794663573086,0.129793510324,0.684237527254,0.185968962421,7797.0,0.894598540146,0.0770802919708,0.0283211678832,0.985401459854,0.00262773722628,0.0119708029197,0.0442655935614,0.886461626904,0.113538373096,1619.12751678,005_8
0200509,0.718606932636,0.0418574231524,0.253270111184,0.789117352056,0.137133182844,0.687217832957,0.175648984199,7088.0,0.91229742612,0.0740387670798,0.0136638068001,0.993962503972,0.0015888147442,0.00444868128376,0.0307740130556,0.877836493628,0.122163506372,,005_9
0200510,0.693274853801,0.0396921830701,0.244444444444,0.791801760074,0.141242937853,0.669554300063,0.189202762084,7965.0,0.895291020766,0.0798479087452,0.0248610704884,0.986253290436,0.00233986545774,0.0114068441065,0.0538939051919,0.878668171558,0.121331828442,1080.53826069,005_10
0200511,0.74494259158,0.0343727852587,0.227173318753,0.774761399788,0.154805914972,0.700785582255,0.144408502773,8656.0,0.869969887763,0.0949904188338,0.0350396934027,0.988228852998,0.00109499041883,0.0106761565836,0.0566587238549,0.855705586444,0.144294413556,877.84539103,005_11
0200512,0.701902748414,0.0318528488111,0.264595869247,0.783160621762,0.123824451411,0.674408663437,0.201766885152,7018.0,0.866027125372,0.100893152498,0.0330797221303,0.98974528614,0.00132318888521,0.00893152497519,0.0520376175549,0.878996865204,0.121003134796,1276.59574468,005_12
0200513,0.712076238088,0.0312433581296,0.256678643962,0.773868110236,0.135233720616,0.664550121589,0.200216157795,7402.0,0.917647058824,0.0756756756757,0.00667726550079,0.992368839428,0.00127186009539,0.00635930047695,0.056890781868,0.887131122604,0.112868877396,1566.46442361,005_13
0200514,0.681747927498,0.0351958639889,0.266966418435,0.785856353591,0.137019522251,0.661331393234,0.201649084516,8247.0,0.899887514061,0.0728346456693,0.02727784027,0.985939257593,0.00140607424072,0.0126546681665,0.0529661016949,0.851165254237,0.148834745763,1312.97709924,005_14
0200515,0.699474868717,0.0353817504655,0.257314328582,0.81086622245,0.130349686848,0.674060542797,0.195589770355,7664.0,0.890012642225,0.0821744627054,0.0278128950695,0.987041719343,0.00221238938053,0.0107458912769,0.101952900632,0.842619184377,0.157380815623,,005_15
0200516,0.695247933884,0.0442037990414,0.262525826446,0.815520762423,0.159813388304,0.6791797765,0.161006835196,9217.0,0.844184752365,0.111853088481,0.0439621591541,0.984140233723,0.00111296605454,0.0147468002226,0.0882121291678,0.81228668942,0.18771331058,1064.90104773,005_16
0200517,0.709905020353,0.0419337117744,0.267028493894,0.796562279256,0.150628097269,0.680765241443,0.168606661288,8677.0,0.903931421815,0.0789240319243,0.0171445462607,0.992905704996,0.00236476500148,0.00472953000296,0.0446553167737,0.86519676249,0.13480323751,1386.08119304,005_17
0200518,0.705497009399,0.0386182806132,0.263742523498,0.810817610063,0.159243295019,0.674688697318,0.166068007663,8352.0,0.871548246975,0.102389078498,0.0260626745268,0.984796773193,0.00465404902265,0.0105491777847,0.0603550295858,0.868343195266,0.131656804734,1061.20434353,005_18
0200519,0.697637587436,0.0436041252035,0.275306849677,0.794266813671,0.145194043321,0.677685018051,0.177120938628,8864.0,0.890338700722,0.0932815102721,0.0163797890061,0.995835646863,0.00305385896724,0.00111049416991,0.0479434110558,0.847786219544,0.152213780456,1968.63799283,005_19
0200520,0.692072133379,0.046264457643,0.278439378473,0.818121546961,0.174978946383,0.674370730794,0.150650322822,10687.0,0.82414910859,0.137763371151,0.0380875202593,0.980551053485,0.0110750945435,0.00837385197191,0.0881466599699,0.808638874937,0.191361125063,1223.54497354,005_20
0200521,0.687687687688,0.045634507189,0.284234234234,0.774673160728,0.165936130244,0.670632435817,0.163431433939,7985.0,0.85043017869,0.124420913302,0.0251489080079,0.985109199206,0.00496360026473,0.00992720052945,0.0692283264528,0.84058431248,0.15941568752,947.553392809,005_21
0200522,0.701676214725,0.0438051178256,0.275196265648,0.825322887995,0.174461376774,0.674111052724,0.151427570503,11418.0,0.868907131862,0.108260646485,0.0228322216521,0.986916367368,0.00538737814264,0.00769625448948,0.0696731090432,0.826294440468,0.173705559532,1323.16890882,005_22
0200601,0.679933452777,0.040108401084,0.256334783722,0.796382302615,0.163741438356,0.673373287671,0.162885273973,9344.0,0.903928790669,0.0837937384899,0.012277470841,0.99109883364,0.00153468385513,0.0073664825046,0.0284974093264,0.862694300518,0.137305699482,1449.19093851,006_1
0200602,0.70625315179,0.0407534246575,0.258194654564,0.825939393939,0.165667402966,0.681077101083,0.15325549595,9507.0,0.935133548576,0.0613442911652,0.00352216025829,0.998238919871,0.000587026709715,0.00117405341943,0.0197936994703,0.899637580151,0.100362419849,1041.84829991,006_2
0200603,0.716843409999,0.040199151761,0.249690125327,0.797659678206,0.155108215034,0.68175471259,0.163137072376,8594.0,0.890892420538,0.093826405868,0.0152811735941,0.986246943765,0.00397310513447,0.00977995110024,0.022372681778,0.889608478069,0.110391521931,1514.54363089,006_3
0200604,0.699460356995,0.0354894104179,0.248789262488,0.793424926398,0.152059134108,0.680980875279,0.166959990614,8523.0,0.901978973408,0.091218305504,0.00680272108844,0.992578849722,0.00556586270872,0.00185528756957,0.0171635049684,0.900632339657,0.0993676603433,1643.07437103,006_4
0200605,0.710356625872,0.0358992677264,0.272404263719,0.771485943775,0.142518618822,0.673549988716,0.183931392462,8862.0,0.919052576783,0.0752212389381,0.00572618427902,0.997397188964,0.000780843310776,0.00182196772514,0.0182048040455,0.895322376738,0.104677623262,,006_5
0200606,0.685551640011,0.0387685290764,0.255760368664,0.796793760832,0.13373253493,0.673124339556,0.193143125514,8517.0,0.938553561718,0.0570962479608,0.00435019032083,0.997009244154,0.0,0.00299075584557,0.00967481859715,0.900564364418,0.0994356355818,,006_6
0200607,0.668853995782,0.028756168113,0.22955237872,0.807668521954,0.136147383338,0.688227553396,0.175625063266,9879.0,0.895610005105,0.0931597753956,0.0112302194997,0.991322103114,0.00127616130679,0.00740173557938,0.0325203252033,0.890367085489,0.109632914511,2872.18045113,006_7
0200608,0.726168357868,0.0275598086124,0.233957410319,0.798652874669,0.140100774241,0.684896153373,0.175003072385,8137.0,0.900903614458,0.0861445783133,0.0129518072289,0.994277108434,0.00331325301205,0.00240963855422,0.056640625,0.876953125,0.123046875,,006_8
0200609,0.656292517007,0.0417184007946,0.308163265306,0.784371643394,0.119628686929,0.634076957628,0.246294355442,6679.0,0.938377268059,0.0503252310852,0.0112975008559,0.987333105101,0.00410818212941,0.0085587127696,0.0249831195138,0.92842673869,0.0715732613099,,006_9
0200610,0.698971461683,0.0396098726115,0.279009126467,0.757073565077,0.122314049587,0.66764144946,0.210044500954,7865.0,0.937800320342,0.0611318739989,0.00106780565937,0.998398291511,0.00106780565937,0.000533902829685,0.0127637405574,0.899192498046,0.100807501954,,006_10
0200611,0.734459674849,0.0361848985568,0.237647433854,0.811419591409,0.147785927737,0.687177397446,0.165036674817,7362.0,0.940284054229,0.0448676565526,0.0148482892189,0.98773402195,0.00193673337637,0.010329244674,0.0197244834064,0.896681277395,0.103318722605,1633.12693498,006_11
0200612,0.702426959345,0.034834324554,0.27531303138,0.75,0.14283821386,0.66397243938,0.19318934676,7547.0,0.926924228811,0.0694818808026,0.00359389038634,0.994010182689,0.00269541778976,0.00329439952081,0.0187025131502,0.883401519579,0.116598480421,,006_12
0200613,0.678966279713,0.0313485804416,0.290353786622,0.760052162573,0.13672154617,0.671200190885,0.192078262944,8382.0,0.936802973978,0.0540463254218,0.00915070060051,0.992279096368,0.00200171575636,0.00571918787532,0.0171650055371,0.923588039867,0.0764119601329,1713.99282419,006_13
0200614,0.711460799332,0.03110183956,0.255396184375,0.762078591368,0.14583085524,0.683359105507,0.170810039253,8407.0,0.930402930403,0.0571992110454,0.0123978585517,0.989292758524,0.00169061707523,0.00901662440124,0.0242070116861,0.916249304396,0.0837506956038,1481.79086272,006_14
0200615,0.724185917061,0.0300093196645,0.257027553576,0.773897861196,0.149585798817,0.685562130178,0.164852071006,8450.0,0.932882120699,0.0648618161309,0.00225606316977,0.994923857868,0.00282007896221,0.00225606316977,0.00973033083125,0.919655268279,0.0803447317209,1452.14744674,006_15
0200616,0.727283079025,0.0334443099274,0.259166476885,0.783080666292,0.165209125475,0.686596958175,0.14819391635,10520.0,0.907743785851,0.0803059273423,0.0119502868069,0.987571701721,0.00143403441683,0.0109942638623,0.020309254558,0.918993768751,0.0810062312486,1356.87732342,006_16
0200617,0.680880568556,0.0332266797933,0.303692147686,0.740776464914,0.122585551331,0.656121673004,0.221292775665,6575.0,0.9462890625,0.0514322916667,0.00227864583333,0.997721354167,0.000325520833333,0.001953125,0.0217460825072,0.908538535337,0.0914614646626,,006_17
0200618,0.666964152908,0.0352839931153,0.31131935148,0.764802631579,0.108591885442,0.644126226465,0.247281888093,7542.0,0.925038402458,0.0657450076805,0.00921658986175,0.995698924731,0.00153609831029,0.00276497695853,0.0239906377999,0.928320655354,0.071679344646,3019.88400994,006_18
0200619,0.690492429409,0.0372765310004,0.272132042013,0.792292619203,0.129645019589,0.662590525941,0.20776445447,8423.0,0.936795823028,0.0585325638912,0.00467161308052,0.994778785381,0.00137400384721,0.00384721077219,0.00999729802756,0.913536881924,0.0864631180762,,006_19
0200620,0.703153704838,0.0316255534472,0.285364360073,0.759157509158,0.145249934572,0.668542266422,0.186207799005,7642.0,0.958383594692,0.0379975874548,0.00361881785283,0.996682750302,0.00120627261761,0.00211097708082,0.00740082889284,0.915334517466,0.084665482534,,006_20
0200621,0.701084215835,0.0355532431495,0.263363590519,0.788977668511,0.148835711986,0.682798583539,0.168365704475,9319.0,0.871721630745,0.102570760841,0.0257076084134,0.989872760322,0.00129836406128,0.00882887561672,0.0449667858968,0.898058252427,0.101941747573,1932.3009728,006_21
0200701,0.662699077955,0.0472402988672,0.276445934619,0.765246705486,0.185109289617,0.642213114754,0.172677595628,7320.0,0.855426511814,0.10532639167,0.0392470965158,0.977973568282,0.00360432519023,0.0184221065278,0.112159709619,0.786932849365,0.213067150635,2591.1179173,007_1
0200702,0.681675106063,0.0483377913642,0.278910633639,0.819958311621,0.182387825892,0.654246391407,0.163365782701,8937.0,0.84938036225,0.106450587861,0.0441690498888,0.974578964093,0.0117572291071,0.0136638068001,0.124735729387,0.834491090305,0.165508909695,1684.41971383,007_2
0200703,0.698908156712,0.0392018364824,0.269621066153,0.816686251469,0.166488222698,0.664561027837,0.168950749465,9340.0,0.886043165468,0.0863309352518,0.0276258992806,0.98618705036,0.0031654676259,0.0106474820144,0.056376573618,0.870279146141,0.129720853859,1536.53085783,007_3
0200704,0.706547619048,0.0343312723723,0.272023809524,0.730012557555,0.146514935989,0.67577728104,0.177707782971,9842.0,0.910550458716,0.086869266055,0.00258027522936,0.995412844037,0.00172018348624,0.00286697247706,0.0278377729782,0.89368850492,0.10631149508,1472.76464543,007_4
0200705,0.645131518228,0.0411522633745,0.313951699739,0.780650115178,0.139054429877,0.634088200238,0.226857369885,7551.0,0.892131147541,0.0816393442623,0.0262295081967,0.986885245902,0.000655737704918,0.0124590163934,0.0592312539382,0.898550724638,0.101449275362,1635.02755664,007_5
0200706,0.66959015011,0.0396710208031,0.279305110474,0.802971768202,0.152394567548,0.632451751251,0.215153681201,6995.0,0.886750555144,0.0514433752776,0.0618060695781,0.972612879349,0.00148038490007,0.0259067357513,0.103819444444,0.831944444444,0.168055555556,,007_6
0200707,0.660534124629,0.0359462970983,0.280415430267,0.803177857509,0.149955858242,0.620633118931,0.229411022828,7929.0,0.892469687301,0.0695596681557,0.0379706445437,0.974154435227,0.0022335673261,0.0236119974474,0.0899422667882,0.852020662413,0.147979337587,,007_7
0200708,0.688554658841,0.0416134797039,0.267424798239,0.761587485516,0.147725496326,0.660153196811,0.192121306863,6397.0,0.884747052111,0.0973754279194,0.0178775199696,0.991251426398,0.00190186382655,0.00684670977558,0.0569550930997,0.85140562249,0.14859437751,1459.9805258,007_8
0200709,0.690072639225,0.0343074968234,0.273002421308,0.770333745365,0.14481687589,0.654846641646,0.200336482464,7727.0,0.8973042362,0.0702824133504,0.0324133504493,0.975930680359,0.00288831835687,0.0211810012837,0.0535660547698,0.869395124887,0.130604875113,2045.92901879,007_9
0200710,0.657696620215,0.0390826117482,0.301297453148,0.775839625098,0.131348267706,0.643662167803,0.224989564491,7187.0,0.887583892617,0.094966442953,0.0174496644295,0.980872483221,0.00604026845638,0.0130872483221,0.027027027027,0.909360580092,0.0906394199077,1472.91615137,007_10
0200711,0.636762360447,0.03949478749,0.291998936736,0.768906631182,0.126740947075,0.65099814299,0.222260909935,8616.0,0.930775886934,0.0513412171907,0.0178828958754,0.988174214018,0.0034612056533,0.00836458032881,0.033778030088,0.903207493613,0.0967925063866,,007_11
0200712,0.642389959342,0.0461942257218,0.321548523953,0.844384303112,0.154662283323,0.650478182905,0.194859533772,6692.0,0.902644230769,0.0941506410256,0.00320512820513,0.985977564103,0.00480769230769,0.00921474358974,0.0180039138943,0.910371819961,0.0896281800391,799.757649197,007_12
0200713,0.658782566935,0.0444096133751,0.307960139272,0.809956808366,0.156727751342,0.657487091222,0.185785157436,9877.0,0.918327252315,0.0667976424361,0.0148751052484,0.989054167836,0.00392927308448,0.00701655907943,0.0242506811989,0.906539509537,0.0934604904632,1391.71374765,007_13
0200714,0.66101511879,0.051007751938,0.296004319654,0.837214828897,0.174320107,0.670173874276,0.155506018725,11215.0,0.877944933295,0.112404200965,0.00965086573943,0.99517456713,0.00340618790803,0.00141924496168,0.0383504071447,0.850013133701,0.149986866299,699.272967614,007_14
0200715,0.62800982801,0.060984570169,0.322604422604,0.867448680352,0.192860684184,0.646306395637,0.160832920178,10085.0,0.83569979716,0.156186612576,0.00811359026369,0.990534144692,0.00507099391481,0.00439486139283,0.048679133274,0.788067675868,0.211932324132,,007_15
0200716,0.67898030835,0.0501815075806,0.303159822928,0.856317689531,0.178145778447,0.670932128968,0.150922092586,7971.0,0.844013490725,0.143760539629,0.0122259696459,0.985666104553,0.00758853288364,0.00674536256324,0.0424403183024,0.81470253884,0.18529746116,,007_16
0200717,0.719104281833,0.058282208589,0.267216340298,0.964410327983,0.326497128794,0.664542184641,0.00896068656528,15847.0,0.209117221418,0.405933429812,0.38494934877,0.910998552822,0.0311143270622,0.0578871201158,0.366890380313,0.383160463697,0.616839536303,,007_17
0200718,0.691303334111,0.0760361483328,0.27593844719,0.904674273095,0.325151443632,0.652505703721,0.0223428526473,12711.0,0.189991863303,0.503661513426,0.306346623271,0.915378356387,0.0443449959317,0.040276647681,0.323232323232,0.408529741863,0.591470258137,1343.25236242,007_18
0200719,0.702294875825,0.0664437944003,0.274756365923,0.947338294219,0.273992924797,0.675225379436,0.0507816957663,8763.0,0.538972809668,0.358912386707,0.102114803625,0.939577039275,0.0181268882175,0.0422960725076,0.166598107775,0.563554092966,0.436445907034,,007_19
0200720,0.650635485511,0.0521404236409,0.311438739197,0.852293165468,0.184697007378,0.651993699743,0.163309292879,12063.0,0.818253758903,0.152993932999,0.0287523080981,0.977842257979,0.0116064362965,0.0105513057241,0.0675054439874,0.802806677958,0.197193322042,580.898075552,007_20
0200721,0.699597251836,0.0303726810048,0.261194029851,0.816423043852,0.147100424328,0.651545766822,0.20135380885,9898.0,0.918114797262,0.0760926803581,0.0057925223802,0.991047919958,0.00315955766193,0.0057925223802,0.0219807359842,0.901457149914,0.0985428500864,,007_21
0200722,0.706435285611,0.0342668863262,0.279464931309,0.803174603175,0.159100121605,0.675618159708,0.165281718687,9868.0,0.909881422925,0.0851119894598,0.00500658761528,0.99604743083,0.00158102766798,0.00237154150198,0.0165352327652,0.898499109641,0.101500890359,1917.29323308,007_22
0200723,0.682368775236,0.0340557275542,0.279777927322,0.827597195666,0.154721274175,0.663395904437,0.181882821388,7032.0,0.880631497882,0.103195995379,0.0161725067385,0.98729303042,0.00269541778976,0.0100115517905,0.0324792493685,0.879826777337,0.120173222663,1910.11235955,007_23
0200724,0.670125183264,0.0448480951615,0.312281493177,0.82674982675,0.173471290082,0.662938105891,0.163590604027,10728.0,0.841855266834,0.129086336966,0.0290583962001,0.975412126292,0.00447052249232,0.0201173512154,0.0624341412013,0.838250790306,0.161749209694,2400.95087163,007_24
0200801,0.68078221722,0.0579188163146,0.304516038267,0.947558046437,0.319548152403,0.647999234157,0.0324526134406,20892.0,0.28284748627,0.422475707647,0.294676806084,0.809463455851,0.0523869877482,0.138149556401,0.189506785833,0.444389275074,0.555610724926,,008_1
0200802,0.630952380952,0.0728132387707,0.338803088803,0.87255250979,0.212765957447,0.628926038501,0.158308004053,7896.0,0.713178294574,0.281925744594,0.00489596083231,0.963688290494,0.00530395756834,0.031007751938,0.0117279124316,0.844409695074,0.155590304926,,008_2
0200803,0.671406997231,0.0622253471612,0.307450289454,0.892480674631,0.250801433151,0.658400905148,0.0907976617009,10606.0,0.538582677165,0.275984251969,0.185433070866,0.897244094488,0.0228346456693,0.0799212598425,0.149938423645,0.607450738916,0.392549261084,,008_3
0200804,0.628536116452,0.0549246334916,0.34949189783,0.840729483283,0.189267423736,0.637608550434,0.173124025829,8982.0,0.788141720897,0.177874186551,0.0339840925524,0.959869848156,0.0112075198843,0.0289226319595,0.0516838946315,0.802600866956,0.197399133044,,008_4
0200805,0.621023694201,0.0635609948677,0.352925775625,0.848029486816,0.18264498181,0.646265782153,0.171089236037,9346.0,0.812771648278,0.169508525577,0.0177198261451,0.984620528251,0.00668672684721,0.00869274490137,0.0227982510931,0.853841349157,0.146158650843,,008_5
0200806,0.665109640586,0.0661322645291,0.30219281173,0.86201644837,0.199023072126,0.662752026606,0.138224901268,9622.0,0.816607773852,0.161130742049,0.0222614840989,0.975265017668,0.00848056537102,0.0162544169611,0.0581655480984,0.758708852669,0.241291147331,,008_6
0200807,0.673326735123,0.0773859976267,0.301496968947,0.970347003155,0.333855282677,0.647066095269,0.0190786220537,24268.0,0.213263979194,0.410056350238,0.376679670568,0.883831816212,0.0346770697876,0.0814911140009,0.283199045061,0.394956729335,0.605043270665,,008_7
0200808,0.645952575634,0.0495287748145,0.325020441537,0.818287373004,0.174949404093,0.654935911851,0.170114684057,8894.0,0.870521461511,0.115643845335,0.0138346931536,0.976942178077,0.00922312876907,0.0138346931536,0.0274599542334,0.848643347499,0.151356652501,,008_8
0200809,0.631250998562,0.0513805522209,0.342866272568,0.823712409264,0.180222658808,0.644793713163,0.174983628029,7635.0,0.840537138061,0.143516575745,0.0159462861939,0.985732270248,0.00503566932438,0.00923206042803,0.0351279114166,0.837342497136,0.162657502864,,008_9
0200810,0.641109298532,0.0605577689243,0.3362697118,0.846434267487,0.212149772941,0.630280181647,0.157570045412,11671.0,0.851413189771,0.142395693136,0.00619111709287,0.995423956931,0.00107671601615,0.00349932705249,0.0130836326321,0.838122113905,0.161877886095,,008_10
0200811,0.626945309026,0.0749548958504,0.34070698088,0.873704982733,0.190060322319,0.658053479788,0.151886197893,11107.0,0.749576510446,0.242800677583,0.00762281197064,0.993224167137,0.00338791643139,0.00338791643139,0.010325655282,0.818109610802,0.181890389198,,008_11
0200812,0.633415983216,0.057069846678,0.344650009537,0.846286701209,0.187005737324,0.658861839045,0.154132423632,6449.0,0.817346938776,0.164795918367,0.0178571428571,0.976020408163,0.0122448979592,0.0117346938776,0.0286638927416,0.808599167822,0.191400832178,,008_12
0200813,0.651228527941,0.053114132153,0.327897368993,0.840296139609,0.194993873622,0.64186942062,0.163136705759,5713.0,0.750786658276,0.20704845815,0.0421648835746,0.946507237256,0.0220264317181,0.0314663310258,0.0669164882227,0.758565310493,0.241434689507,,008_13
0200814,0.665052461663,0.0677414792816,0.29913236481,0.899424416843,0.277498359939,0.639988337342,0.0825133027189,13719.0,0.535197036039,0.331761535871,0.13304142809,0.907039407208,0.0336813742001,0.0592792185921,0.187140355266,0.568926695021,0.431073304979,,008_14
0200815,0.666250624064,0.0751905751906,0.312531203195,0.946406443618,0.336937931034,0.636082758621,0.0269793103448,18125.0,0.321440261866,0.41767594108,0.260883797054,0.870376432079,0.030441898527,0.0991816693944,0.265674603175,0.419841269841,0.580158730159,,008_15
0200816,0.592987128273,0.0909503288728,0.373280071016,0.871929824561,0.267078724789,0.619063109954,0.113858165257,9222.0,0.782293762575,0.199597585513,0.0181086519115,0.957746478873,0.00160965794769,0.0406438631791,0.0247283626827,0.786811539903,0.213188460097,,008_16
0200817,0.655789892559,0.039627039627,0.33107839236,0.789893617021,0.186731391586,0.615533980583,0.197734627832,3090.0,0.791245791246,0.20202020202,0.00673400673401,0.995791245791,0.000841750841751,0.003367003367,0.00486223662885,0.835494327391,0.164505672609,,008_17
0200901,0.677027296274,0.0468443197756,0.284518828452,0.772664835165,0.163360560093,0.649108184697,0.187531255209,5999.0,0.901333333333,0.0902222222222,0.00844444444444,0.988,0.00533333333333,0.00666666666667,0.0419463087248,0.847315436242,0.152684563758,,009_1
0200902,0.66163431584,0.0394851278483,0.302779774742,0.768742318722,0.168310911809,0.651121076233,0.180568011958,10035.0,0.915800692779,0.0810018651745,0.00319744204636,0.99520383693,0.00266453503864,0.00213162803091,0.0101325019486,0.886464016628,0.113535983372,941.819693654,009_2
0200903,0.659647779479,0.0426004815707,0.318529862175,0.754919908467,0.159768389449,0.646365001072,0.193866609479,9326.0,0.920581994544,0.0745680509245,0.00484995453168,0.996059411943,0.0030312215823,0.000909366474689,0.0283848992336,0.875106443372,0.124893556628,942.720763723,009_3
0200904,0.632435981615,0.0534591194969,0.345896257387,0.826600209864,0.166301729801,0.640245237574,0.193453032625,9134.0,0.870517296096,0.119961916852,0.00952078705173,0.987622976833,0.00571247223104,0.00666455093621,0.0144500147449,0.884694780301,0.115305219699,1182.81136198,009_4
0200905,0.623974135787,0.0438262195122,0.314225317085,0.809244314013,0.165594521685,0.654700145258,0.179705333057,9638.0,0.871562405561,0.108189785434,0.0202478090057,0.977938954367,0.00302206104563,0.0190389845875,0.0230747043554,0.877992500721,0.122007499279,839.647126437,009_5
0200906,0.673811118553,0.0450878025629,0.294597008261,0.822289156627,0.172318211217,0.654993994271,0.172687794512,10823.0,0.853218210361,0.108058608059,0.0387231815803,0.973050758765,0.00811093668237,0.0188383045526,0.0611940298507,0.848258706468,0.151741293532,1094.25205284,009_6
0200907,0.62554040572,0.0488791505141,0.335993792262,0.835320584927,0.158567297827,0.632870068091,0.208562634083,10721.0,0.871263129545,0.112038782656,0.0166980877996,0.980339348236,0.00484783194183,0.0148128198222,0.0196129032258,0.878193548387,0.121806451613,,009_7
0200908,0.654898978927,0.0578215346148,0.316424071258,0.810716619473,0.182923582143,0.656607792669,0.160468625189,11267.0,0.81918323482,0.166845781838,0.0139709833423,0.981192907039,0.0107469102633,0.00806018269747,0.0413286004057,0.825557809331,0.174442190669,628.59524802,009_8
0200909,0.656389136242,0.0502496376228,0.323352626892,0.837697570182,0.184828962889,0.64803556846,0.167135468651,11021.0,0.797521824838,0.173753872149,0.0287243030132,0.968177978034,0.0112644325542,0.0205575894114,0.0361226611227,0.867983367983,0.132016632017,795.745829024,009_9
0200910,0.639157729532,0.0578368999422,0.305388438399,0.835562549174,0.175010789814,0.646417781614,0.178571428571,9268.0,0.877275580665,0.113308223478,0.00941619585687,0.989642184557,0.00376647834275,0.00659133709981,0.0269703326341,0.861851962841,0.138148037159,744.539781591,009_10
0200911,0.6484375,0.049255441008,0.29814453125,0.845,0.186203608043,0.646507192244,0.167289199714,12583.0,0.863133521996,0.120658605608,0.0162078723952,0.9853357345,0.00437355286854,0.0102907126318,0.0513002364066,0.845153664303,0.154846335697,1012.36021189,009_11
0200912,0.653075737822,0.053264604811,0.319544861918,0.868939797549,0.183252662149,0.652081316554,0.164666021297,10330.0,0.816676885346,0.169221336603,0.0141017780503,0.988350705089,0.00613120784795,0.00551808706315,0.0350272753374,0.819408555843,0.180591444157,,009_12
0200913,0.663887441376,0.0527881040892,0.316484280007,0.856365159129,0.200194498472,0.650319533204,0.149485968325,7198.0,0.821026894866,0.152078239609,0.0268948655257,0.975061124694,0.00880195599022,0.0161369193154,0.0600343053173,0.777444253859,0.222555746141,,009_13
0200914,0.639368971061,0.0700087693657,0.338524919614,0.934331093464,0.281444043321,0.655162454874,0.0633935018051,13850.0,0.435763321347,0.39980385747,0.164432821183,0.924812030075,0.025171624714,0.0500163452109,0.140588388441,0.535016922676,0.464983077324,,009_14
0200915,0.66433381751,0.051291721667,0.316651261059,0.836490819003,0.202254292637,0.646371010218,0.151374697145,9493.0,0.812543554007,0.168292682927,0.0191637630662,0.978745644599,0.00975609756098,0.0114982578397,0.0436010037641,0.789209535759,0.210790464241,,009_15
0200916,0.635034854958,0.0639708319523,0.335507083427,0.853215513009,0.19953199532,0.634416344163,0.166051660517,11111.0,0.83084004603,0.15420023015,0.0149597238205,0.981300345224,0.00776754890679,0.0109321058688,0.0277557494052,0.812582606397,0.187417393603,,009_16
0201001,0.656398973231,0.042012309339,0.321232123212,0.810122038765,0.164009809933,0.640251379522,0.195738810546,6524.0,0.874612317235,0.12051395658,0.0048737261852,0.989809481613,0.00664599025255,0.00354452813469,0.0111754966887,0.885761589404,0.114238410596,743.777452416,010_1
0201002,0.664426059979,0.0493218249075,0.31402964495,0.830608695652,0.15852066715,0.659028281363,0.182451051487,6895.0,0.864740368509,0.131909547739,0.00335008375209,0.990368509213,0.00670016750419,0.00293132328308,0.00678913738019,0.912539936102,0.0874600638978,,010_2
0201003,0.646024464832,0.0574456218628,0.31746941896,0.80433983082,0.166613571201,0.63905702453,0.194329404269,6278.0,0.91723822588,0.0740740740741,0.00868770004572,0.991312299954,0.00411522633745,0.00457247370828,0.0127753303965,0.916740088106,0.0832599118943,732.586068855,010_3
0201004,0.67381219005,0.0403280929597,0.308750599904,0.818979016599,0.171394485684,0.658536585366,0.17006892895,7544.0,0.88948374761,0.109369024857,0.00114722753346,0.998087954111,0.00152963671128,0.00038240917782,0.00436205016358,0.896037804435,0.103962195565,1038.43255463,010_4
0201005,0.660763520679,0.0430041468284,0.315800636267,0.821576763485,0.165560569861,0.649057605522,0.185381824617,11301.0,0.887121212121,0.108838383838,0.0040404040404,0.992171717172,0.0040404040404,0.00378787878788,0.0212406468742,0.860970311369,0.139029688631,,010_5
0201006,0.665892291447,0.0461352291635,0.308447729673,0.818572305175,0.163279731401,0.660540731578,0.176179537021,11318.0,0.88255872064,0.106196901549,0.0112443778111,0.990754622689,0.00249875062469,0.00674662668666,0.0205790859057,0.886336444125,0.113663555875,1394.3244388,010_6
0201007,0.665693588496,0.0498456790123,0.277327278625,0.827408993576,0.159487459106,0.676117775354,0.16439476554,11004.0,0.889492753623,0.104554865424,0.00595238095238,0.992494824017,0.00258799171843,0.00491718426501,0.0160851274437,0.873298688443,0.126701311557,1121.58752007,010_7
0201008,0.652448021462,0.046648373187,0.297384305835,0.817053426875,0.164143962328,0.660051575289,0.175804462384,8919.0,0.866248348745,0.126816380449,0.00693527080581,0.989431968296,0.00693527080581,0.00363276089828,0.0174509192895,0.883452789031,0.116547210969,951.286104325,010_8
0201009,0.654371973797,0.0476683937824,0.307604671034,0.829614604462,0.174756140557,0.657891644141,0.167352215301,8509.0,0.886831994411,0.110024449878,0.00314355571079,0.992315752707,0.00558854348585,0.0020957038072,0.0192819148936,0.861037234043,0.138962765957,979.626678807,010_9
0201010,0.653939886271,0.0462085308057,0.313450156667,0.842965419233,0.168724676828,0.645572062512,0.18570326066,10366.0,0.909244169711,0.0837313852206,0.00702444506884,0.99494239955,0.0036527114358,0.00140488901377,0.0228013029316,0.881650380022,0.118349619978,1141.84131737,010_10
0201011,0.69814202087,0.0444173488939,0.274751845253,0.803168506961,0.18316008316,0.664760914761,0.152079002079,9620.0,0.872683801554,0.115660490137,0.0116557083084,0.997907949791,0.000896592946802,0.0011954572624,0.0701076455976,0.822798785537,0.177201214463,2627.11864407,010_11
0201012,0.690969345485,0.036729036729,0.273902236951,0.796683046683,0.171471718836,0.655134541461,0.173393739703,7284.0,0.900539707016,0.0790285273709,0.020431765613,0.996915959907,0.00192752505783,0.0011565150347,0.0778378378378,0.826666666667,0.173333333333,1187.10781517,010_12
0201013,0.65227021041,0.0467327533886,0.288482834994,0.821903242956,0.149817582676,0.648346475227,0.201835942097,8497.0,0.895213454075,0.0928201811125,0.0119663648124,0.992238033635,0.00388098318241,0.00388098318241,0.0328947368421,0.871553884712,0.128446115288,784.565916399,010_13
0201014,0.691404612159,0.047554871005,0.288469601677,0.807361002349,0.173119149428,0.659886744482,0.16699410609,8653.0,0.874878758487,0.0992563853864,0.0258648561267,0.978338182994,0.00323310701584,0.0184287099903,0.0440583307478,0.849208811666,0.150791188334,,010_14
0201015,0.67645074224,0.0537989617744,0.292341430499,0.811135716545,0.157834919733,0.67992612587,0.162238954397,7039.0,0.88728549142,0.0990639625585,0.0136505460218,0.992979719189,0.00234009360374,0.00468018720749,0.0457957957958,0.868993993994,0.131006006006,749.805749806,010_15
0201016,0.669685273159,0.0365228534814,0.302850356295,0.801120448179,0.162605668821,0.658254599702,0.179139731477,8044.0,0.877972027972,0.103146853147,0.0188811188811,0.987062937063,0.0041958041958,0.00874125874126,0.0264390896921,0.874832663989,0.125167336011,1385.8221964,010_16
0201017,0.675664095973,0.0417257443792,0.312196515281,0.799891392886,0.176235294118,0.665764705882,0.158,8500.0,0.89816700611,0.0906313645621,0.0112016293279,0.993890020367,0.00441276306857,0.00169721656483,0.0264247055078,0.876790830946,0.123209169054,1441.27465857,010_17
0201018,0.661420297154,0.0414233576642,0.270712666835,0.814914425428,0.157079176396,0.656973041817,0.185947781787,9422.0,0.891689168917,0.0927092709271,0.015601560156,0.982598259826,0.011701170117,0.00570057005701,0.0519808935094,0.851362742343,0.148637257657,1388.18698673,010_18
0201019,0.689647086411,0.045904298459,0.27154414351,0.800720033884,0.172343522562,0.665016982048,0.162639495391,10305.0,0.848188309971,0.0904522613065,0.0613594287226,0.957683152605,0.00476064533192,0.0375562020629,0.108008817046,0.806269899584,0.193730100416,1136.32196553,010_19
0201101,0.666873372194,0.0401642270618,0.282277068089,0.794232089723,0.150279270735,0.656549689114,0.193171040152,9489.0,0.880979827089,0.11325648415,0.00576368876081,0.993083573487,0.00374639769452,0.00317002881844,0.00697544642857,0.908482142857,0.0915178571429,1573.21471508,011_1
0201102,0.674333375458,0.0383852946477,0.300770883357,0.808531502819,0.158012343052,0.667801659928,0.174185997021,9398.0,0.916919345058,0.0612492419648,0.0218314129776,0.981503941783,0.00242571255306,0.016070345664,0.021859516176,0.924511804139,0.0754881958613,1173.49519474,011_2
0201103,0.65024962893,0.0358143257303,0.304412360005,0.795607686549,0.146886151721,0.634511338782,0.218602509497,8687.0,0.946047678795,0.0523839397742,0.00156838143036,0.996235884567,0.00282308657465,0.000941028858218,0.00705737956428,0.93801779687,0.0619822031298,1374.93905412,011_3
0201104,0.644589338824,0.0383959044369,0.3075955159,0.776625026466,0.149445417396,0.634364662386,0.216189920218,10278.0,0.929116684842,0.0667938931298,0.00408942202835,0.997001090513,0.000272628135224,0.00272628135224,0.00422163588391,0.940633245383,0.0593667546174,1981.76583493,011_4
0201105,0.64876212538,0.0437473324797,0.32865209208,0.817522321429,0.154693427977,0.655244156162,0.190062415861,8171.0,0.904778156997,0.0907849829352,0.00443686006826,0.997269624573,0.00170648464164,0.00102389078498,0.00560316413975,0.914634146341,0.0853658536585,1630.23679417,011_5
0201106,0.662503252667,0.0441148864276,0.319151704398,0.810412573674,0.159540732641,0.657955166758,0.182504100601,9145.0,0.869393939394,0.12,0.0106060606061,0.98696969697,0.0030303030303,0.01,0.0186208903113,0.885365144021,0.114634855979,864.895421142,011_6
0201107,0.552569006513,0.0397053539346,0.252972190634,0.825096899225,0.147978507883,0.703426407117,0.148595085,11353.0,0.895772166765,0.0974750440399,0.00675278919554,0.990604815032,0.00587199060482,0.00352319436289,0.0171428571429,0.898,0.102,1129.89130435,011_7
0201108,0.664410514717,0.0402455661664,0.31449708799,0.81219858156,0.148733753182,0.656170440841,0.195095805976,7463.0,0.925951798812,0.0733496332518,0.000698567935732,0.997555012225,0.00139713587146,0.0010478519036,0.00511421752472,0.91101261507,0.0889873849301,,011_8
0201109,0.683825485501,0.0410371199403,0.279994679436,0.795693999084,0.141878780961,0.659856180801,0.198265038238,8761.0,0.930339666091,0.0673575129534,0.00230282095567,0.997409326425,0.00115141047784,0.00143926309729,0.00415167450872,0.905895377802,0.0941046221976,,011_9
0201110,0.695567867036,0.0344164583734,0.274930747922,0.779929988331,0.14808259587,0.665840707965,0.186076696165,8475.0,0.926989826451,0.0700179533214,0.00299222022741,0.997606223818,0.000598444045482,0.00179533213645,0.00620942703923,0.885972339825,0.114027660175,1327.26269316,011_10
0201111,0.684428844927,0.0445434298441,0.299298021698,0.84591732149,0.173305196518,0.668029543656,0.158665259826,7582.0,0.875605815832,0.120355411955,0.00403877221325,0.995557350565,0.00201938610662,0.00242326332795,0.0115844544096,0.888266068759,0.111733931241,,011_11
0201112,0.683061049011,0.0368574199806,0.298710232158,0.821948134092,0.163790624101,0.656744319816,0.179465056083,6954.0,0.918045402078,0.0796460176991,0.00230858022316,0.996537129665,0.00307810696422,0.000384763370527,0.00704225352113,0.907338769459,0.0926612305411,2798.69067103,011_12
0201113,0.639733716225,0.0401488444967,0.328677718314,0.810556922389,0.136885984678,0.632492113565,0.230621901758,8876.0,0.908112582781,0.0855408388521,0.00634657836645,0.995860927152,0.00193156732892,0.00220750551876,0.0199891950297,0.915991356024,0.0840086439762,1173.1297186,011_13
0201114,0.65856112695,0.0470759524387,0.317960758008,0.829051987768,0.167411337615,0.639765428651,0.192823233734,7162.0,0.896717078569,0.0999631132423,0.00331980818886,0.992622648469,0.0036886757654,0.0036886757654,0.00576992426974,0.910926794086,0.0890732059142,,011_14
0201115,0.688252286952,0.0414082145851,0.296822339913,0.839585730725,0.159704662688,0.663800950743,0.176494386568,9887.0,0.881853070175,0.0888157894737,0.0293311403509,0.969572368421,0.00356359649123,0.0268640350877,0.041381128097,0.890880337375,0.109119662625,1282.09459459,011_15
0201116,0.701483312732,0.0419919814307,0.281056860321,0.788728632479,0.178263077704,0.649314372778,0.172422549518,7876.0,0.900101591602,0.0809346427362,0.018963765662,0.97866576363,0.00406366407044,0.0172705722994,0.0343698854337,0.875941080196,0.124058919804,1280.99415205,011_16
0201117,0.679831223629,0.0395803528851,0.300253164557,0.835743801653,0.18038456218,0.653340711025,0.166274726795,7229.0,0.854552946024,0.132262051916,0.0131850020602,0.980634528224,0.00906468891636,0.0103007828595,0.0269853508096,0.868157286045,0.131842713955,1192.66589057,011_17
0201118,0.704012888108,0.0364802565644,0.248681898067,0.790749512399,0.180607224289,0.666386655466,0.153006120245,8333.0,0.859055673009,0.124383368569,0.0165609584214,0.982734319944,0.00704721634954,0.0102184637068,0.0481300813008,0.851056910569,0.148943089431,1488.49693252,011_18
0201119,0.694378085682,0.040704070407,0.256728778468,0.822620519159,0.165581395349,0.666312292359,0.168106312292,7525.0,0.867768595041,0.125845229151,0.00638617580766,0.993613824192,0.00187828700225,0.00450788880541,0.036023054755,0.844380403458,0.155619596542,995.747696669,011_19
0201120,0.710110803324,0.039167916042,0.274930747922,0.837503436899,0.179265658747,0.677390019325,0.143344321928,8797.0,0.871634931057,0.116217990808,0.0121470781353,0.990479317137,0.00426789231779,0.00525279054498,0.0342014433637,0.867587072482,0.132412927518,990.705128205,011_20
0201121,0.718084384751,0.0409494473637,0.265364265364,0.829220620572,0.174857270794,0.669092130303,0.156050598903,8933.0,0.897466116676,0.0892751915144,0.0132586918091,0.98821449617,0.00353565114909,0.0082498526812,0.0428855438796,0.83811417211,0.16188582789,1245.97207304,011_21
0201122,0.697839898348,0.0456993918332,0.254383735705,0.806919912896,0.167900190315,0.673398181434,0.158701628251,9458.0,0.884557721139,0.0986506746627,0.0167916041979,0.990104947526,0.00449775112444,0.00539730134933,0.0378766140603,0.866571018651,0.133428981349,1526.19589977,011_22
0201201,0.644536652835,0.0491736380331,0.322821576763,0.840842598011,0.157047918853,0.657689168707,0.18526291244,8577.0,0.878218510786,0.116910229645,0.00487125956855,0.991649269311,0.00521920668058,0.00313152400835,0.0175322527291,0.909030764142,0.0909692358584,983.882270498,012_1
0201202,0.665662172879,0.0409049360146,0.302616970658,0.822590361446,0.162348877375,0.648199814003,0.189451308622,7527.0,0.866715488832,0.126327352618,0.00695715854998,0.995606005126,0.00219699743684,0.00219699743684,0.0108051585918,0.888114325549,0.111885674451,1757.5436739,012_2
0201203,0.665115660729,0.0553247734139,0.29925551715,0.853273809524,0.187952067365,0.65270430746,0.159343625175,9263.0,0.83606557377,0.15730728985,0.00662713637949,0.989187303802,0.00523194977328,0.00558074642483,0.0230295167045,0.847551086604,0.152448913396,1274.85951625,012_3
0201204,0.689116859946,0.0401739490578,0.282188522153,0.798959189263,0.163848831427,0.667951268026,0.168199900547,8044.0,0.873157353445,0.122728830991,0.00411381556394,0.997257456291,0.00137127185465,0.00137127185465,0.0107212475634,0.88661468486,0.11338531514,1647.11058962,012_4
0201205,0.740452809602,0.0362151606604,0.237997817785,0.805132863956,0.151094129906,0.699432673382,0.149473196712,8637.0,0.877574047955,0.114245416079,0.00818053596615,0.995486600846,0.00253878702398,0.00197461212976,0.0258312723276,0.904918933773,0.095081066227,2183.92630241,012_5
0201206,0.702429149798,0.0401106500692,0.28036437247,0.817828452967,0.161392021341,0.670183096884,0.168424881775,8247.0,0.899239543726,0.0979087452471,0.00285171102662,0.994296577947,0.00316856780735,0.00253485424588,0.00517661388551,0.8928136419,0.1071863581,1413.47801256,012_6
0201207,0.717824310521,0.0383167978105,0.257660878447,0.785046728972,0.146189905156,0.687670336858,0.166139757985,9173.0,0.887755102041,0.106292517007,0.00595238095238,0.994047619048,0.00255102040816,0.00340136054422,0.0167214912281,0.893092105263,0.106907894737,2462.13520502,012_7
0201208,0.721127116502,0.0411626344086,0.248925954006,0.79902287364,0.160852507687,0.685717315237,0.153430177076,9431.0,0.882990550306,0.112840466926,0.0041689827682,0.997220678155,0.00138966092273,0.00138966092273,0.0104411380841,0.904463586531,0.0955364134691,1363.3366304,012_8
0201209,0.682750301568,0.0420696324952,0.290367051525,0.812785388128,0.163109316412,0.662676665705,0.174214017883,6934.0,0.86316211878,0.123996789727,0.0128410914928,0.987961476726,0.00762439807384,0.00441412520064,0.0198443579767,0.888715953307,0.111284046693,863.85199241,012_9
0201210,0.706540880503,0.0365351629503,0.262893081761,0.809657102869,0.168583978247,0.665132817402,0.166283204351,9562.0,0.874675885912,0.115240564679,0.0100835494094,0.990780754826,0.00345721694036,0.00576202823394,0.0302866414278,0.884532179557,0.115467820443,1272.79521674,012_10
0201211,0.703262488155,0.0452122771549,0.267903072966,0.801022893327,0.164555530423,0.667609138204,0.167835331373,8842.0,0.887503800547,0.0966859227729,0.0158102766798,0.990270598966,0.00273639404074,0.00699300699301,0.0347343841214,0.868651488616,0.131348511384,1215.29745042,012_11
0201212,0.725641025641,0.0350079563537,0.244444444444,0.771200440529,0.140843001909,0.700102805111,0.15905419298,6809.0,0.934666190646,0.0631917172438,0.00214209210996,0.997500892538,0.00107104605498,0.00142806140664,0.00903091351164,0.892323723515,0.107676276485,1226.98054204,012_12
0201213,0.702684895404,0.0368028900429,0.257124032285,0.768863179074,0.141544117647,0.672935520362,0.185520361991,7072.0,0.928361138371,0.0696761530913,0.00196270853778,0.995093228656,0.00228982662741,0.00261694471704,0.011385199241,0.880771663504,0.119228336496,3225.48365577,012_13
0201214,0.691894656098,0.0287150035894,0.276655586806,0.757114624506,0.147280061049,0.658345143355,0.194374795596,9173.0,0.929783346385,0.0555990602976,0.0146175933177,0.992169146437,0.00339336987732,0.00443748368572,0.0141279219111,0.914461854611,0.0855381453892,,012_14
0201215,0.687171561051,0.033198028414,0.281092220505,0.780170940171,0.154248366013,0.657690631808,0.188061002179,11475.0,0.914548641543,0.0780017528484,0.00744960560911,0.993645924628,0.00109553023663,0.00525854513585,0.011583011583,0.907335907336,0.0926640926641,913.462151648,012_15
0201216,0.729902329076,0.0318883906328,0.255634861007,0.771217154938,0.145288168245,0.695777813453,0.158934018301,12458.0,0.895437634619,0.090268259252,0.0142941061288,0.976307029567,0.0093988643039,0.0142941061288,0.018221574344,0.888483965015,0.111516034985,2307.32635585,012_16
0201217,0.695233930914,0.0394683850181,0.281300102026,0.812567132116,0.158985045354,0.677004167688,0.164010786958,8158.0,0.882683410443,0.111698612029,0.00561797752809,0.994382022472,0.00297422339722,0.00264375413087,0.0117274167987,0.891283676704,0.108716323296,1607.38319554,012_17
0201218,0.658022167223,0.0382195659012,0.303346604971,0.836426413466,0.161281588448,0.654693140794,0.184025270758,11080.0,0.860165118679,0.131062951496,0.00877192982456,0.988132094943,0.00696594427245,0.00490196078431,0.0179506357517,0.877337322364,0.122662677636,1117.26504105,012_18
0201219,0.67403259674,0.0441009642655,0.295170482952,0.859861953566,0.164982883861,0.651498705853,0.183518410286,11977.0,0.897348576989,0.0870834346874,0.015567988324,0.983702262223,0.003891997081,0.0124057406957,0.0250402021594,0.893636572479,0.106363427521,937.370600414,012_19
0201220,0.699440682956,0.0401939002222,0.277303503091,0.786590138273,0.153712007972,0.671026407573,0.175261584454,8028.0,0.916749585406,0.0782752902156,0.00497512437811,0.995688225539,0.0016583747927,0.00265339966833,0.0179358086847,0.888609188169,0.111390811831,1393.61969354,012_20
0201221,0.696608615949,0.0378006872852,0.281916983109,0.786398467433,0.148416592328,0.668599464764,0.182983942908,8968.0,0.904080389769,0.0803897685749,0.0155298416565,0.982338611449,0.00365408038977,0.0140073081608,0.0214084507042,0.886478873239,0.113521126761,1799.25650558,012_21
0201222,0.666444147753,0.0417533194689,0.314085447263,0.828319724968,0.158505757888,0.659395187717,0.182099054396,10681.0,0.905058365759,0.0913099870298,0.00363164721141,0.994811932555,0.00233463035019,0.00285343709468,0.00762232603885,0.904843865257,0.0951561347431,936.102957778,012_22
0201301,0.710843373494,0.0321325892102,0.257980375109,0.739746739747,0.132528822325,0.676004740868,0.191466436806,9281.0,0.905723045478,0.083035258048,0.0112416964742,0.988758303526,0.000510986203373,0.0107307102708,0.0153583617747,0.934178449537,0.0658215504632,,013_1
0201302,0.750828363154,0.0289681179294,0.232339297548,0.735202492212,0.159799554566,0.683073496659,0.157126948775,8980.0,0.898305084746,0.088188559322,0.0135063559322,0.992584745763,0.00185381355932,0.00556144067797,0.0178936605317,0.921779141104,0.0782208588957,2229.24187726,013_2
0201303,0.757048590282,0.0299769408148,0.22150569886,0.705907442952,0.166083041521,0.702476238119,0.13144072036,7996.0,0.939577039275,0.0586102719033,0.00181268882175,0.997280966767,0.0012084592145,0.00151057401813,0.0124040165387,0.909332545777,0.0906674542233,,013_3
0201304,0.70940535924,0.0326102780609,0.260809223871,0.755076142132,0.140247820101,0.682239559431,0.177512620468,10895.0,0.914075630252,0.0739495798319,0.011974789916,0.989495798319,0.00168067226891,0.00882352941176,0.0324939073924,0.908204711617,0.0917952883834,3556.31940772,013_4
0201305,0.723625784719,0.0357069985717,0.214821619966,0.76393831554,0.144933228594,0.697172034564,0.157894736842,7638.0,0.896583850932,0.100931677019,0.00248447204969,0.996273291925,0.00155279503106,0.00217391304348,0.0176024279211,0.896509863429,0.103490136571,2352.45449531,013_5
0201306,0.716125876406,0.0393700787402,0.253057231371,0.813722788647,0.143316105601,0.674116496717,0.182567397681,7159.0,0.916017609211,0.0761937013207,0.00778868946834,0.997629529292,0.000338638672536,0.00203183203522,0.0357026939305,0.890944498539,0.109055501461,2121.8889598,013_6
0201307,0.71467132423,0.026179143228,0.251190854239,0.761044666829,0.150067476383,0.659649122807,0.19028340081,7410.0,0.955099422707,0.0445798588839,0.000320718409237,0.999037844772,0.000320718409237,0.000641436818473,0.00629326620516,0.910635619887,0.0893643801133,3852.90975936,013_7
0201308,0.725859491779,0.0313185717135,0.252466367713,0.764252696456,0.142417638764,0.682604794257,0.174977566979,7801.0,0.928571428571,0.0685483870968,0.0028801843318,0.997119815668,0.0,0.0028801843318,0.00899887514061,0.899043869516,0.100956130484,,013_8
0201309,0.705702811245,0.0310983678871,0.26875502008,0.752952518679,0.133008356546,0.682311977716,0.184679665738,7180.0,0.935979513444,0.0604993597951,0.00352112676056,0.998719590269,0.000320102432778,0.000960307298335,0.0141509433962,0.924528301887,0.0754716981132,,013_9
0201310,0.725906735751,0.0326255825997,0.22914507772,0.724765581908,0.144219044452,0.699368141004,0.156412814544,9021.0,0.908929477423,0.0791476407915,0.0119228817859,0.992135971588,0.00076103500761,0.00710299340436,0.0177227482399,0.8951201748,0.1048798252,2818.53281853,013_10
0201311,0.671023965142,0.035490605428,0.296780440571,0.761085972851,0.147896039604,0.661716171617,0.190387788779,4848.0,0.917954815696,0.0784780023781,0.00356718192628,0.991082045184,0.00475624256837,0.00416171224732,0.0181508791832,0.935904707884,0.0640952921157,,013_11
0201312,0.712714331931,0.0339837754878,0.255742478162,0.759648655842,0.164029749831,0.691142663962,0.144827586207,7395.0,0.895585143658,0.0960056061668,0.00840925017519,0.997196916608,0.00175192711983,0.0010511562719,0.00724137931034,0.942068965517,0.0579310344828,3340.60779115,013_12
0201313,0.686869806094,0.0323134561349,0.289418282548,0.745142262318,0.139000190803,0.67439419958,0.186605609616,10482.0,0.958556461001,0.0386495925495,0.00279394644936,0.998137369034,0.00069848661234,0.0011641443539,0.00518602029312,0.934611048478,0.065388951522,,013_13
0201314,0.669975186104,0.0269101393561,0.322746071133,0.742777496199,0.134326220822,0.621509379923,0.244164399255,6983.0,0.938587512794,0.0583418628454,0.00307062436029,0.99692937564,0.000682360968953,0.00238826339133,0.0117174422497,0.946434549715,0.0535654502846,,013_14
0201315,0.678476645435,0.0370998116761,0.294187898089,0.741853267795,0.119626168224,0.65011682243,0.230257009346,8560.0,0.924417177914,0.0716564417178,0.0039263803681,0.994846625767,0.00147239263804,0.00368098159509,0.0125938483894,0.914507144587,0.0854928554129,,013_15
0201316,0.696264073695,0.0344215755855,0.279810644831,0.75013215859,0.129718294177,0.666295512749,0.203986193074,8981.0,0.955132722575,0.0420483908856,0.00281888653982,0.997650927883,0.000939628846606,0.00140944326991,0.0099537037037,0.902083333333,0.0979166666667,5288.04815133,013_16
0201317,0.710193119325,0.0347644707109,0.260135567208,0.759360374415,0.139918600814,0.682763172368,0.177318226818,9091.0,0.90061633282,0.097842835131,0.00154083204931,0.996918335901,0.0010272213662,0.00205444273241,0.0051993067591,0.920029710324,0.0799702896757,3487.08487085,013_17
0201318,0.680325443787,0.0330109335576,0.28150887574,0.773603806662,0.151180311401,0.643395278754,0.205424409844,7964.0,0.925542246682,0.0705730009712,0.00388475234704,0.998705082551,0.000323729362253,0.000971188086759,0.0080051232789,0.933717579251,0.0662824207493,,013_18
0201319,0.674629784856,0.0326522435897,0.279128248114,0.77145438121,0.142959770115,0.638649425287,0.218390804598,8352.0,0.944964871194,0.0485948477752,0.00644028103044,0.993266978923,0.00146370023419,0.00526932084309,0.0218068535826,0.941093174738,0.058906825262,3826.08695652,013_19
0201320,0.701203783319,0.0328128088555,0.285182000573,0.71012536162,0.127531882971,0.666291572893,0.206176544136,7998.0,0.951928299837,0.0469853340576,0.00108636610538,0.998913633895,0.000271591526344,0.000814774579033,0.00426439232409,0.930703624733,0.0692963752665,,013_20
0201321,0.666563227308,0.0271739130435,0.324437548487,0.747502497502,0.144658261447,0.626808228268,0.228533510285,7535.0,0.956899432008,0.0420982292015,0.00100233879051,0.998663548279,0.000668225860341,0.000668225860341,0.00394088669951,0.954351395731,0.0456486042693,,013_21
0201322,0.685984909295,0.0299659477866,0.300048161824,0.743834526651,0.138450899032,0.652282157676,0.209266943292,7230.0,0.956862745098,0.0409982174688,0.00213903743316,0.998573975045,0.000356506238859,0.00106951871658,0.00594821553534,0.947165850245,0.0528341497551,,013_22
0201323,0.70646178093,0.0301117922827,0.274888363541,0.732438978945,0.119157797316,0.671911152244,0.20893105044,8644.0,0.90282370898,0.0946324090562,0.00254388196388,0.994657847876,0.000763164589163,0.00457898753498,0.006570941835,0.924312484789,0.0756875152105,3726.9681742,013_23
0201324,0.700406758448,0.0365827415537,0.270650813517,0.795187165775,0.153825787662,0.666137145883,0.180037066455,7554.0,0.890719569603,0.0931405514459,0.0161398789509,0.98554135844,0.00201748486886,0.0124411566913,0.0364702051449,0.93292087268,0.0670791273201,1845.76485461,013_24
0201325,0.71935545751,0.0352456907641,0.26050258968,0.818735204599,0.145129550672,0.680714988521,0.174155460807,6098.0,0.902106567534,0.0966542750929,0.00123915737299,0.990086741016,0.00908715406857,0.000826104915324,0.0167641325536,0.923976608187,0.0760233918129,3357.48031496,013_25
0201326,0.680350620891,0.0336169329736,0.232432432432,0.790176322418,0.1437327996,0.67112834626,0.185138854141,7994.0,0.85910105196,0.110615237488,0.0302837105515,0.981829773669,0.00318775900542,0.0149824673255,0.0550430504305,0.89729397294,0.10270602706,1822.64283211,013_26
0201327,0.686051726716,0.0369359916055,0.26700553147,0.739381003202,0.12550660217,0.656294940515,0.218198457315,7649.0,0.941108545035,0.0487875288684,0.010103926097,0.996247113164,0.000288683602771,0.00346420323326,0.044121833191,0.91317961856,0.0868203814404,,013_27
0201328,0.713825791451,0.0350580270793,0.258808799857,0.747715736041,0.128856341539,0.66578373325,0.20535992521,6418.0,0.900882552614,0.0777325186694,0.0213849287169,0.99083503055,0.00237610319077,0.00678886625933,0.0503477972839,0.902285525008,0.0977144749917,,013_28
0201329,0.722813578826,0.0395642201835,0.249424626007,0.798691860465,0.151574322675,0.695142787405,0.153282889919,8194.0,0.885047012436,0.101304215954,0.0136487716106,0.994540491356,0.00242644828632,0.0030330603579,0.0493753718025,0.883402736466,0.116597263534,2535.07014028,013_29
0201401,0.682997847829,0.028802880288,0.302316748956,0.761795884432,0.1391673932,0.646904969486,0.213927637315,9176.0,0.923601637108,0.0703956343793,0.00600272851296,0.995634379263,0.000545702592087,0.00381991814461,0.0169133192389,0.931289640592,0.068710359408,,014_1
0201402,0.703059219759,0.0330052113492,0.283468986809,0.723555736371,0.142375737152,0.66205319533,0.195571067517,8309.0,0.941242620186,0.0567894292943,0.0019679505201,0.996907506326,0.000562271577172,0.00253022209727,0.00468836183122,0.936017650303,0.0639823496966,,014_2
0201403,0.712346477052,0.0335028942291,0.273173884939,0.698574338086,0.138833222,0.675907370296,0.185259407704,8982.0,0.93537414966,0.0578231292517,0.00680272108844,0.99101068999,0.00170068027211,0.00728862973761,0.00852878464819,0.927031509121,0.0729684908789,,014_3
0201404,0.675769183245,0.0356198201375,0.249474854813,0.744031830239,0.122900184242,0.698493551534,0.178606264225,9227.0,0.935319582378,0.0626432391138,0.00203717850777,0.995161701044,0.00229182582124,0.00254647313471,0.0106805762543,0.936413313462,0.0635866865375,,014_4
0201405,0.719598829921,0.0385259631491,0.240423457306,0.78397521027,0.149004267425,0.694997629208,0.155998103367,8436.0,0.920383963862,0.0753811405985,0.00423489553924,0.994918125353,0.00112930547713,0.00395256916996,0.0138549307253,0.908448791089,0.0915512089106,2314.41048035,014_5
0201406,0.755747126437,0.0282652872714,0.223275862069,0.726713171933,0.118429385687,0.7298290057,0.151741608613,7895.0,0.887634105025,0.0906267645398,0.0217391304348,0.991812535291,0.000564652738566,0.00762281197064,0.0537179147923,0.889653347446,0.110346652554,3077.49946478,014_6
0201407,0.718446601942,0.0400357861776,0.232674924674,0.682809330629,0.142652123995,0.720866819747,0.136481056257,6968.0,0.855551429632,0.128852580765,0.0155959896027,0.992573338284,0.00259933160045,0.00482733011511,0.0476361031519,0.856733524355,0.143266475645,2720.02407101,014_7
0201408,0.723949436283,0.0411764705882,0.218141441749,0.688582124474,0.121680420105,0.730982745686,0.147336834209,6665.0,0.887529731566,0.107713217805,0.00475705062861,0.998301053347,0.000339789330615,0.00135915732246,0.0396262886598,0.877577319588,0.122422680412,3722.50423012,014_8
0201409,0.75232,0.0282446955084,0.21664,0.672013507809,0.155785682125,0.713282305268,0.130932012607,11105.0,0.908082077052,0.0904522613065,0.00146566164154,0.992252931323,0.00146566164154,0.00628140703518,0.00801282051282,0.910657051282,0.0893429487179,,014_9
0201410,0.375,0.0,0.166666666667,0.3,0.04,0.8,0.16,25.0,0.833333333333,0.166666666667,0.0,1.0,0.0,0.0,0.0,0.166666666667,0.833333333333,,014_10
0201411,0.727957111897,0.0349311961288,0.19915592563,0.659158945118,0.142591687042,0.701320293399,0.15608801956,10225.0,0.924956747405,0.0685553633218,0.00648788927336,0.99589100346,0.00194636678201,0.00216262975779,0.0137595258256,0.909398814564,0.0906011854361,,014_11
0201412,0.70320855615,0.0326436781609,0.235628342246,0.694750771945,0.110979052147,0.708661417323,0.18035953053,6731.0,0.867936507937,0.091746031746,0.0403174603175,0.985714285714,0.00222222222222,0.0120634920635,0.0780715396579,0.852255054432,0.147744945568,,014_12
0201413,0.716183935503,0.0336422240129,0.230665870409,0.718834080717,0.136299161831,0.704061895551,0.159638942618,7755.0,0.831565814099,0.133811603244,0.0346225826575,0.97629444791,0.00499064254523,0.0187149095446,0.0739530739531,0.869616869617,0.130383130383,2713.08276854,014_13
0201414,0.712496226985,0.0382970055001,0.248868095382,0.707336846372,0.112272240086,0.73191318328,0.155814576635,7464.0,0.929226361032,0.0696275071633,0.00114613180516,0.994555873926,0.0,0.0054441260745,0.0282079646018,0.903484513274,0.0965154867257,,014_14
0201415,0.688307739091,0.0412960609911,0.259692869089,0.709541824296,0.1045609258,0.695302927161,0.200136147039,7345.0,0.916469194313,0.0678317535545,0.0156990521327,0.988447867299,0.00177725118483,0.00977488151659,0.0315699658703,0.905858930603,0.094141069397,,014_15
0201416,0.73968376398,0.0283687943262,0.248360971847,0.693121693122,0.148579871942,0.656542439665,0.194877688393,6091.0,0.909541984733,0.086641221374,0.00381679389313,0.997709923664,0.000381679389313,0.00190839694656,0.00675929402929,0.929402929027,0.0705970709726,,014_16
0201417,0.720492396814,0.0306867998052,0.265387400434,0.693044354839,0.143565891473,0.66511627907,0.191317829457,6450.0,0.957454545455,0.04,0.00254545454545,0.998909090909,0.0,0.00109090909091,0.00706963591375,0.940261576529,0.0597384234712,,014_17
0201418,0.698578042328,0.0358283888635,0.284060846561,0.712808460635,0.111241734019,0.659221160911,0.22953710507,6805.0,0.935047807451,0.0609957138147,0.00395647873393,0.994724695021,0.00230794592812,0.00296735905045,0.00991365526063,0.93859929645,0.0614007035497,,014_18
0201419,0.717773019272,0.0331698875108,0.264025695931,0.710285555864,0.105535338058,0.706569622678,0.187895039265,5221.0,0.906713505074,0.0905542544887,0.00273224043716,0.997658079625,0.000390320062451,0.00195160031226,0.00494108703915,0.920942607374,0.0790573926264,,014_19
0201420,0.707053469852,0.0411416816662,0.271520667425,0.724058416603,0.109121621622,0.701858108108,0.18902027027,5920.0,0.932413305025,0.0629865534324,0.00460014154282,0.995046001415,0.000353857041755,0.00460014154282,0.00922446190639,0.915613255893,0.0843867441066,,014_20
0201421,0.706887711502,0.0432569974555,0.240300803281,0.721557648257,0.121603362858,0.712956012611,0.165440624531,6661.0,0.871252204586,0.106525573192,0.0222222222222,0.984126984127,0.00529100529101,0.010582010582,0.0751956447771,0.870704321198,0.129295678802,1740.36281179,014_21
0201422,0.668027766435,0.0440202571095,0.237784129577,0.75298276624,0.121172248804,0.711483253589,0.167344497608,8360.0,0.87470657277,0.0959507042254,0.0293427230047,0.987382629108,0.00205399061033,0.0105633802817,0.0440848214286,0.892299107143,0.107700892857,2262.47122633,014_22
0201423,0.732236660216,0.0445526695527,0.230577826928,0.720038722168,0.116619855904,0.740017096105,0.143363047991,8189.0,0.898628663619,0.0865824146276,0.0147889217532,0.991126646948,0.00215111589137,0.00672223716053,0.0345604808415,0.879038317055,0.120961682945,3900.0,014_23
0201424,0.708858145777,0.0383753501401,0.258930415032,0.716811751904,0.119614615524,0.713688420287,0.166696964188,5501.0,0.906641366224,0.0891840607211,0.00417457305503,0.995445920304,0.0034155597723,0.0011385199241,0.0179028132992,0.897698209719,0.102301790281,,014_24
0201425,0.700452666798,0.0310372992105,0.245030505806,0.718972533062,0.0981540646077,0.697728079517,0.204117855875,5634.0,0.942341704988,0.0509373894588,0.00672090555359,0.996462681288,0.000707463742483,0.00282985496993,0.036036036036,0.905058905059,0.0949410949411,2318.61198738,014_25
0201426,0.685283261114,0.0393700787402,0.295939656556,0.722020018198,0.106025824964,0.693113342898,0.200860832138,6970.0,0.923440453686,0.0749842470069,0.00157529930687,0.996534341525,0.00189035916824,0.00157529930687,0.00546448087432,0.928051001821,0.0719489981785,,014_26
0201427,0.69595817414,0.0367381018647,0.277096320129,0.657471815783,0.0971314451707,0.700254175744,0.202614379085,5508.0,0.892375045604,0.095585552718,0.0120394016782,0.987960598322,0.0,0.0120394016782,0.0154565061107,0.918763479511,0.0812365204889,,014_27
0201428,0.669034284934,0.0403605015674,0.312525611255,0.70424403183,0.12344348659,0.649784482759,0.226772030651,8352.0,0.930858218994,0.0677966101695,0.0013451708367,0.994619316653,0.00269034167339,0.00269034167339,0.00395778364116,0.939577836412,0.0604221635884,,014_28
0201429,0.694671218643,0.0308552495341,0.231705506902,0.653730783652,0.117500654965,0.700026198585,0.18247314645,7634.0,0.88729566963,0.104387725839,0.00831660453112,0.988815600803,0.0057355893318,0.00544880986521,0.00959909655562,0.903726708075,0.0962732919255,,014_29
0201430,0.714724824356,0.0305737542188,0.271955503513,0.670021288949,0.137809187279,0.647021706209,0.215169106512,7924.0,0.936741767764,0.0597920277296,0.00346620450607,0.997111496245,0.0,0.00288850375505,0.00904721515409,0.940344925078,0.0596550749223,,014_30
0201431,0.698328690808,0.022992985191,0.263509749304,0.654518950437,0.149490642028,0.64451551765,0.205993840322,8442.0,0.916958320076,0.076041998091,0.00699968183264,0.986636971047,0.00127266942412,0.0120903595291,0.00436408977556,0.947007481297,0.0529925187032,,014_31
0201501,0.685054279222,0.0384479092842,0.291088109063,0.828639618138,0.165402444164,0.660029498525,0.174568057311,9492.0,0.904665898618,0.0835253456221,0.0118087557604,0.983006912442,0.00633640552995,0.0106566820276,0.0143986448334,0.898362507058,0.101637492942,836.869207003,015_1
0201502,0.669024045262,0.041782729805,0.315947666195,0.832704833733,0.155694879833,0.651440513509,0.192864606658,6699.0,0.918896665294,0.0782214903252,0.0028818443804,0.992177850967,0.00494030465212,0.0028818443804,0.00476947535771,0.910174880763,0.0898251192369,2294.75100942,015_2
0201503,0.706167258637,0.0367053296139,0.26627919492,0.8217639853,0.164628663909,0.668225139363,0.167146196727,11122.0,0.893167701863,0.0934161490683,0.0134161490683,0.992795031056,0.00447204968944,0.00273291925466,0.0268972142171,0.880643611912,0.119356388088,1899.94620764,015_3
0201504,0.721396396396,0.0428806215449,0.251576576577,0.785802723896,0.163369135105,0.683531185227,0.153099679668,10614.0,0.845850840336,0.135766806723,0.0183823529412,0.988707983193,0.0031512605042,0.00814075630252,0.0434360592089,0.846153846154,0.153846153846,1649.50657895,015_4
0201505,0.670212765957,0.0490196078431,0.280105286247,0.809813287017,0.154958294717,0.661075069509,0.183966635774,10790.0,0.879892761394,0.114209115282,0.0058981233244,0.992225201072,0.0058981233244,0.00187667560322,0.0184810126582,0.881772151899,0.118227848101,1461.30815292,015_5
0201506,0.671895772401,0.0420773313116,0.282637596384,0.806498545102,0.149095022624,0.662669683258,0.188235294118,4420.0,0.933253156945,0.0661455201443,0.000601322910403,0.987973541792,0.00360793746242,0.00841852074564,0.0109070034443,0.904707233065,0.0952927669346,1106.50329877,015_6
0201507,0.67218654951,0.0458906299968,0.263602568435,0.851898734177,0.17530657748,0.660349312523,0.164344109996,10764.0,0.795542347697,0.148885586924,0.0555720653789,0.951857355126,0.0106983655275,0.0374442793462,0.0985643290999,0.804251794589,0.195748205411,,015_7
0201508,0.707719345681,0.047142337095,0.262268487225,0.809361030765,0.173796492796,0.679660449012,0.146543058193,8953.0,0.890838206628,0.0945419103314,0.0146198830409,0.987329434698,0.00617283950617,0.00649772579597,0.0582026537998,0.816043425814,0.183956574186,1314.46111869,015_8
0201509,0.735393258427,0.0424286759327,0.241573033708,0.81373292868,0.201793721973,0.684005979073,0.114200298954,6690.0,0.700699300699,0.181351981352,0.117948717949,0.932400932401,0.0153846153846,0.0522144522145,0.116015132409,0.720050441362,0.279949558638,1185.52168816,015_9
0201510,0.684300535857,0.0348930696253,0.226770037624,0.782290015848,0.15198685101,0.677172967224,0.170840181765,10343.0,0.857179032666,0.107875411497,0.0349455558369,0.977715877437,0.00455811597873,0.0177260065839,0.0634158059092,0.848666826808,0.151333173192,1296.68332576,015_10
0201511,0.71677852349,0.0440101447113,0.234116331096,0.75468164794,0.166666666667,0.688478747204,0.14485458613,10728.0,0.844168734491,0.130521091811,0.0253101736973,0.981389578164,0.00694789081886,0.0116625310174,0.057714958775,0.837455830389,0.162544169611,1617.26573205,015_11
0201512,0.722232455332,0.0399118511263,0.235770860195,0.780487804878,0.151983755077,0.698687910028,0.149328334895,6402.0,0.835838607595,0.143591772152,0.0205696202532,0.987737341772,0.00237341772152,0.00988924050633,0.0617789356159,0.800148864905,0.199851135095,1983.83685801,015_12
0201513,0.731690140845,0.0323632130384,0.238908450704,0.78954882924,0.147659063625,0.692076830732,0.160264105642,6664.0,0.869801084991,0.10452079566,0.025678119349,0.972513562387,0.00470162748644,0.0227848101266,0.03515625,0.874644886364,0.125355113636,2291.10512129,015_13
0201514,0.72438767448,0.0389587700908,0.255464840664,0.807778274475,0.151697944593,0.690795352994,0.157506702413,8952.0,0.870780298838,0.112617598229,0.016602102933,0.986995019369,0.00387382401771,0.00913115661317,0.0444444444444,0.852116402116,0.147883597884,1773.41957021,015_14
0201515,0.6984277582,0.0423713064486,0.284358904852,0.819301848049,0.153122130395,0.689967860422,0.156910009183,8712.0,0.856203007519,0.111842105263,0.031954887218,0.972431077694,0.00845864661654,0.0191102756892,0.060244557113,0.823739934387,0.176260065613,1371.09350633,015_15
0201516,0.721757599894,0.0388898709563,0.255276782159,0.788268286983,0.158041801721,0.682016318319,0.15994187996,8947.0,0.901274829529,0.0844945152683,0.0142306552031,0.987548176697,0.000296471983398,0.0121553513193,0.0428931875526,0.870199046818,0.129800953182,,015_16
0201517,0.725299684543,0.0300371245359,0.24643533123,0.812432079983,0.142316017316,0.68658008658,0.171103896104,9240.0,0.870251471375,0.116907437132,0.0128410914928,0.996522204387,0.00107009095773,0.0024077046549,0.0374647164486,0.860148832435,0.139851167565,2593.25044405,015_17
0201518,0.732199117832,0.0332778702163,0.246691871456,0.809486578056,0.146200403497,0.676798924008,0.177000672495,7435.0,0.91596909208,0.0692208628461,0.0148100450741,0.989375402447,0.00064391500322,0.0099806825499,0.028419737664,0.897564022486,0.102435977514,2709.39183988,015_18
0201519,0.734094151213,0.0310675955564,0.24907275321,0.781426707264,0.132425742574,0.676608910891,0.190965346535,8080.0,0.942387976621,0.0556637907041,0.00194823267465,0.996938491511,0.000556637907041,0.00250487058169,0.0105748373102,0.902386117137,0.0976138828633,,015_19
0201520,0.724279273125,0.0351292318893,0.247984697363,0.766108247423,0.143575941961,0.69494500351,0.161479054528,8546.0,0.862349313148,0.130361648444,0.00728903840763,0.995234090272,0.00112139052425,0.00364451920381,0.020435600968,0.887873084162,0.112126915838,2070.18370231,015_20
0201521,0.745981967856,0.0361303393551,0.229452502287,0.780719482619,0.147867720744,0.712726867832,0.139405411424,8981.0,0.880403831219,0.101475537147,0.0181206316334,0.987833290189,0.00129433083096,0.0108723789801,0.046046046046,0.871621621622,0.128378378378,2254.76358504,015_21
