<?xml version="1.0"?>
<!--<!DOCTYPE metadata SYSTEM "http://www.esri.com/metadata/esriprof80.dtd">-->
<metadata xml:lang="es"><Esri><CreaDate>20140905</CreaDate><CreaTime>13080200</CreaTime><SyncOnce>FALSE</SyncOnce><RematchLocator>Tribunales<Category Locator="Review">Address</Category><Description Locator="Review">US Streets</Description><BuildVersion Locator="Review">$Revision: 15$</BuildVersion><BuildVersionDate Locator="Review">$Date: 12/14/2007 5:41:23 PM$</BuildVersionDate><CLSID Locator="Review">{B5D3AB87-EED1-11D3-9F76-00C04F8ED1C4}</CLSID><DBEnv.CLSID Locator="Review">{43BA3ECC-0120-11d4-AB58-00C04FA379E3}</DBEnv.CLSID><DBEnv.Library Locator="Review">LocationQueryEngine</DBEnv.Library><EmbedGeocodingRules Locator="Review">TRUE</EmbedGeocodingRules><EndOffset Locator="Review">3</EndOffset><FieldAliases Locator="Review">Street or Intersection</FieldAliases><FieldNames.0 Locator="Review">Address</FieldNames.0><FieldNames.0 Locator="Review">Addr</FieldNames.0><FieldNames.0 Locator="Review">Street</FieldNames.0><Fields Locator="Review">Street</Fields><FieldSizes Locator="Review">60</FieldSizes><FieldsRequired Locator="Review">TRUE</FieldsRequired><FileMAT Locator="Review">us_addr2.mat</FileMAT><FileSTN Locator="Review">us_addr.stn</FileSTN><Interpolate Locator="Review">TRUE</Interpolate><IntersectionConnectors Locator="Review">&amp; | @</IntersectionConnectors><IntFileMAT Locator="Review">us_intsc2.mat</IntFileMAT><IntFileSTN Locator="Review">us_intsc.stn</IntFileSTN><Locator.CLSID Locator="Review">{D9052385-AB46-11d2-AADA-00C04FA379E3}</Locator.CLSID><Locator.FactoryCLSID Locator="Review">{68F5E953-06FF-11d3-AAFD-00C04FA379E3}</Locator.FactoryCLSID><Locator.FactoryLibrary Locator="Review">mtchloc</Locator.FactoryLibrary><Locator.Library Locator="Review">mtchloc</Locator.Library><LocatorWorkspaceString Locator="Review">ProgID = esriDataSourcesFile.ShapefileWorkspaceFactory.1; Path = .</LocatorWorkspaceString><MatchIfScoresTie Locator="Review">True</MatchIfScoresTie><MinimumCandidateScore Locator="Review">10</MinimumCandidateScore><MinimumMatchScore Locator="Review">60</MinimumMatchScore><MKeyAlias.D1 Locator="Review">SufDir1</MKeyAlias.D1><MKeyAlias.D2 Locator="Review">SufDir2</MKeyAlias.D2><MKeyAlias.E1 Locator="Review">PreType1</MKeyAlias.E1><MKeyAlias.E2 Locator="Review">PreType2</MKeyAlias.E2><MKeyAlias.HN Locator="Review">HouseNum</MKeyAlias.HN><MKeyAlias.P1 Locator="Review">PreDir1</MKeyAlias.P1><MKeyAlias.P2 Locator="Review">PreDir2</MKeyAlias.P2><MKeyAlias.PD Locator="Review">PreDir</MKeyAlias.PD><MKeyAlias.PT Locator="Review">PreType</MKeyAlias.PT><MKeyAlias.S1 Locator="Review">StreetName1</MKeyAlias.S1><MKeyAlias.S2 Locator="Review">StreetName2</MKeyAlias.S2><MKeyAlias.SD Locator="Review">SufDir</MKeyAlias.SD><MKeyAlias.SN Locator="Review">StreetName</MKeyAlias.SN><MKeyAlias.ST Locator="Review">SufType</MKeyAlias.ST><MKeyAlias.T1 Locator="Review">SufType1</MKeyAlias.T1><MKeyAlias.T2 Locator="Review">SufType2</MKeyAlias.T2><MKeyField Locator="Review">XX</MKeyField><Query.CLSID Locator="Review">{1845B140-FC3B-11d2-AAFA-00C04FA379E3}</Query.CLSID><Query.Library Locator="Review">mtchloc</Query.Library><RD.Func Locator="Review">SDEX,mtchloc,SX,""</RD.Func><RD.Func Locator="Review">SpellSens,mtchloc,SpellSens,""</RD.Func><RD.IdxTable Locator="Review">IdxTable1,"IndexTable for Primary table"</RD.IdxTable><RD.IdxTable1.IdxColumn Locator="Review">XID,"Soundex foreign key column",Y,$Table1.ID</RD.IdxTable1.IdxColumn><RD.IdxTable1.IdxColumn Locator="Review">Sx,"Soundex code column",Y,@SDEX($Table1.StreetName)</RD.IdxTable1.IdxColumn><RD.IdxTable1.Prefix Locator="Review">GC_SS</RD.IdxTable1.Prefix><RD.ILQuery.Filter Locator="Review">@SpellSens(%S1%, $Table1.StreetName)</RD.ILQuery.Filter><RD.ILQuery.InvariantWhere Locator="Review">: AND $Table1.ID = $IdxTable1.XID:</RD.ILQuery.InvariantWhere><RD.ILQuery.Lox Locator="Review">Lox1</RD.ILQuery.Lox><RD.ILQuery.MF Locator="Review">PreDir1,Table1.PreDir</RD.ILQuery.MF><RD.ILQuery.MF Locator="Review">PreType1,Table1.PreType</RD.ILQuery.MF><RD.ILQuery.MF Locator="Review">StreetName1,Table1.StreetName</RD.ILQuery.MF><RD.ILQuery.MF Locator="Review">Type1,Table1.StreetType</RD.ILQuery.MF><RD.ILQuery.MF Locator="Review">SufDir1,Table1.SufDir</RD.ILQuery.MF><RD.ILQuery.MF Locator="Review">Shape,Table1.Shape</RD.ILQuery.MF><RD.ILQuery.MF Locator="Review">ID,Table1.ID</RD.ILQuery.MF><RD.ILQuery.Where Locator="Review">$IdxTable1.Sx = '@SDEX(%S1%)'</RD.ILQuery.Where><RD.IRQuery.Filter Locator="Review">@SpellSens(%S2%, $Table1.StreetName)</RD.IRQuery.Filter><RD.IRQuery.InvariantWhere Locator="Review">: AND $Table1.ID = $IdxTable1.XID:</RD.IRQuery.InvariantWhere><RD.IRQuery.Lox Locator="Review">Lox1</RD.IRQuery.Lox><RD.IRQuery.MF Locator="Review">PreDir2,Table1.PreDir</RD.IRQuery.MF><RD.IRQuery.MF Locator="Review">PreType2,Table1.PreType</RD.IRQuery.MF><RD.IRQuery.MF Locator="Review">StreetName2,Table1.StreetName</RD.IRQuery.MF><RD.IRQuery.MF Locator="Review">Type2,Table1.StreetType</RD.IRQuery.MF><RD.IRQuery.MF Locator="Review">SufDir2,Table1.SufDir</RD.IRQuery.MF><RD.IRQuery.MF Locator="Review">Shape,Table1.Shape</RD.IRQuery.MF><RD.IRQuery.MF Locator="Review">ID,Table1.ID</RD.IRQuery.MF><RD.IRQuery.Where Locator="Review">$IdxTable1.Sx = '@SDEX(%S2%)'</RD.IRQuery.Where><RD.LeftIntsecQuery Locator="Review">ILQuery,"Left Intersection Query"</RD.LeftIntsecQuery><RD.LocatorIndex Locator="Review">Lox1</RD.LocatorIndex><RD.Lox1.Restrict Locator="Review">$Table1.StreetName &lt;&gt; 'UNNAMED STREET' AND $Table1.StreetName &lt;&gt; 'UNNAMED' AND $Table1.StreetName &lt;&gt; '' AND $Table1.StreetName &lt;&gt; ' '</RD.Lox1.Restrict><RD.Lox1.SortBy Locator="Review">$IdxTable1.Sx</RD.Lox1.SortBy><RD.Lox1.SortBy Locator="Review">$Table1.StreetName</RD.Lox1.SortBy><RD.Lox1.SortBy Locator="Review">$Table1.PreType,$Table1.PreDir,$Table1.SufDir,$Table1.StreetType</RD.Lox1.SortBy><RD.Lox1.SubtreeSplit Locator="Review">0</RD.Lox1.SubtreeSplit><RD.Lox1.Tail Locator="Review">$Table1.LeftFrom,$Table1.LeftTo,$Table1.RightFrom,$Table1.RightTo,$Table1.ID,$Table1.Shape</RD.Lox1.Tail><RD.Query Locator="Review">Query1,"Main query"</RD.Query><RD.Query1.Filter Locator="Review">@SpellSens(%SN%, $Table1.StreetName)</RD.Query1.Filter><RD.Query1.InvariantWhere Locator="Review">: AND $Table1.ID = $IdxTable1.XID:</RD.Query1.InvariantWhere><RD.Query1.Lox Locator="Review">Lox1</RD.Query1.Lox><RD.Query1.MF Locator="Review">LeftFrom,Table1.LeftFrom</RD.Query1.MF><RD.Query1.MF Locator="Review">LeftTo,Table1.LeftTo</RD.Query1.MF><RD.Query1.MF Locator="Review">RightFrom,Table1.RightFrom</RD.Query1.MF><RD.Query1.MF Locator="Review">RightTo,Table1.RightTo</RD.Query1.MF><RD.Query1.MF Locator="Review">PreDir,Table1.PreDir</RD.Query1.MF><RD.Query1.MF Locator="Review">PreType,Table1.PreType</RD.Query1.MF><RD.Query1.MF Locator="Review">StreetName,Table1.StreetName</RD.Query1.MF><RD.Query1.MF Locator="Review">StreetType,Table1.StreetType</RD.Query1.MF><RD.Query1.MF Locator="Review">SufDir,Table1.SufDir</RD.Query1.MF><RD.Query1.MF Locator="Review">Shape,Table1.Shape</RD.Query1.MF><RD.Query1.MF Locator="Review">ID,Table1.ID</RD.Query1.MF><RD.Query1.Where Locator="Review">$IdxTable1.Sx = '@SDEX(%SN%)'</RD.Query1.Where><RD.RightIntsecQuery Locator="Review">IRQuery,"Right Intersection Query"</RD.RightIntsecQuery><RD.Table Locator="Review">Table1,"Primary table"</RD.Table><RD.Table1.Column Locator="Review">LeftFrom,"House From Left",N,TRUE</RD.Table1.Column><RD.Table1.Column Locator="Review">LeftTo,"House To Left",N,TRUE</RD.Table1.Column><RD.Table1.Column Locator="Review">RightFrom,"House From Right",N,TRUE</RD.Table1.Column><RD.Table1.Column Locator="Review">RightTo,"House To Right",N,TRUE</RD.Table1.Column><RD.Table1.Column Locator="Review">PreDir,"Prefix Direction",N,FALSE</RD.Table1.Column><RD.Table1.Column Locator="Review">PreType,"Prefix Type",N,FALSE</RD.Table1.Column><RD.Table1.Column Locator="Review">StreetName,"Street Name",N,TRUE</RD.Table1.Column><RD.Table1.Column Locator="Review">StreetType,"Street Type",N,FALSE</RD.Table1.Column><RD.Table1.Column Locator="Review">SufDir,"Suffix Direction",N,FALSE</RD.Table1.Column><RD.Table1.Column Locator="Review">ID,"Record ID for the Primary table",N,TRUE</RD.Table1.Column><RD.Table1.Column Locator="Review">Shape,"Shape column",N,TRUE</RD.Table1.Column><RD.Table1.Filter Locator="Review">esriCatalog.GxFilterFeatureClasses</RD.Table1.Filter><RD.Val.IdxTable1 Locator="Review">GC_SSCalles</RD.Val.IdxTable1><RD.Val.IdxTable1.Sx Locator="Review">SX</RD.Val.IdxTable1.Sx><RD.Val.IdxTable1.XID Locator="Review">XID</RD.Val.IdxTable1.XID><RD.Val.Table1 Locator="Review">Calles</RD.Val.Table1><RD.Val.Table1.ID Locator="Review">FID</RD.Val.Table1.ID><RD.Val.Table1.LeftFrom Locator="Review">ALT_IZQINI</RD.Val.Table1.LeftFrom><RD.Val.Table1.LeftTo Locator="Review">ALT_IZQFIN</RD.Val.Table1.LeftTo><RD.Val.Table1.PreDir Locator="Review">::</RD.Val.Table1.PreDir><RD.Val.Table1.PreType Locator="Review">::</RD.Val.Table1.PreType><RD.Val.Table1.RightFrom Locator="Review">ALT_DERINI</RD.Val.Table1.RightFrom><RD.Val.Table1.RightTo Locator="Review">ALT_DERFIN</RD.Val.Table1.RightTo><RD.Val.Table1.Shape Locator="Review">Shape</RD.Val.Table1.Shape><RD.Val.Table1.StreetName Locator="Review">NOMOFICIAL</RD.Val.Table1.StreetName><RD.Val.Table1.StreetType Locator="Review">::</RD.Val.Table1.StreetType><RD.Val.Table1.SufDir Locator="Review">::</RD.Val.Table1.SufDir><RD.WorkspaceString Locator="Review">ProgID = esriDataSourcesFile.ShapefileWorkspaceFactory.1; Path = ..\Bicileteros -May</RD.WorkspaceString><RebuildStartTime Locator="Review">129834570057960000</RebuildStartTime><RebuildStartTimeAscii Locator="Review">11:50:05</RebuildStartTimeAscii><SafeLocatorName Locator="Review">Tribunales</SafeLocatorName><SideOffset Locator="Review">30</SideOffset><SideOffsetUnits Locator="Review">Meters</SideOffsetUnits><SpellingSensitivity Locator="Review">80</SpellingSensitivity><StoreStandardizedRefData Locator="Review">TRUE</StoreStandardizedRefData><SupportIntersections Locator="Review">TRUE</SupportIntersections><UICLSID Locator="Review">{AE5A3A0E-F756-11D2-9F4F-00C04F8ED1C4}</UICLSID><UseRelativePaths Locator="Review">True</UseRelativePaths><Version Locator="Review">9.3</Version><WritePercentAlongField Locator="Review">False</WritePercentAlongField><WriteReferenceIDField Locator="Review">False</WriteReferenceIDField><WriteStandardizedAddressField Locator="Review">False</WriteStandardizedAddressField><WriteXYCoordFields Locator="Review">False</WriteXYCoordFields><InTable Locator="Review">::</InTable><InKeyColumns Locator="Review">::</InKeyColumns><InColumns Locator="Review">ARC_Street</InColumns><OutTable Locator="Review">::</OutTable><OutKeyColumns Locator="Review">::</OutKeyColumns><OutColumns Locator="Review">Shape</OutColumns><OutColumns Locator="Review">Status</OutColumns><OutColumns Locator="Review">Score</OutColumns><OutColumns Locator="Review">Side</OutColumns><OutColumns Locator="Review">Match_addr</OutColumns></RematchLocator><SyncDate>20140905</SyncDate><SyncTime>13350100</SyncTime><ModDate>20140905</ModDate><ModTime>13374300</ModTime><DataProperties><lineage><Process ToolSource="C:\Archivos de programa\ArcGIS\ArcToolbox\Toolboxes\Data Management Tools.tbx\Project" Date="20121221" Time="113827">Project "C:\Ceci\Comenzoeltrabajo\mis shapes\comisaria_metropolitana.shp" "C:\Ceci\Comenzoeltrabajo\mis shapes\comisaria_metropolitana_Proj.shp" PROJCS['Argentina_GKBsAs',GEOGCS['GCS_Campo_Inchauspe',DATUM['D_Campo_Inchauspe',SPHEROID['International_1924',6378388.0,297.0]],PRIMEM['Greenwich',0.0],UNIT['Degree',0.0174532925199433]],PROJECTION['Transverse_Mercator'],PARAMETER['False_Easting',100000.0],PARAMETER['False_Northing',100000.0],PARAMETER['Central_Meridian',-58.4627],PARAMETER['Scale_Factor',0.999998],PARAMETER['Latitude_Of_Origin',-34.6297166],UNIT['Meter',1.0]] # PROJCS['Custom',GEOGCS['GCS_Campo_Inchauspe',DATUM['D_Campo_Inchauspe',SPHEROID['International_1924',6378388.0,297.0]],PRIMEM['Greenwich',0.0],UNIT['Degree',0.0174532925199433]],PROJECTION['Transverse_Mercator'],PARAMETER['False_Easting',100000.0],PARAMETER['False_Northing',100000.0],PARAMETER['Central_Meridian',-58.4627],PARAMETER['Scale_Factor',0.999998],PARAMETER['Central_Parallel',-34.6297166],UNIT['Meter',1.0]]</Process><Process ToolSource="C:\Program Files (x86)\ArcGIS\ArcToolbox\Toolboxes\Conversion Tools.tbx\FeatureClassToFeatureClass" Date="20130814" Time="102656">FeatureClassToFeatureClass "C:\comisaria plicia metropolitana\comisarias_policia_metropolitana.shp" "C:\comisaria plicia metropolitana\New Personal Geodatabase.mdb\comisaria" comisaria # "ID 'ID' true true false 11 Double 0 11 ,First,#,C:\comisaria plicia metropolitana\comisarias_policia_metropolitana.shp,ID,-1,-1;NOMBRE 'NOMBRE' true true false 19 Text 0 0 ,First,#,C:\comisaria plicia metropolitana\comisarias_policia_metropolitana.shp,NOMBRE,-1,-1;DOMICILIO 'DOMICILIO' true true false 32 Text 0 0 ,First,#,C:\comisaria plicia metropolitana\comisarias_policia_metropolitana.shp,DOMICILIO,-1,-1;BARRIO 'BARRIO' true true false 20 Text 0 0 ,First,#,C:\comisaria plicia metropolitana\comisarias_policia_metropolitana.shp,BARRIO,-1,-1;TELEFONO 'TELEFONO' true true false 50 Text 0 0 ,First,#,C:\comisaria plicia metropolitana\comisarias_policia_metropolitana.shp,TELEFONO,-1,-1;OBSERVAC 'OBSERVAC' true true false 100 Text 0 0 ,First,#,C:\comisaria plicia metropolitana\comisarias_policia_metropolitana.shp,OBSERVAC,-1,-1" # "C:\comisaria plicia metropolitana\New Personal Geodatabase.mdb\comisaria\comisaria"</Process></lineage></DataProperties><MetaID>{4F4B2E41-3B04-4DEC-A039-37C425DC6C4B}</MetaID></Esri><idinfo><native Sync="TRUE">Microsoft Windows Vista Version 6.1 (Build 7601) Service Pack 1; ESRI ArcCatalog 9.3.0.1770</native><descript><langdata Sync="TRUE">es</langdata><abstract>REQUIRED: A brief narrative summary of the data set.</abstract><purpose>REQUIRED: A summary of the intentions with which the data set was developed.</purpose></descript><citation><citeinfo><origin>REQUIRED: The name of an organization or individual that developed the data set.</origin><pubdate>REQUIRED: The date when the data set is published or otherwise made available for release.</pubdate><title Sync="TRUE">comisarias_policia_metropolitana</title><ftname Sync="TRUE">comisarias_policia_metropolitana</ftname><geoform Sync="TRUE">vector digital data</geoform><onlink Sync="TRUE">\\MARIANA-PC\C$\1_MARIANA\BACKUP_MARIANA_DISCO_E\Mariana\Gobierno Abierto\2014\para enviar_sept_2014\comisarias_policia_metropolitana.shp</onlink></citeinfo></citation><timeperd><current>REQUIRED: The basis on which the time period of content information is determined.</current><timeinfo><sngdate><caldate>REQUIRED: The year (and optionally month, or month and day) for which the data set corresponds to the ground.</caldate></sngdate></timeinfo></timeperd><status><progress>REQUIRED: The state of the data set.</progress><update>REQUIRED: The frequency with which changes and additions are made to the data set after the initial data set is completed.</update></status><spdom><bounding><westbc Sync="TRUE">-58.490245</westbc><eastbc Sync="TRUE">-58.378568</eastbc><northbc Sync="TRUE">-34.551572</northbc><southbc Sync="TRUE">-34.642401</southbc></bounding><lboundng><leftbc Sync="TRUE">97474.489525</leftbc><rightbc Sync="TRUE">107713.853130</rightbc><bottombc Sync="TRUE">98592.827881</bottombc><topbc Sync="TRUE">108665.862685</topbc></lboundng></spdom><keywords><theme><themekt>REQUIRED: Reference to a formally registered thesaurus or a similar authoritative source of theme keywords.</themekt><themekey>REQUIRED: Common-use word or phrase used to describe the subject of the data set.</themekey></theme></keywords><accconst>REQUIRED: Restrictions and legal prerequisites for accessing the data set.</accconst><useconst>REQUIRED: Restrictions and legal prerequisites for using the data set after access is granted.</useconst><natvform Sync="TRUE">Shapefile</natvform></idinfo><dataIdInfo><envirDesc Sync="TRUE">Microsoft Windows Vista Version 6.1 (Build 7601) Service Pack 1; ESRI ArcCatalog 9.3.0.1770</envirDesc><dataLang><languageCode Sync="TRUE" value="es"></languageCode></dataLang><idCitation><resTitle>Comisaria de la Policía Metropolitana</resTitle><presForm><PresFormCd Sync="TRUE" value="005"></PresFormCd></presForm><resEdDate>201408</resEdDate><resRefDate><refDate>201106</refDate><refDateType><DateTypCd value="001"></DateTypCd></refDateType></resRefDate><citRespParty><rpIndName>Subinspector Mario CASANOVA</rpIndName><rpOrgName>Area ENLACE y SEGURIDAD - CONSEJO de la MAGISTRATURA CABA - Policia Metropolitana </rpOrgName><role><RoleCd value="007"></RoleCd></role><rpCntInfo><cntAddress><city>Ciudad Autónoma de Buenos Aires</city><adminArea>Ciudad Autónoma de Buenos Aires</adminArea><eMailAdd>mariocasanovapm@gmail.com</eMailAdd><country>ar</country></cntAddress><cntPhone><voiceNum>5296-6783 </voiceNum></cntPhone></rpCntInfo></citRespParty><citRespParty><rpIndName>Área de Información</rpIndName><rpOrgName>Unidad de Sistemas de Información Geográfica - Agencia de Sistemas de Información - Gobierno de la Ciudad Autónoma de Buenos Aires</rpOrgName><rpCntInfo><cntAddress><delPoint>Bernardo de Irigoyen 272 6ºpiso</delPoint><city>Ciudad Autónoma de Buenos Aires</city><adminArea>Ciudad Autónoma de Buenos Aires</adminArea><eMailAdd>usig_info@buenosaires.gov.ar</eMailAdd><country>ar</country></cntAddress><cntPhone><voiceNum>4323-9300 (int.81201998)</voiceNum></cntPhone></rpCntInfo><role><RoleCd value="006"></RoleCd></role></citRespParty><resRefDate><refDate>201408</refDate><refDateType><DateTypCd value="003"></DateTypCd></refDateType></resRefDate><resRefDate><refDate>201408</refDate><refDateType><DateTypCd value="002"></DateTypCd></refDateType></resRefDate><citRespParty><rpIndName>Guillermo Barberis</rpIndName><rpOrgName>Prensa de Policía Metropolitana</rpOrgName><rpPosName>Prensa de Policía Metropolitana</rpPosName><rpCntInfo><cntAddress><delPoint>Av Regimiento Patricios 1142 1ºpiso</delPoint><city>Ciudad Autónoma de Buenos Aires</city><eMailAdd>gfbarberis@gmail.com</eMailAdd></cntAddress><cntPhone><voiceNum>4309-9901 / 15 6796-5444</voiceNum></cntPhone></rpCntInfo><role><RoleCd value="007"></RoleCd></role></citRespParty><resAltTitle>comisarias_policia_metropolitana.shp</resAltTitle></idCitation><spatRpType><SpatRepTypCd Sync="TRUE" value="001"></SpatRepTypCd></spatRpType><dataExt><geoEle><GeoBndBox esriExtentType="native"><westBL Sync="TRUE">97474.489525</westBL><eastBL Sync="TRUE">107713.85313</eastBL><northBL Sync="TRUE">108665.862685</northBL><southBL Sync="TRUE">98592.827881</southBL><exTypeCode Sync="TRUE">1</exTypeCode></GeoBndBox></geoEle></dataExt><geoBox esriExtentType="decdegrees"><westBL Sync="TRUE">-58.490245</westBL><eastBL Sync="TRUE">-58.378568</eastBL><northBL Sync="TRUE">-34.551572</northBL><southBL Sync="TRUE">-34.642401</southBL><exTypeCode Sync="TRUE">1</exTypeCode></geoBox><idAbs>Localización de las comisarías dependientes de la Policía Metropolitana.</idAbs><tpCat><TopicCatCd value="011"></TopicCatCd></tpCat><tpCat><TopicCatCd value="019"></TopicCatCd></tpCat><resMaint><maintFreq><MaintFreqCd value="011"></MaintFreqCd></maintFreq></resMaint><resConst><Consts><useLimit>La información deberá ser utilizada de acuerdo con los usos que marca la Ley, respetando la fuente de los datos originales. 
La información suministrada en formato digital es para uso personal e intransferible. Queda estrictamente prohibido cualquier aprovechamiento o explotación del diseño y los Contenidos -por cualquier medio-, con fines comerciales. Sin perjuicio de ello, la información presentada podrá ser utilizada con fines informativos e ilustrativos en el contexto de un proyecto educacional o de divulgación científica, y siempre que se aclare la fuente. La utilización de los Contenidos de una forma que infrinja estas las disposiciones de uso, faculta al GCBA a ejercer las acciones legales que correspondan.</useLimit></Consts><LegConsts><accessConsts><RestrictCd value="006"></RestrictCd></accessConsts><useConsts><RestrictCd value="006"></RestrictCd></useConsts></LegConsts></resConst><descKeys KeyTypCd="005"><keyTyp><KeyTypCd value="005"></KeyTypCd></keyTyp><keyword>Comisarías</keyword><keyword>Policía Metropolitana</keyword><keyword>Seccional de Policía</keyword><keyword>Delito</keyword><keyword>Seguridad Pública</keyword><keyword>Seguridad Urbana</keyword><keyword>Vigilancia</keyword><keyword>Ministerio de Justicia y Seguridad</keyword></descKeys><descKeys KeyTypCd="001"><keyTyp><KeyTypCd value="001"></KeyTypCd></keyTyp><keyword>Seguridad</keyword><keyword>Justicia</keyword></descKeys><descKeys KeyTypCd="002"><keyTyp><KeyTypCd value="002"></KeyTypCd></keyTyp><keyword>Ciudad de Buenos Aires</keyword></descKeys><idPoC Sync="TRUE"><rpIndName Sync="TRUE">Subinspector Mario CASANOVA</rpIndName><rpOrgName Sync="TRUE">Area ENLACE y SEGURIDAD - CONSEJO de la MAGISTRATURA CABA - Policia Metropolitana</rpOrgName><rpCntInfo><cntPhone><voiceNum Sync="TRUE">5296-6783</voiceNum></cntPhone><cntAddress><city Sync="TRUE">Ciudad Autónoma de Buenos Aires</city><adminArea Sync="TRUE">Ciudad Autónoma de Buenos Aires</adminArea><country Sync="TRUE">ar</country><eMailAdd Sync="TRUE">mariocasanovapm@gmail.com</eMailAdd></cntAddress></rpCntInfo><role><RoleCd Sync="TRUE" value="007"></RoleCd></role></idPoC><idPoC Sync="TRUE"><rpIndName Sync="TRUE">Guillermo Barberis</rpIndName><rpOrgName Sync="TRUE">Prensa de Policía Metropolitana</rpOrgName><rpPosName Sync="TRUE">Prensa de Policía Metropolitana</rpPosName><rpCntInfo><cntPhone><voiceNum Sync="TRUE">4309-9901 / 15 6796-5444</voiceNum></cntPhone><cntAddress><delPoint Sync="TRUE">Av Regimiento Patricios 1142 1ºpiso</delPoint><city Sync="TRUE">Ciudad Autónoma de Buenos Aires</city><eMailAdd Sync="TRUE">gfbarberis@gmail.com</eMailAdd></cntAddress></rpCntInfo><role><RoleCd Sync="TRUE" value="007"></RoleCd></role></idPoC></dataIdInfo><metainfo><langmeta Sync="TRUE">es</langmeta><metstdn Sync="TRUE">FGDC Content Standards for Digital Geospatial Metadata</metstdn><metstdv Sync="TRUE">FGDC-STD-001-1998</metstdv><mettc Sync="TRUE">local time</mettc><metc><cntinfo><cntorgp><cntper>REQUIRED: The person responsible for the metadata information.</cntper><cntorg>REQUIRED: The organization responsible for the metadata information.</cntorg></cntorgp><cntaddr><addrtype>REQUIRED: The mailing and/or physical address for the organization or individual.</addrtype><city>REQUIRED: The city of the address.</city><state>REQUIRED: The state or province of the address.</state><postal>REQUIRED: The ZIP or other postal code of the address.</postal></cntaddr><cntvoice>REQUIRED: The telephone number by which individuals can speak to the organization or individual.</cntvoice></cntinfo></metc><metd Sync="TRUE">20140905</metd><metextns><onlink Sync="TRUE">http://www.esri.com/metadata/esriprof80.html</onlink><metprof Sync="TRUE">ESRI Metadata Profile</metprof></metextns></metainfo><mdLang><languageCode Sync="TRUE" value="es"></languageCode></mdLang><mdStanName Sync="TRUE">ISO 19115 Geographic Information - Metadata</mdStanName><mdStanVer Sync="TRUE">DIS_ESRI1.0</mdStanVer><mdChar><CharSetCd Sync="TRUE" value="004"></CharSetCd></mdChar><mdHrLv><ScopeCd Sync="TRUE" value="005"></ScopeCd></mdHrLv><mdHrLvName Sync="TRUE">dataset</mdHrLvName><distinfo><resdesc Sync="TRUE">Downloadable Data</resdesc><stdorder><digform><digtinfo><transize Sync="TRUE">0,000</transize><dssize Sync="TRUE">0,000</dssize></digtinfo></digform></stdorder></distinfo><distInfo><distributor><distorTran><onLineSrc><orDesc>001</orDesc><protocol Sync="TRUE">Local Area Network</protocol><orFunct><OnFunctCd value="002"></OnFunctCd></orFunct><linkage>http://www.mapa.buenosaires.gob.ar/  http://mapas.usig.buenosaires.gov.ar/</linkage></onLineSrc><transSize Sync="TRUE">0,000</transSize></distorTran><distorFormat><formatName Sync="TRUE">Shapefile</formatName><formatVer>ArcGis 9.0</formatVer></distorFormat><distorCont><rpIndName>Área de Información</rpIndName><rpOrgName>Unidad de Sistemas de Información Geográfica - Agencia de Sistemas de Información - Gobierno de la Ciudad Autónoma de Buenos Aires</rpOrgName><rpCntInfo><cntAddress><delPoint>Bernardo de Irigoyen 272 6ºpiso</delPoint><city>Ciudad Autónoma de Buenos Aires</city><adminArea>Ciudad Autónoma de Buenos Aires</adminArea><eMailAdd>usig_info@buenosaires.gov.ar</eMailAdd><country>ar</country></cntAddress><cntPhone><voiceNum>4323-9300 (int.81201998)</voiceNum></cntPhone></rpCntInfo><role><RoleCd value="005"></RoleCd></role></distorCont><distorOrdPrc><ordInstr>La información no está a la venta.</ordInstr></distorOrdPrc></distributor></distInfo><spdoinfo><direct Sync="TRUE">Vector</direct><ptvctinf><esriterm Name="comisarias_policia_metropolitana"><efeatyp Sync="TRUE">Simple</efeatyp><efeageom Sync="TRUE">Point</efeageom><esritopo Sync="TRUE">FALSE</esritopo><efeacnt Sync="TRUE">4</efeacnt><spindex Sync="TRUE">TRUE</spindex><linrefer Sync="TRUE">FALSE</linrefer></esriterm><sdtsterm Name="comisarias_policia_metropolitana"><sdtstype Sync="TRUE">Entity point</sdtstype><ptvctcnt Sync="TRUE">4</ptvctcnt></sdtsterm></ptvctinf></spdoinfo><spref><horizsys><cordsysn><geogcsn Sync="TRUE">GCS_Campo_Inchauspe</geogcsn><projcsn Sync="TRUE">Argentina_GKBsAs</projcsn></cordsysn><planar><planci><plance Sync="TRUE">coordinate pair</plance><plandu Sync="TRUE">meters</plandu><coordrep><absres Sync="TRUE">0.000000</absres><ordres Sync="TRUE">0.000000</ordres></coordrep></planci><mapproj><mapprojn Sync="TRUE">Transverse Mercator</mapprojn><transmer><sfctrmer Sync="TRUE">0.999998</sfctrmer><longcm Sync="TRUE">-58.462700</longcm><latprjo Sync="TRUE">-34.629717</latprjo><feast Sync="TRUE">100000.000000</feast><fnorth Sync="TRUE">100000.000000</fnorth></transmer></mapproj></planar><geodetic><horizdn Sync="TRUE">D_Campo_Inchauspe</horizdn><ellips Sync="TRUE">International_1924</ellips><semiaxis Sync="TRUE">6378388.000000</semiaxis><denflat Sync="TRUE">297.000000</denflat></geodetic></horizsys><vertdef><altsys><altenc Sync="TRUE">Explicit elevation coordinate included with horizontal coordinates</altenc><altres Sync="TRUE">0.000100</altres></altsys></vertdef></spref><refSysInfo><RefSystem><refSysID><identCode Sync="TRUE">Argentina_GKBsAs</identCode></refSysID></RefSystem></refSysInfo><spatRepInfo><VectSpatRep><topLvl><TopoLevCd Sync="TRUE" value="001"></TopoLevCd></topLvl><geometObjs Name="comisarias_policia_metropolitana"><geoObjTyp><GeoObjTypCd Sync="TRUE" value="004"></GeoObjTypCd></geoObjTyp><geoObjCnt Sync="TRUE">4</geoObjCnt></geometObjs></VectSpatRep></spatRepInfo><eainfo><detailed Name="comisarias_policia_metropolitana"><enttyp><enttypl Sync="TRUE">comisarias_policia_metropolitana</enttypl><enttypt Sync="TRUE">Feature Class</enttypt><enttypc Sync="TRUE">4</enttypc></enttyp><attr><attrlabl Sync="TRUE">FID</attrlabl><attalias Sync="TRUE">FID</attalias><attrtype Sync="TRUE">OID</attrtype><attwidth Sync="TRUE">4</attwidth><atprecis Sync="TRUE">0</atprecis><attscale Sync="TRUE">0</attscale><attrdef Sync="TRUE">Internal feature number.</attrdef><attrdefs Sync="TRUE">ESRI</attrdefs><attrdomv><udom Sync="TRUE">Sequential unique whole numbers that are automatically generated.</udom></attrdomv></attr><attr><attrlabl Sync="TRUE">OBJECTID</attrlabl><attalias Sync="TRUE">OBJECTID</attalias><attrtype Sync="TRUE">Number</attrtype><attwidth Sync="TRUE">9</attwidth><attrdef Sync="TRUE">Internal feature number.</attrdef><attrdefs Sync="TRUE">ESRI</attrdefs><attrdomv><udom Sync="TRUE">Sequential unique whole numbers that are automatically generated.</udom></attrdomv></attr><attr><attrlabl Sync="TRUE">Shape</attrlabl><attalias Sync="TRUE">Shape</attalias><attrtype Sync="TRUE">Geometry</attrtype><attwidth Sync="TRUE">0</attwidth><atprecis Sync="TRUE">0</atprecis><attscale Sync="TRUE">0</attscale><attrdef Sync="TRUE">Feature geometry.</attrdef><attrdefs Sync="TRUE">ESRI</attrdefs><attrdomv><udom Sync="TRUE">Coordinates defining the features.</udom></attrdomv></attr><attr><attrlabl Sync="TRUE">ID</attrlabl><attalias Sync="TRUE">ID</attalias><attrtype Sync="TRUE">Float</attrtype><attwidth Sync="TRUE">19</attwidth><atnumdec Sync="TRUE">11</atnumdec></attr><attr><attrlabl Sync="TRUE">NOMBRE</attrlabl><attalias Sync="TRUE">NOMBRE</attalias><attrtype Sync="TRUE">String</attrtype><attwidth Sync="TRUE">19</attwidth></attr><attr><attrlabl Sync="TRUE">DOMICILIO</attrlabl><attalias Sync="TRUE">DOMICILIO</attalias><attrtype Sync="TRUE">String</attrtype><attwidth Sync="TRUE">32</attwidth></attr><attr><attrlabl Sync="TRUE">BARRIO</attrlabl><attalias Sync="TRUE">BARRIO</attalias><attrtype Sync="TRUE">String</attrtype><attwidth Sync="TRUE">20</attwidth></attr><attr><attrlabl Sync="TRUE">TELEFONO</attrlabl><attalias Sync="TRUE">TELEFONO</attalias><attrtype Sync="TRUE">String</attrtype><attwidth Sync="TRUE">50</attwidth></attr><attr><attrlabl Sync="TRUE">OBSERVAC</attrlabl><attalias Sync="TRUE">OBSERVAC</attalias><attrtype Sync="TRUE">String</attrtype><attwidth Sync="TRUE">100</attwidth></attr><attr><attrlabl Sync="TRUE">OBJETO</attrlabl><attalias Sync="TRUE">OBJETO</attalias><attrtype Sync="TRUE">String</attrtype><attwidth Sync="TRUE">50</attwidth></attr></detailed></eainfo><mdDateSt Sync="TRUE">20140905</mdDateSt><dataqual><lineage><procstep><procdesc Sync="TRUE">Dataset copied.</procdesc><srcused Sync="TRUE">C:\Ceci\Comenzoeltrabajo\2012\A0-CoordyPlanifdelDesarrolloPolic-MaAlejandroQuinteros-Jun\comisaria_metropolitana_new</srcused><procdate Sync="TRUE">20121220</procdate><proctime Sync="TRUE">11362500</proctime></procstep><procstep><procdesc Sync="TRUE">Dataset copied.</procdesc><srcused Sync="TRUE">C:\Ceci\SHP\SHP\comisaria_metropolitana</srcused><procdate Sync="TRUE">20121220</procdate><proctime Sync="TRUE">11581200</proctime></procstep><procstep><procdesc Sync="TRUE">Dataset copied.</procdesc><srcused Sync="TRUE">C:\Ceci\Comenzoeltrabajo\2012\A0-CoordyPlanifdelDesarrolloPolic-MaAlejandroQuinteros-Jun\comisaria_metropolitana</srcused><procdate Sync="TRUE">20121220</procdate><proctime Sync="TRUE">12203000</proctime></procstep><procstep><procdesc Sync="TRUE">Dataset copied.</procdesc><srcused Sync="TRUE"></srcused><procdate Sync="TRUE">20121221</procdate><proctime Sync="TRUE">11382700</proctime></procstep><procstep><procdesc Sync="TRUE">Dataset copied.</procdesc><srcused Sync="TRUE">C:\Ceci\Comenzoeltrabajo\mis shapes\comisaria_metropolitana</srcused><procdate Sync="TRUE">20121221</procdate><proctime Sync="TRUE">11444500</proctime></procstep><procstep><procdesc Sync="TRUE">Dataset moved.</procdesc><srcused Sync="TRUE">C:\Ceci\Comenzoeltrabajo\2013\Seguridad-Actualizacion\Policia Metropolitana\comisarias_policia_metropolitana</srcused><procdate Sync="TRUE">20130227</procdate><proctime Sync="TRUE">12452400</proctime></procstep><procstep><procdesc Sync="TRUE">Dataset copied.</procdesc><srcused Sync="TRUE">C:\Ceci\Comenzoeltrabajo\2013\Seguridad-Actualizacion\Nuevos_parareemplazar\comisarias_policia_metropolitana</srcused><procdate Sync="TRUE">20130321</procdate><proctime Sync="TRUE">09385500</proctime></procstep><procstep><procdesc Sync="TRUE">Dataset copied.</procdesc><srcused Sync="TRUE">\\PABLO-THINK\C$\comisaria plicia metropolitana\New Personal Geodatabase.mdb</srcused><procdate Sync="TRUE">20130814</procdate><proctime Sync="TRUE">10341500</proctime></procstep><procstep><procdesc Sync="TRUE">Dataset copied.</procdesc><srcused Sync="TRUE">C:\Users\Analia\Dropbox\Capas USIG - Carpeta Interna\Policía Metropolitana\comisarias_policia_metropolitana</srcused><procdate Sync="TRUE">20140512</procdate><proctime Sync="TRUE">10154600</proctime></procstep><procstep><procdesc Sync="TRUE">Dataset copied.</procdesc><srcused Sync="TRUE">C:\1_MARIANA\BACKUP_MARIANA_DISCO_E\Mariana\MAPAS\SHAPES\comisarias_policia_metropolitana</srcused><procdate Sync="TRUE">20140905</procdate><proctime Sync="TRUE">13080200</proctime></procstep></lineage></dataqual><mdContact><rpIndName>Área de Información</rpIndName><rpOrgName>Unidad de Sistemas de Información Geográfica - Agencia de Sistemas de Información - Gobierno de la Ciudad Autónoma de Buenos Aires</rpOrgName><rpCntInfo><cntAddress><delPoint>Bernardo de Irigoyen 272 6ºpiso</delPoint><city>Ciudad Autónoma de Buenos Aires</city><adminArea>Ciudad Autónoma de Buenos Aires</adminArea><eMailAdd>usig_info@buenosaires.gov.ar</eMailAdd><country>ar</country></cntAddress><cntPhone><voiceNum>4323-9300 (int.81201998)</voiceNum></cntPhone></rpCntInfo><role><RoleCd value="006"></RoleCd></role></mdContact><dqInfo><dataLineage><statement>En este shape se encuentran localizadas las Comisarias Comunales de la Policia Metropolitana. 
La Policía Metropolitana es uno de los pilares del Plan Integral de Seguridad diseñado por el Gobierno de la Ciudad de Buenos Aires que se apoya en políticas de prevención, la implementación de un sistema de control del espacio público y el fortalecieminto del servicio de Justicia.
Tiene por objetivo desarrollar acciones de prevención, protección y seguridad de las personas y sus bienes. Ser auxiliar de la justicia en el ámbito de la Ciudad Autónoma de Buenos Aires. Mantener una política de proximidad hacia el vecino sumando sus opiniones y aportes.

La actualización de la información ha sido provista por el Área de Enlace del Consejo de la Magistratura de la Ciudad (Polícia Metropolitana), en Septiembre del 2012.

Actualización: Abril 2014 con la inauguración del Destacamento de Constitución Comuna 1.

Actualización: Agosto 2014 se corrige localización de la comisaría comuna 12.

DESCRIPCIÓN DE CAMPOS

ID
TIPO: Numérico (11)
DESCRIPCIÓN: Identificador único de cada registro

NOMBRE
TIPO: Texto (19)
DESCRIPCIÓN: Nombre de la Comisaría

DOMICILIO
TIPO: Texto (32)
DESCRIPCIÓN: Domicilio donde se encuentra la Comisaría

BARRIO
TIPO: Texto (20)
DESCRIPCIÓN: Barrio en el que se encuentra la Comisaría

TELEFONO
TIPO: TEXTO (50)
DESCRIPCION: Teléfono de la comisaría en cuestión.

OBSERVAC
TIPO: TEXTO (100)
DESCRIPCION: Indica que la comisaría cuenta con una dependencia del Ministerio Público Fiscal.

OBJETO
TIPO: Texto (50)
DESCRIPCION: Tipo de objeto mapeado.</statement></dataLineage><dqScope><scpLvl><ScopeCd value="005"></ScopeCd></scpLvl></dqScope></dqInfo></metadata>
