<?xml version="1.0"?>
<!--<!DOCTYPE metadata SYSTEM "http://www.esri.com/metadata/esriprof80.dtd">-->
<metadata xml:lang="es"><Esri><CreaDate>20130228</CreaDate><CreaTime>16001000</CreaTime><SyncOnce>TRUE</SyncOnce><MetaID>{19BD39B4-9B0A-4549-94F5-C50B9A106EC2}</MetaID></Esri><idinfo><citation><citeinfo><onlink Sync="TRUE">\\Bmitre12\Mis Documentos\publicacion SHAPE\final\manzanas_censo_2010</onlink></citeinfo></citation></idinfo><distInfo><distributor><distorTran><onLineSrc><linkage Sync="TRUE">file://\\Bmitre12\Mis Documentos\publicacion SHAPE\final\manzanas_censo_2010</linkage><protocol Sync="TRUE">Local Area Network</protocol></onLineSrc></distorTran></distributor></distInfo><dataqual><lineage><procstep><procdesc Sync="TRUE">Dataset copied.</procdesc><srcused Sync="TRUE">C:\Fernanda\mz_catastrales-mod\mz_cartografia_2007</srcused><date Sync="TRUE">20090318</date><time Sync="TRUE">13213600</time></procstep><procstep><procdesc Sync="TRUE">Dataset copied.</procdesc><srcused Sync="TRUE"></srcused><procdate Sync="TRUE">20130228</procdate><proctime Sync="TRUE">14584400</proctime></procstep><procstep><procdesc Sync="TRUE">Dataset copied.</procdesc><srcused Sync="TRUE">\\Bmitre12\Mis Documentos\publicacion SHAPE\manzanas_censo_2010</srcused><procdate Sync="TRUE">20130228</procdate><proctime Sync="TRUE">15550600</proctime></procstep><procstep><procdesc Sync="TRUE">Dataset copied.</procdesc><srcused Sync="TRUE">C:\Cartografía\New Folder\manzanas_censo_2010</srcused><procdate Sync="TRUE">20130228</procdate><proctime Sync="TRUE">16001000</proctime></procstep></lineage></dataqual></metadata>
