longitud;latitud;fecha;calle;numero;m2;dolares;u_s_m2;fot;distrito_c;fuente_;cotiz;pesos;m2__pesos_;barrio;comuna
-58.4791;-34.5536;2003-12-10;JARAMILLO;3558;372.4;125000;335.7;;R2b I;CLARIN;2.99;373750;1003.68;SAAVEDRA;12
-58.4703;-34.5517;2003-12-03;MOLDES;3500;171;115000;672.5;;R2b I;BUSCAINMUEBLES_26;2.96;340400;1990.64;NUÑEZ;13
-58.4947;-34.5723;2003-12-10;CONGRESO;5500;490;115000;234.7;;R2b I;BUSCAINMUEBLES_26;2.96;340400;694.69;VILLA URQUIZA;12
-58.4175;-34.6087;2003-12-03;DIAZ VELEZ;3600;219;150000;684.9;;UF;CLARIN;2.99;448500;2047.95;ALMAGRO;5
-58.454;-34.5649;2003-12-01;LA PAMPA;2400;205.4;330000;1606.5;;C2;LA NACION;2.99;986700;4803.44;BELGRANO;13
-58.5126;-34.6406;2003-12-10;FALCON RAMON;6100;259.8;65000;250.2;;R2a II;EXPOCLASIFICADOS_31;2.97;193050;743.07;LINIERS;9
-58.4859;-34.56;2003-12-23;NUÑEZ;4449;612.2;118000;192.8;;R2b I;LATINMUEBLE_05;2.96;349280;570.58;SAAVEDRA;12
-58.4868;-34.638;2003-12-03;RAFAELA;4300;121;88000;727.3;;C3 II;BUSCAINMUEBLES_22;2.96;260480;2152.73;VELEZ SARSFIELD;10
-58.4245;-34.5792;2003-12-01;SANTA MARIA DE ORO;2500;182;240000;1318.7;;C3 I;BUSCAINMUEBLES_34;2.96;710400;3903.3;PALERMO;14
-58.514;-34.6333;2003-12-10;JUSTO;8921;281;79000;281.1;;C3 II;EXPOCLASIFICADOS_10;2.97;234630;835;VERSALLES;10
-58.514;-34.6336;2003-12-10;JUSTO;8900;295;79000;267.8;;C3 II;BUSCAINMUEBLES_20;2.96;233840;792.68;LINIERS;9
-58.4351;-34.578;2003-12-05;GUATEMALA;5900;355;210000;591.5;;U20;BUSCAINMUEBLES_33;2.96;621600;1750.99;PALERMO;14
-58.4884;-34.58;2003-12-04;MENDOZA;5600;185;120000;648.6;;R2b II;BUSCAINMUEBLES_26;2.96;355200;1920;VILLA URQUIZA;12
-58.4914;-34.5866;2003-12-10;DEL CARRIL;2310;164.5;85000;516.6;;C3 II;CLARIN;2.99;254150;1544.61;AGRONOMIA;15
-58.4924;-34.5873;2003-12-10;DEL CARRIL;2400;164.5;85000;516.6;;C3 II;EXPOCLASIFICADOS_52;2.97;252450;1534.28;AGRONOMIA;15
-58.4395;-34.629;2003-12-10;PERON EVA;1000;203;80000;394.1;;C3 II;BUSCAINMUEBLES_20;2.96;236800;1166.5;PARQUE CHACABUCO;7
-58.3873;-34.6155;2003-12-23;SAENZ PEÑA LUIS;600;405;74000;182.7;;R2a I;BUSCAINMUEBLES_18;2.96;219040;540.87;MONSERRAT;1
-58.3833;-34.6155;2003-12-10;MEXICO;1220;464;115000;247.8;;R2a I;LA NACION;2.98;342700;738.58;MONSERRAT;1
-58.4311;-34.6186;2003-12-01;DOBLAS;200;190.5;210000;1102.2;;R2a II;REVISTA GRUPO MEGA;2.99;627900;3295.72;CABALLITO;6
-58.4601;-34.5453;2003-12-01;ARRIBEÑOS;3565;259.8;320000;1231.7;;R2a I;LA NACION;2.99;956800;3682.83;NUÑEZ;13
-58.4082;-34.5895;2003-12-01;ARENALES;3100;207.9;460000;2212.6;;R2a I;LA NACION;2.99;1.3754e+006;6615.68;RECOLETA;2
-58.4985;-34.6069;2003-12-10;NOGOYA;3700;391.1;140000;358;;C3 II;EXPOCLASIFICADOS_75;2.97;415800;1063.29;VILLA DEL PARQUE;11
-58.4403;-34.6076;2003-12-06;ACOYTE;916;189.6;100000;527.3;;C3 I;CLARIN;2.99;299000;1576.67;CABALLITO;6
-58.4308;-34.6276;2003-12-04;VIEL;900;412.2;248000;601.7;;C3 II;CLARIN;2.98;739040;1792.96;CABALLITO;6
-58.4911;-34.5645;2003-12-04;PACHECO;4400;443.7;290000;653.6;;R2b I;LATINMUEBLE_04;2.96;858400;1934.64;VILLA URQUIZA;12
-58.4083;-34.5981;2003-12-04;ANCHORENA;900;418;250000;598.1;;C3 I;CLARIN;2.97;742500;1776.32;RECOLETA;2
-58.3711;-34.6244;2003-12-10;GARAY JUAN;400;305;120000;393.4;;C3 I;CLARIN;2.97;356400;1168.52;SAN TELMO;1
-58.4449;-34.6239;2003-12-01;ALBERDI;1200;200;220000;1100;;R2a II;BUSCAINMUEBLES_34;2.96;651200;3256;CABALLITO;6
-58.4479;-34.618;2003-12-10;AVELLANEDA;1200;450;159000;353.4;;R2a II;CLARIN;2.98;473820;1053;CABALLITO;6
-58.4902;-34.5859;2003-12-10;DEL CARRIL;2200;260;120000;461.5;;C3 II;CLARIN;2.97;356400;1370.77;AGRONOMIA;15
-58.4117;-34.597;2003-12-02;CABRERA;3200;228.6;220000;962.3;;R2a I;LA NACION;2.99;657800;2877.21;RECOLETA;2
-58.461;-34.5619;2003-12-04;OLAZABAL;2700;630;380000;603.2;;R2a I;CLARIN;2.96;1.1248e+006;1785.4;BELGRANO;13
-58.4253;-34.6273;2003-12-10;MUNIZ;1140;380;107000;281.6;;R2a II;CLARIN;2.98;318860;839.11;BOEDO;5
-58.4115;-34.6029;2003-12-04;GUARDIA VIEJA;3300;518;320000;617.8;;C3 I;CLARIN;2.99;956800;1847.1;BALVANERA;3
-58.4847;-34.5724;2003-12-10;ROOSEVELT;4900;400;175000;437.5;;UF;BUSCAINMUEBLES_32;2.96;518000;1295;VILLA URQUIZA;12
-58.3796;-34.6403;2004-12-30;LANIN;100;750;60000;80;;E3;CLARIN;2.98;178800;238.4;BARRACAS;4
-58.5154;-34.5905;2003-12-10;SAN MARTIN AV;7200;433;135000;311.8;;C3 II;EXPOCLASIFICADOS_75;2.97;400950;925.98;VILLA DEVOTO;11
-58.4823;-34.5553;2003-12-08;JARAMILLO;3900;376.7;198000;525.6;;C3 II;CLARIN;2.99;592020;1571.55;SAAVEDRA;12
-58.3954;-34.6034;2003-12-02;LAVALLE;2000;450;390000;866.7;;C3 I;BUSCAINMUEBLES_37;2.96;1.1544e+006;2565.33;BALVANERA;3
-58.3995;-34.6337;2003-12-10;JUJUY;2000;423.5;180000;425.1;;C3 II;LA NACION;2.99;538200;1270.92;PARQUE PATRICIOS;4
-58.4254;-34.6323;2003-12-23;LA PLATA;1500;623.5;110000;176.4;;C3 II;BUSCAINMUEBLES_26;2.96;325600;522.2;BOEDO;5
-58.4677;-34.5374;2003-12-03;11 DE SEPTIEMBRE DE 1888;4700;398.4;310000;778.2;;UF;EXPOCLASIFICADOS_75;2.97;920700;2311.23;NUÑEZ;13
-58.3798;-34.653;2003-12-02;NEWBERY;2400;780;700000;897.4;;APH 7;LA NACION;2.99;2.093e+006;2683.33;BARRACAS;4
-58.4173;-34.598;2003-12-10;CORDOBA;3600;687.2;280000;407.5;;C3 I;LA NACION;2.99;837200;1218.31;ALMAGRO;5
-58.4798;-34.5731;2003-12-03;OLAZABAL;4500;389.7;270000;692.8;;R2a II;CLARIN;2.97;801900;2057.74;VILLA URQUIZA;12
-58.4601;-34.5614;2003-12-06;OLAZABAL;2600;700;385000;550;;R2a I;BUSCAINMUEBLES_37;2.96;1.1396e+006;1628;BELGRANO;13
-58.4174;-34.6069;2003-12-23;BRAVO MARIO;300;960;175000;182.3;;R2a II;LATINMUEBLE_01;2.96;518000;539.58;ALMAGRO;5
-58.3607;-34.6319;2003-12-23;BROWN;800;418;75000;179.4;;C3 I 2;BUSCAINMUEBLES_18;2.96;222000;531.1;BOCA;4
-58.4418;-34.5732;2003-12-02;ZAPATA;400;910;800000;879.1;;R2a II;LA NACION;2.99;2.392e+006;2628.57;PALERMO;14
-58.4657;-34.6326;2003-12-10;ALBERDI;2700;632;280000;443;;R2a II;BUSCAINMUEBLES_36;2.96;828800;1311.39;FLORES;7
-58.4597;-34.6164;2003-12-29;NEUQUEN;1900;1040;95000;91.3;;R2a II;CLARIN;2.99;284050;273.13;FLORES;7
-58.4684;-34.5508;2003-12-03;NUÑEZ;2500;1091.2;730000;669;;C3 I;CLARIN;2.99;2.1827e+006;2000.35;NUÑEZ;13
-58.4132;-34.6043;2003-12-03;CORRIENTES;3400;1250;850000;680;;C3 I;LA NACION;2.99;2.5415e+006;2033.2;BALVANERA;3
-58.4558;-34.5481;2003-12-01;DEL LIBERTADOR;7000;6019;11000000;1827.5;8.33;R2a I;BUSCAINMUEBLES_41;2.96;3.256e+007;5409.54;NUÑEZ;13
-58.3609;-34.6123;2003-12-10;RIVADAVIA;50;396;130000;328.3;7;U11;CLARIN;2.97;386100;975;PUERTO MADERO;1
-58.4726;-34.6369;2003-12-10;DIRECTORIO;3309;116.9;49000;419.1;5.6;C3 II;EXPOCLASIFICADOS_75;2.97;145530;1244.8;FLORESTA;10
-58.4352;-34.5706;2003-12-01;CAMPOS LUIS MARIA;653;362.4;490000;1352;5.27;R2a I;LA NACION;2.99;1.4651e+006;4042.54;PALERMO;14
-58.4636;-34.5562;2003-12-01;CONGRESO;2500;389.7;430000;1103.4;5.2;R2a II;CLARIN;2.99;1.2857e+006;3299.2;BELGRANO;13
-58.4304;-34.6119;2003-12-02;RIO DEJANEIRO;300;260;230000;884.6;5.2;R2a II;LATINMUEBLE_04;2.96;680800;2618.46;CABALLITO;6
-58.4395;-34.629;2003-12-04;DIRECTORIO;900;212.2;138000;650.4;5.2;C3 II;EXPOCLASIFICADOS_74;2.97;409860;1931.75;PARQUE CHACABUCO;7
-58.3916;-34.6204;2003-12-23;CALVO CARLOS;1800;602.6;120000;199.1;5.2;C3 I;CLARIN;2.98;357600;593.41;CONSTITUCION;1
-58.4586;-34.5617;2003-12-01;CIUDAD DE LA PAZ;2200;726;1100000;1515.2;5;C2;CLARIN;2.98;3.278e+006;4515.15;BELGRANO;13
-58.4607;-34.5594;2003-12-03;CIUDAD DE LA PAZ;2456;449.9;360000;800.2;5;C2;CLARIN;2.99;1.0764e+006;2392.6;BELGRANO;13
-58.4859;-34.5697;2003-12-06;ALVAREZ THOMAS;3500;237.5;129000;543.2;5;R2a II;CLARIN;2.98;384420;1618.61;VILLA URQUIZA;12
-58.382;-34.6075;2003-12-09;MITRE BARTOLOME;1100;900;470000;522.2;5;C1;LA NACION;2.99;1.4053e+006;1561.44;SAN NICOLAS;1
-58.3798;-34.6209;2003-12-10;IRIGOYEN BERNARDO DE;1100;400;200000;500;5;C1;EXPOCLASIFICADOS_75;2.97;594000;1485;CONSTITUCION;1
-58.4808;-34.5712;2003-12-10;MONROE;4600;311.8;145000;465.1;5;C3 I;EXPOCLASIFICADOS_52;2.97;430650;1381.35;VILLA URQUIZA;12
-58.4817;-34.5718;2003-12-10;MONROE;4800;311.8;145000;465.1;5;C3 I;CLARIN;2.96;429200;1376.7;VILLA URQUIZA;12
-58.4063;-34.6196;2003-12-10;INDEPENDENCIA;2900;280;105000;375;5;C3 I;BUSCAINMUEBLES_24;2.96;310800;1110;SAN CRISTOBAL;3
-58.4671;-34.633;2003-12-10;ALBERDI;2800;233.8;75000;320.8;5;R2a II;CLARIN;2.96;222000;949.45;FLORES;7
-58.4568;-34.6045;2003-12-10;ESCALADA DE SAN MARTIN;1085;652;155000;237.7;5;C2;CLARIN;2.99;463450;710.81;VILLA CRESPO;15
-58.4728;-34.6309;2003-12-12;HELGUERA;50;139.4;31000;222.4;5;R2b I;EXPOCLASIFICADOS_75;2.97;92070;660.47;FLORES;7
-58.3814;-34.624;2003-12-23;COCHABAMBA;1100;235;45000;191.5;5;RU;BUSCAINMUEBLES_08;2.96;133200;566.81;CONSTITUCION;1
-58.3788;-34.6165;2003-12-23;CHILE;900;322;48000;149.1;5;R2a II;LATINMUEBLE_05;2.96;142080;441.24;MONSERRAT;1
-58.4875;-34.5716;2003-12-10;DIAZ COLODRERO;2700;400;165000;412.5;4.2;C3 I;EXPOCLASIFICADOS_83;2.97;490050;1225.13;VILLA URQUIZA;12
-58.4497;-34.5652;2003-12-01;DEL PINO;2200;287.6;450000;1564.7;4.16;R2a I;LA NACION;2.99;1.3455e+006;4678.45;BELGRANO;13
-58.454;-34.5661;2003-12-02;HERNANDEZ JOSE;2460;372.4;380000;1020.5;4.16;R2a I;CLARIN;2.99;1.1362e+006;3051.18;BELGRANO;13
-58.4235;-34.5784;2003-12-01;BERUTI;4500;427.5;495000;1157.9;4.15;R2a I;CLARIN;2.99;1.48005e+006;3462.11;PALERMO;14
-58.4888;-34.5725;2003-12-03;RIVERA PEDRO;5100;263.2;200000;759.9;4;C3 I;CLARIN;2.99;598000;2272.04;VILLA URQUIZA;12
-58.3982;-34.6234;2003-12-10;SAN JUAN;2330;360;170000;472.2;4;C3 I;CLARIN;2.99;508300;1411.94;SAN CRISTOBAL;3
-58.4517;-34.6059;2003-12-10;REPETTO;1500;836;370000;442.6;4;C3 I;CLARIN;2.99;1.1063e+006;1323.33;VILLA CRESPO;15
-58.4889;-34.5715;2003-12-10;NAHUEL HUAPI;5100;400;145000;362.5;4;C3 I;EXPOCLASIFICADOS_83;2.97;430650;1076.63;VILLA URQUIZA;12
-58.4085;-34.6034;2003-12-10;JAURES;565;600;169000;281.7;4;C3 I;CLARIN;2.98;503620;839.37;BALVANERA;3
-58.3842;-34.6179;2003-12-10;INDEPENDENCIA;1300;1540;380000;246.8;4;C3 I;CLARIN;2.99;1.1362e+006;737.79;CONSTITUCION;1
-58.4433;-34.56;2003-12-03;HERNANDEZ JOSE;1400;329;240000;729.5;3.6;R2a II;LA NACION;2.99;717600;2181.16;BELGRANO;13
-58.4458;-34.5971;2003-12-23;THAMES;300;150;30000;200;3.6;R2a II;CLARIN;2.98;89400;596.03;VILLA CRESPO;15
-58.4437;-34.5836;2003-12-03;AREVALO;1400;150.7;110000;730;3.5;U20;CLARIN;2.99;328900;2182.71;PALERMO;14
-58.4301;-34.5801;2003-12-06;HUMBOLDT;2300;346.4;190000;548.5;3.5;U20;CLARIN;2.99;568100;1640.01;PALERMO;14
-58.4638;-34.5593;2003-12-02;ROOSEVELT;2737;355.1;295000;830.8;3.46;R2a II;POR TEL;2.98;879100;2475.92;BELGRANO;13
-58.4639;-34.5636;2003-12-03;OLAZABAL;3000;121.2;90000;742.3;3.46;R2a II;CLARIN;2.99;269100;2219.56;BELGRANO;13
-58.4433;-34.624;2003-12-03;MITRE EMILIO;200;480.6;350000;728.2;3.46;R2a II;CLARIN;2.99;1.0465e+006;2177.35;CABALLITO;6
-58.4465;-34.6287;2003-12-03;BONIFACIO;1400;207.8;145000;697.7;3.46;R2a II;CLARIN;2.99;433550;2085.98;CABALLITO;6
-58.468;-34.5517;2003-12-03;AZURDUY JUANA;2528;475.2;330000;694.5;3.46;R2a II;CLARIN;2.96;976800;2055.68;NUÑEZ;13
-58.4311;-34.6263;2003-12-05;VIEL;800;412.2;245000;594.4;3.46;E3;EXPOCLASIFICADOS_74;2.97;727650;1765.33;CABALLITO;6
-58.4501;-34.619;2003-12-06;AVELLANEDA;1300;170;95000;558.8;3.46;E4 57;CLARIN;2.99;284050;1670.88;CABALLITO;6
-58.4907;-34.5793;2003-12-09;BURELA;2200;256.2;134000;523.1;3.46;R2a II;CLARIN;2.99;400660;1564.08;VILLA URQUIZA;12
-58.4628;-34.6158;2003-12-10;FRANKLIN;2001;93;47900;515.1;3.46;R2a II;CLARIN;2.98;142742;1534.86;FLORES;7
-58.4919;-34.5786;2003-12-10;BLANCO ENCALADA;5551;377.6;189000;500.6;3.46;R2a II;CLARIN;2.98;563220;1491.67;VILLA URQUIZA;12
-58.4606;-34.6214;2003-12-10;BOYACA;500;441.7;200000;452.8;3.46;C3 II;EXPOCLASIFICADOS_75;2.97;594000;1344.93;FLORES;7
-58.4493;-34.6175;2003-12-10;ARANGUREN;1200;544;220000;404.4;3.46;R2a II;CLARIN;2.99;657800;1209.19;CABALLITO;6
-58.4596;-34.6333;2003-12-10;DIRECTORIO;2336;389.7;150000;384.9;3.46;C3 II;CLARIN;2.99;448500;1150.89;FLORES;7
-58.4767;-34.5727;2003-12-10;MENDOZA;4400;433;150000;346.4;3.46;R2b I;CLARIN;2.98;447000;1032.33;VILLA URQUIZA;12
-58.4893;-34.5693;2003-12-10;DIAZ COLODRERO;3000;812.7;250000;307.6;3.46;R2a II;BUSCAINMUEBLES_35;2.96;740000;910.5;VILLA URQUIZA;12
-58.4279;-34.6087;2003-12-10;PRINGLES;300;337.7;95000;281.3;3.46;C3 I;CLARIN;2.99;284050;841.03;ALMAGRO;5
-58.4827;-34.5994;2003-12-10;RIVAS;2400;588.9;159000;270;3.46;R2a II;CLARIN;2.98;473820;804.61;VILLA DEL PARQUE;11
-58.402;-34.6212;2003-12-10;CALVO CARLOS;2624;242.5;65000;268.1;3.46;R2a II;CLARIN;2.98;193700;798.83;SAN CRISTOBAL;3
-58.5087;-34.5888;2003-12-10;LOPEZ CARLOS;3329;441.7;105000;237.7;3.46;R2a II;CLARIN;2.99;313950;710.84;VILLA DEVOTO;11
-58.4168;-34.6175;2003-12-16;VENEZUELA;3600;450.3;97000;215.4;3.46;C3 I;EXPOCLASIFICADOS_74;2.97;288090;639.75;ALMAGRO;5
-58.4128;-34.6132;2003-12-19;ALSINA ADOLFO;3277;333;69000;207.2;3.46;R2a II;LA NACION;2.99;206310;619.55;BALVANERA;3
-58.4973;-34.5858;2003-12-23;VALLEJOS;2600;355.1;70000;197.1;3.46;R2b II;EXPOCLASIFICADOS_83;2.97;207900;585.53;VILLA PUEYRREDON;12
-58.4973;-34.5858;2003-12-23;VALLEJOS;2600;1740.8;310000;178.1;3.46;R2b II;EXPOCLASIFICADOS_83;2.97;920700;528.89;VILLA PUEYRREDON;12
-58.4975;-34.5858;2003-12-23;BOLIVIA;4500;2094.9;310000;148;3.46;R2b II;EXPOCLASIFICADOS_83;2.97;920700;439.49;VILLA PUEYRREDON;12
-58.4088;-34.6235;2003-12-10;URQUIZA;1100;295;78000;264.4;3.45;R2a II;BUSCAINMUEBLES_19;2.96;230880;782.64;SAN CRISTOBAL;3
-58.4428;-34.6135;2003-12-10;COLPAYO;600;432;130000;300.9;3.4;R2a II;EXPOCLASIFICADOS_74;2.97;386100;893.75;CABALLITO;6
-58.4689;-34.6137;2003-12-10;CARACAS;1479;329.1;79000;240.1;3.4;R2b III;CLARIN;2.99;236210;717.79;VILLA GRAL. MITRE;11
-58.4254;-34.6385;2003-12-23;ZANARTU;500;900;136000;151.1;3.25;E3;BUSCAINMUEBLES_29;2.96;402560;447.29;PARQUE CHACABUCO;7
-58.4728;-34.6291;2003-12-09;BACACAY;3052;190.5;100000;524.9;3;C3 II;CLARIN;2.97;297000;1558.89;FLORES;7
-58.4299;-34.6263;2003-12-10;BONIFACIO;200;501;190000;379.3;3;E3;CLARIN;2.98;566200;1130.25;CABALLITO;6
-58.4886;-34.6262;2003-12-10;GUALEGUAYCHU;900;120;40000;333.3;3;E3;CLARIN;2.99;119600;996.67;FLORESTA;10
-58.4803;-34.6196;2003-12-10;TRES ARROYOS;3200;233.8;59800;255.8;3;R2b II;CLARIN;2.97;177606;759.58;VILLA SANTA RITA;11
-58.488;-34.6252;2003-12-10;MERCEDES;1000;239;56000;234.3;3;E3;CLARIN;2.97;166320;695.9;FLORESTA;10
-58.3874;-34.6189;2003-12-11;ESTADOS UNIDOS;1500;1615;370000;229.1;3;R2a I;BUSCAINMUEBLES_37;2.96;1.0952e+006;678.14;CONSTITUCION;1
-58.4874;-34.6211;2003-12-23;GONZALEZ JOAQUIN;1300;346.4;65000;187.6;3;E3;EXPOCLASIFICADOS_75;2.97;193050;557.3;FLORESTA;10
-58.4092;-34.6187;2003-12-23;URQUIZA;700;433;78000;180.1;3;E3;EXPOCLASIFICADOS_74;2.97;231660;535.01;BALVANERA;3
-58.4917;-34.6514;2003-12-23;ARAUJO;1500;416;72500;174.3;3;C3 II;BUSCAINMUEBLES_18;2.96;214600;515.87;MATADEROS;9
-58.4492;-34.5807;2003-12-06;DELGADO;400;225.2;120000;533;2.5;U20;EXPOCLASIFICADOS_75;2.97;356400;1582.87;COLEGIALES;13
-58.4877;-34.6414;2003-12-10;ALBERDI;4400;222;65000;292.8;2.5;C3 II;BUSCAINMUEBLES_16;2.96;192400;866.67;PARQUE AVELLANEDA;9
-58.4836;-34.609;2003-12-10;NAZCA;2300;225.2;65000;288.7;2.5;C3 II;EXPOCLASIFICADOS_75;2.97;193050;857.39;VILLA SANTA RITA;11
-58.5016;-34.5872;2003-12-10;NAZCA;4600;268.5;75000;279.4;2.5;R2a II;EXPOCLASIFICADOS_75;2.97;222750;829.73;VILLA PUEYRREDON;12
-58.4003;-34.6166;2003-12-11;MEXICO;2416;259.8;60000;230.9;2.5;R2a II;CLARIN;2.99;179400;690.53;BALVANERA;3
-58.5079;-34.6245;2003-12-11;MIRANDA;5181;242.5;55000;226.8;2.5;R2a II;CLARIN;2.99;164450;678.2;MONTE CASTRO;10
-58.424;-34.6274;2003-12-23;ANGACO;4200;260;45000;173.1;2.5;R2a II;BUSCAINMUEBLES_09;2.96;133200;512.31;BOEDO;5
-58.4041;-34.6257;2003-12-23;COCHABAMBA;2800;294;50000;170.1;2.5;R2a II;BUSCAINMUEBLES_10;2.96;148000;503.4;SAN CRISTOBAL;3
-58.4066;-34.6272;2003-12-23;LA RIOJA;1400;528.3;72000;136.3;2.5;R2a II;CLARIN;2.99;215280;407.53;SAN CRISTOBAL;3
-58.5232;-34.6156;2003-12-10;LOPE DE VEGA;2900;780;200000;256.4;2;C3 II;BUSCAINMUEBLES_33;2.96;592000;758.97;VILLA REAL;10
-58.4585;-34.6341;2003-12-23;BILBAO;2300;404;60000;148.5;2;R2b I;BUSCAINMUEBLES_15;2.96;177600;439.6;FLORES;7
-58.4314;-34.6529;2003-12-26;MATANZA;2800;999;100000;100.1;2;I2;EXPOCLASIFICADOS_75;2.97;297000;297.3;NUEVA POMPEYA;4
-58.4787;-34.5601;2003-12-03;TAMBORINI;3800;150;120000;800;1.6;R2b I;LATINMUEBLE_05;2.96;355200;2368.14;COGHLAN;12
-58.4692;-34.5783;2003-12-06;HOLMBERG;1500;216;120000;555.6;1.6;R2b I;CLARIN;2.96;355200;1644.44;VILLA ORTUZAR;15
-58.4591;-34.6181;2003-12-10;TRELLES;700;1100;400000;363.6;1.6;R2a II;SEGUNDAMANO_15;2.97;1.188e+006;1080;FLORES;7
-58.4693;-34.621;2003-12-10;PAEZ;2600;140;45000;321.4;1.6;R2b II;CLARIN;2.97;133650;954.64;FLORES;7
-58.422;-34.6231;2003-12-10;ESTADOS UNIDOS;4000;173;48500;280.3;1.6;R2b I;BUSCAINMUEBLES_10;2.96;143560;829.83;BOEDO;5
-58.5256;-34.6499;2003-12-10;MONTIEL;988;164.5;45000;273.5;1.6;R2b I;CLARIN;2.99;134550;817.73;LINIERS;9
-58.4782;-34.5696;2003-12-10;DONADO;2500;375;95000;253.3;1.6;R2b I;EXPOCLASIFICADOS_75;2.97;282150;752.44;VILLA URQUIZA;12
-58.4761;-34.5586;2003-12-10;PEREZ ROQUE;3200;763.8;190000;248.8;1.6;R2b I;EXPOCLASIFICADOS_75;2.97;564300;738.79;COGHLAN;12
-58.5107;-34.6458;2003-12-12;PIERES;600;251.1;56000;223;1.6;E3;EXPOCLASIFICADOS_32;2.97;166320;662.26;LINIERS;9
-58.478;-34.5696;2003-12-22;MONROE;4300;381;76900;201.8;1.6;R2b I;EXPOCLASIFICADOS_52;2.97;228393;599.39;VILLA URQUIZA;12
-58.4205;-34.6178;2003-12-23;VENEZUELA;3900;870;169000;194.3;1.6;R2b I;BUSCAINMUEBLES_31;2.96;500240;574.99;ALMAGRO;5
-58.4759;-34.5534;2003-12-23;LARRALDE;3300;375;70000;186.7;1.6;R2b I;SEGUNDAMANO_15;2.97;207900;554.43;SAAVEDRA;12
-58.5187;-34.6452;2003-12-23;TONELERO;6428;409.2;53000;129.5;1.6;R2b I;EXPOCLASIFICADOS_10;2.97;157410;384.68;LINIERS;9
-58.4999;-34.6031;2003-12-23;CONCORDIA;3100;240;48000;200;1.3;R2b II;CLARIN;2.99;143520;598;VILLA DEL PARQUE;11
-58.5169;-34.6091;2003-12-10;ALLENDE;3500;589;210000;356.6;1.2;C3 II;CLARIN;2.98;625800;1062.7;VILLA DEVOTO;11
-58.4848;-34.6145;2003-12-10;CAMARONES;3223;259.8;79900;307.5;1.2;R2b II;LATINMUEBLE_05;2.96;236504;910.33;VILLA SANTA RITA;11
-58.4834;-34.6306;2003-12-10;CHIVILCOY;300;355.1;109000;307;1.2;R2a II;EXPOCLASIFICADOS_75;2.97;323730;911.76;FLORESTA;10
-58.4942;-34.6169;2003-12-10;BAHIA BLANCA;1865;433;110000;254;1.2;R2b II;LATINMUEBLE_05;2.96;325600;751.96;MONTE CASTRO;10
-58.4659;-34.5927;2003-12-23;PAZ SOLDAN;4800;337.7;44000;130.3;1.2;R2b III;CLARIN;2.97;130680;386.92;PATERNAL;15
-58.467;-34.5934;2003-12-23;PAZ SOLDAN;4900;415;46000;110.8;1.2;R2b III;BUSCAINMUEBLES_09;2.96;136160;328.1;PATERNAL;15
-58.386;-34.6428;2003-12-29;SUAREZ;2631;372.4;33000;88.6;1.2;E4 34;EXPOCLASIFICADOS_75;2.97;98010;263.2;BARRACAS;4
-58.4501;-34.55;2003-12-10;QUINTEROS;1400;209;105000;502.4;1;R1b I 4;EXPOCLASIFICADOS_74;2.97;311850;1492.11;BELGRANO;13
-58.4501;-34.581;2003-12-01;ALVAREZ THOMAS;500;256;280000;1093.8;0.8;U20;BUSCAINMUEBLES_36;2.96;828800;3237.5;CHACARITA;15
-58.5124;-34.5887;2003-12-01;LADINES;3500;173.2;490000;2829.1;;R2b II;CLARIN;2.97;1.4553e+006;8402.42;VILLA DEVOTO;11
-58.3991;-34.5844;2003-12-01;PAGANO;2600;160.5;390000;2429.5;;R2a I;BUSCAINMUEBLES_37;2.96;1.1544e+006;7191.18;RECOLETA;2
-58.4366;-34.631;2003-12-01;TEJEDOR;800;164.5;398000;2418.9;;R2b I;CLARIN;2.97;1.18206e+006;7184.03;PARQUE CHACABUCO;7
-58.402;-34.6064;2003-12-01;SARMIENTO;2500;772;1600000;2072.5;;E1;BUSCAINMUEBLES_40;2.96;4.736e+006;6134.72;BALVANERA;3
-58.3982;-34.5914;2003-12-01;AZCUENAGA;1500;675;1300000;1925.9;;R2a I;BUSCAINMUEBLES_40;2.96;3.848e+006;5700.74;RECOLETA;2
-58.4847;-34.6337;2003-12-01;GUALEGUAYCHU;100;62.5;120000;1920.3;;C3 II;BUSCAINMUEBLES_26;2.96;355200;5684.11;VELEZ SARSFIELD;10
-58.4031;-34.593;2003-12-01;ARENALES;2600;144;260000;1805.6;;R2a I;LA NACION;2.99;777400;5398.61;RECOLETA;2
-58.4479;-34.5641;2003-12-01;DEL PINO;200;287.6;450000;1564.7;;R1a;LA NACION;2.96;1.332e+006;4631.51;BELGRANO;13
-58.4493;-34.6304;2003-12-01;DIRECTORIO;1600;342;500000;1462;;C3 II;BUSCAINMUEBLES_39;2.96;1.48e+006;4327.49;PARQUE CHACABUCO;7
-58.4362;-34.6234;2003-12-01;ALBERDI;600;107;150000;1401.9;;R2a II;BUSCAINMUEBLES_30;2.96;444000;4149.53;CABALLITO;6
-58.4062;-34.5777;2003-12-01;SALGUERO;3000;410;570000;1390.2;;R2a I;BUSCAINMUEBLES_39;2.96;1.6872e+006;4115.12;PALERMO;14
-58.378;-34.6071;2003-12-01;ESMERALDA;100;1540;2000000;1298.7;;C1;BUSCAINMUEBLES_40;2.96;5.92e+006;3844.16;SAN NICOLAS;1
-58.4849;-34.578;2003-12-01;MENDOZA;5220;185.4;230000;1240.6;;R2a II;CLARIN;2.96;680800;3672.06;VILLA URQUIZA;12
-58.4002;-34.6133;2003-12-01;MORENO;2400;329;395000;1200.6;;R2a II;BUSCAINMUEBLES_38;2.96;1.1692e+006;3553.8;BALVANERA;3
-58.5264;-34.6393;2003-12-01;RIVADAVIA;11500;360;430000;1194.4;;C3 I;BUSCAINMUEBLES_38;2.96;1.2728e+006;3535.56;LINIERS;9
-58.4773;-34.6266;2003-12-01;CAMPANA;500;381;420000;1102.2;;C3 II;CLARIN;2.98;1.2516e+006;3284.69;FLORESTA;10
-58.4758;-34.6298;2003-12-01;CAMPANA;200;148.9;160000;1074.7;;C3 II;CLARIN;2.99;478400;3213.24;FLORESTA;10
-58.4337;-34.5717;2003-12-02;ORTEGA Y GASSET;1970;300.9;320000;1063.4;;R2a I;CLARIN;2.97;950400;3158.16;PALERMO;14
-58.3921;-34.6069;2003-12-02;PERON JUAN;1800;744;750000;1008.1;;C2;LA NACION;2.99;2.2425e+006;3014.11;SAN NICOLAS;1
-58.4102;-34.5971;2003-12-02;CABRERA;3100;225;220000;977.8;;R2a I;BUSCAINMUEBLES_34;2.96;651200;2894.22;RECOLETA;2
-58.4575;-34.5675;2003-12-02;ELCANO;2700;277.1;270000;974.3;;R2a II;CLARIN;2.97;801900;2893.69;BELGRANO;13
-58.3969;-34.6046;2003-12-02;JUNIN;398;144;139000;965.3;;C3 I;CLARIN;2.97;412830;2866.88;BALVANERA;3
-58.4132;-34.6043;2003-12-02;CORRIENTES;3400;1234.9;1100000;890.8;;C3 I;BUSCAINMUEBLES_40;2.96;3.256e+006;2636.69;BALVANERA;3
-58.4304;-34.5928;2003-12-02;MALABIA;1300;170;150000;882.4;;R2b I;BUSCAINMUEBLES_29;2.96;444000;2611.76;PALERMO;14
-58.4617;-34.5595;2003-12-02;MONROE;2600;268;230000;858.2;;C2;BUSCAINMUEBLES_34;2.96;680800;2540.3;BELGRANO;13
-58.4373;-34.585;2003-12-02;GORRITI;5600;121.2;104000;857.8;;U20;EXPOCLASIFICADOS_75;2.97;308880;2547.67;PALERMO;14
-58.4323;-34.5765;2003-12-02;SANTA FE;5056;376;320000;851.1;;C3 I;CLARIN;2.99;956800;2544.68;PALERMO;14
-58.4057;-34.6057;2003-12-02;GOMEZ VALENTIN;2800;110;91000;827.3;;C3 I;BUSCAINMUEBLES_23;2.96;269360;2448.73;BALVANERA;3
-58.4188;-34.6096;2003-12-02;BULNES;100;120.8;98500;815.1;;C3 I;BUSCAINMUEBLES_24;2.96;291560;2412.78;ALMAGRO;5
-58.481;-34.6289;2003-12-03;GONZALEZ JOAQUIN;400;99;80000;808.1;;R2a II;CLARIN;2.98;238400;2408.08;FLORESTA;10
-58.4602;-34.5599;2003-12-03;CIUDAD DE LA PAZ;2400;446.8;360000;805.8;;C2;CLARIN;2.96;1.0656e+006;2385.12;BELGRANO;13
-58.4608;-34.5629;2003-12-03;MENDOZA;2747;315;250000;793.7;;R2a II;POR TEL;2.98;745000;2365.08;BELGRANO;13
-58.4791;-34.5423;2003-12-03;CONESA;4800;102;80000;784.3;;R1a;BUSCAINMUEBLES_21;2.96;236800;2321.57;SAAVEDRA;12
-58.4871;-34.6365;2003-12-03;OLIVERA;100;97;75000;773.2;;C3 II;BUSCAINMUEBLES_18;2.96;222000;2288.66;VELEZ SARSFIELD;10
-58.4451;-34.5596;2003-12-03;LA PAMPA;1500;300;225000;750;;R2a II;CLARIN;2.99;672750;2242.5;BELGRANO;13
-58.3915;-34.6182;2003-12-03;ENTRE RIOS;800;220;165000;750;;C3 I;CLARIN;2.99;493350;2242.5;CONSTITUCION;1
-58.4282;-34.5931;2003-12-03;CABRERA;4600;201.3;150000;745.3;;C3 II;CLARIN;2.98;447000;2221.12;PALERMO;14
-58.4889;-34.5715;2003-12-03;NAHUEL HUAPI;5100;200;145000;725;;C3 I;BUSCAINMUEBLES_29;2.96;429200;2146;VILLA URQUIZA;12
-58.3718;-34.6125;2003-12-03;DEFENSA;400;475;340000;715.8;;APH 1;CLARIN;2.97;1.0098e+006;2125.89;MONSERRAT;1
-58.474;-34.5397;2003-12-03;VEDIA;2334;363.7;255000;701.1;;R1a;LA NACION;2.99;762450;2096.26;NUÑEZ;13
-58.4665;-34.5389;2003-12-03;11 DE SEPTIEMBRE DE 1888;4500;242.5;169000;697;;R2b I;LA NACION;2.99;505310;2083.92;NUÑEZ;13
-58.5181;-34.6032;2003-12-03;DEL CARRIL;4500;727;500000;687.8;;R1b I;BUSCAINMUEBLES_39;2.96;1.48e+006;2035.76;VILLA DEVOTO;11
-58.4323;-34.5889;2003-12-03;GORRITI;5100;294;199000;676.9;;R2b I;BUSCAINMUEBLES_33;2.96;589040;2003.54;PALERMO;14
-58.4515;-34.6284;2003-12-03;THORNE;300;355.1;239000;673.1;;R2a II;CLARIN;2.97;709830;1999.18;CABALLITO;6
-58.458;-34.5709;2003-12-04;ELCANO;3000;195;130000;666.7;;R2b I;CLARIN;2.98;387400;1986.67;COLEGIALES;13
-58.3954;-34.5877;2003-12-04;AZCUENAGA;1900;600;400000;666.7;;U29;BUSCAINMUEBLES_38;2.96;1.184e+006;1973.33;RECOLETA;2
-58.4973;-34.6015;2003-12-04;CAMPANA;3200;325;215000;661.5;;UF;BUSCAINMUEBLES_33;2.96;636400;1958.15;VILLA DEL PARQUE;11
-58.4906;-34.6024;2003-12-04;NOGOYA;3000;500;330000;660;;C3 II;BUSCAINMUEBLES_37;2.96;976800;1953.6;VILLA DEL PARQUE;11
-58.4561;-34.5562;2003-12-04;MONROE;2000;475.2;305000;641.8;;R2a II;CLARIN;2.98;908900;1912.67;BELGRANO;13
-58.4452;-34.594;2003-12-04;DARWIN;600;180;115000;638.9;;C3 I;BUSCAINMUEBLES_26;2.96;340400;1891.11;VILLA CRESPO;15
-58.4947;-34.6047;2003-12-04;NOGOYA;3300;173.2;110000;635.1;;C3 II;EXPOCLASIFICADOS_75;2.97;326700;1886.26;VILLA DEL PARQUE;11
-58.4243;-34.6028;2003-12-04;GASCON;700;256;160000;625;;C3 I;CLARIN;2.98;476800;1862.5;ALMAGRO;5
-58.3954;-34.6034;2003-12-04;LAVALLE;2000;544;340000;625;;C3 I;LA NACION;2.99;1.0166e+006;1868.75;BALVANERA;3
-58.4427;-34.6301;2003-12-04;LAFERRERE;1100;345;215000;623.2;;R2a II;BUSCAINMUEBLES_33;2.96;636400;1844.64;PARQUE CHACABUCO;7
-58.4324;-34.5956;2003-12-04;SCALABRINI ORTIZ;900;210;130000;619;;E1;BUSCAINMUEBLES_28;2.96;384800;1832.38;VILLA CRESPO;15
-58.4744;-34.559;2003-12-04;BALBIN RICARDO;3100;280;170000;607.1;;R2b I;BUSCAINMUEBLES_32;2.96;503200;1797.14;COGHLAN;12
-58.4844;-34.6079;2003-12-04;CARRANZA ADOLFO;2908;146;88000;601.9;;C3 II;CLARIN;2.97;261360;1787.69;VILLA DEL PARQUE;11
-58.4872;-34.5894;2003-12-04;GAVILAN;3400;268.5;160000;596;;R2b II;LATINMUEBLE_03;2.96;473600;1764.14;AGRONOMIA;15
-58.4819;-34.5759;2003-12-05;PACHECO;2100;624;370000;592.9;;R2b I;BUSCAINMUEBLES_37;2.96;1.0952e+006;1755.13;VILLA URQUIZA;12
-58.4985;-34.5902;2003-12-05;FAMAILLA;2893;114.3;67000;586.2;;R2b II;CLARIN;2.98;199660;1746.96;VILLA PUEYRREDON;12
-58.4195;-34.602;2003-12-05;SALGUERO;700;256;150000;585.9;;R2a II;CLARIN;2.97;445500;1740.23;ALMAGRO;5
-58.4232;-34.625;2003-12-05;CALVO CARLOS;4100;207;120000;579.7;;R2b I;BUSCAINMUEBLES_27;2.96;355200;1715.94;BOEDO;5
-58.4895;-34.5806;2003-12-05;MENDOZA;5700;285.8;165000;577.4;;R2b II;EXPOCLASIFICADOS_83;2.97;490050;1714.78;VILLA URQUIZA;12
-58.4509;-34.5888;2003-12-05;FOREST;1000;125;72000;576;;UP;EXPOCLASIFICADOS_75;2.97;213840;1710.72;CHACARITA;15
-58.5109;-34.6009;2003-12-06;ASUNCION;4000;228.5;130000;569;;R1b I;EXPOCLASIFICADOS_75;2.97;386100;1689.86;VILLA DEVOTO;11
-58.4434;-34.6161;2003-12-06;NEUQUEN;800;145;79500;548.3;;R2a II;BUSCAINMUEBLES_20;2.96;235320;1622.9;CABALLITO;6
-58.5175;-34.606;2003-12-06;MORAN;4600;155.2;85000;547.7;;R1b I;BUSCAINMUEBLES_22;2.96;251600;1621.13;VILLA DEVOTO;11
-58.4815;-34.5776;2003-12-06;TRIUNVIRATO;4300;450.3;240000;533;;C3 II;CLARIN;2.99;717600;1593.53;VILLA URQUIZA;12
-58.4301;-34.6256;2003-12-06;GOYENA;200;606.2;320000;527.9;;E3;CLARIN;2.98;953600;1573.08;CABALLITO;6
-58.5271;-34.6173;2003-12-09;LISTA;5600;153;80000;522.9;;R2b II;BUSCAINMUEBLES_20;2.96;236800;1547.71;VILLA REAL;10
-58.4302;-34.5942;2003-12-10;SCALABRINI ORTIZ;1100;385;200000;519.5;;C3 II;CLARIN;2.98;596000;1548.05;PALERMO;14
-58.4363;-34.6006;2003-12-10;ALVAREZ JULIAN;400;233.8;120000;513.2;;C3 I;CLARIN;2.97;356400;1524.25;VILLA CRESPO;15
-58.4873;-34.5981;2003-12-10;NAZARRE;2600;254;130000;511.8;;R2a II;BUSCAINMUEBLES_28;2.96;384800;1514.96;VILLA DEL PARQUE;11
-58.4302;-34.5982;2003-12-10;JUFRE;100;540;269000;498.1;;R2a II;CLARIN;2.98;801620;1484.48;VILLA CRESPO;15
-58.4641;-34.6046;2003-12-10;CAMARONES;1600;300;149000;496.7;;E3;LATINMUEBLE_01;2.96;441040;1470.13;VILLA GRAL. MITRE;11
-58.3956;-34.6033;2003-12-10;AYACUCHO;500;565;280000;495.6;;C3 I;BUSCAINMUEBLES_35;2.96;828800;1466.9;BALVANERA;3
-58.5104;-34.6051;2003-12-10;BEIRO;4200;363.7;179000;492.1;;C3 II;EXPOCLASIFICADOS_75;2.97;531630;1461.65;VILLA DEVOTO;11
-58.4156;-34.6026;2003-12-10;BILLINGURST;600;225;110000;488.9;;R2a II;CLARIN;2.97;326700;1452;ALMAGRO;5
-58.5161;-34.61;2003-12-10;ALLENDE;3400;232.4;112000;481.9;;E3;CLARIN;2.96;331520;1426.51;VILLA DEVOTO;11
-58.4134;-34.6127;2003-12-10;IRIGOYEN;3300;525;250000;476.2;;R2b I;EXPOCLASIFICADOS_74;2.97;742500;1414.29;BALVANERA;3
-58.4395;-34.5817;2003-12-10;RAVIGNANI;1700;337.7;160000;473.7;;U20;CLARIN;2.99;478400;1416.47;PALERMO;14
-58.4268;-34.6002;2003-12-10;GUARDIA VIEJA;4400;212.2;100000;471.3;;R2a II;CLARIN;2.99;299000;1409.25;ALMAGRO;5
-58.4701;-34.562;2003-12-10;RIVERA PEDRO;3300;415;195000;469.9;;R2a II;BUSCAINMUEBLES_32;2.96;577200;1390.84;COGHLAN;12
-58.42;-34.6105;2003-12-10;SALGUERO;50;320;150000;468.8;;C3 I;LA NACION;2.99;448500;1401.56;ALMAGRO;5
-58.4614;-34.6157;2003-12-10;ROOSEVELT;1900;340;159000;467.6;;R2a II;BUSCAINMUEBLES_30;2.96;470640;1384.24;FLORES;7
-58.4188;-34.6093;2003-12-10;BULNES;130;212.4;98500;463.7;;C3 I;CLARIN;2.98;293530;1381.87;ALMAGRO;5
-58.4872;-34.6132;2003-12-10;GARCIA JUAN;3300;129.9;60000;461.9;;R2b II;LATINMUEBLE_04;2.96;177600;1367.21;VILLA SANTA RITA;11
-58.4509;-34.5888;2003-12-10;FOREST;1000;170;78000;458.8;;UP;BUSCAINMUEBLES_19;2.96;230880;1358.12;CHACARITA;15
-58.4843;-34.5709;2003-12-10;ALVAREZ THOMAS;3300;157;72000;458.6;;R2a II;CLARIN;2.97;213840;1362.04;VILLA URQUIZA;12
-58.4474;-34.5594;2003-12-10;MONTAÑESES;1900;350;160000;457.1;;R2b I 3;BUSCAINMUEBLES_31;2.96;473600;1353.14;BELGRANO;13
-58.5085;-34.5991;2003-12-10;ASUNCION;3771;346.4;158000;456.1;;R1b I;CLARIN;2.98;470840;1359.24;VILLA DEVOTO;11
-58.5156;-34.6413;2003-12-10;PIERES;144;164.5;75000;455.8;;R2a II;LATINMUEBLE_02;2.96;222000;1349.22;LINIERS;9
-58.5175;-34.5972;2003-12-10;MISTRAL;4200;242.5;110000;453.6;;R2b II;EXPOCLASIFICADOS_83;2.97;326700;1347.33;VILLA DEVOTO;11
-58.4915;-34.604;2003-12-10;HELGUERA;2700;332;150000;451.8;;R1b I;BUSCAINMUEBLES_30;2.96;444000;1337.35;VILLA DEL PARQUE;11
-58.4939;-34.6086;2003-12-10;SANTO TOME;3501;151;68000;450.3;;R2b II;EXPOCLASIFICADOS_10;2.97;201960;1337.48;VILLA DEL PARQUE;11
-58.38;-34.6185;2003-12-10;IRIGOYEN BERNARDO DE;900;1067;480000;449.9;;C1;LA NACION;2.99;1.4352e+006;1345.08;CONSTITUCION;1
-58.4455;-34.6184;2003-12-10;GARCIA LORCA;300;233.8;105000;449.1;;R2a II;CLARIN;2.98;312900;1338.21;CABALLITO;6
-58.5175;-34.5972;2003-12-10;MISTRAL;4200;245;110000;449;;R2b II;BUSCAINMUEBLES_25;2.96;325600;1328.98;VILLA DEVOTO;11
-58.4718;-34.5527;2003-12-10;NUÑEZ;2900;325;145000;446.2;;R2b I;BUSCAINMUEBLES_29;2.96;429200;1320.62;NUÑEZ;13
-58.4849;-34.6787;2003-12-10;COSQUIN;4100;50;22000;440;;E3;BUSCAINMUEBLES_02;2.96;65120;1302.4;VILLA LUGANO;8
-58.4925;-34.5791;2003-12-10;CERETTI;2300;182;80000;439.6;;E3;BUSCAINMUEBLES_20;2.96;236800;1301.1;VILLA URQUIZA;12
-58.453;-34.5727;2003-12-10;ZABALA;2935;346.4;150000;433;;R2b I;CLARIN;2.98;447000;1290.42;COLEGIALES;13
-58.4145;-34.63;2003-12-10;PAVON;3500;278;120000;431.7;;R2b I;BUSCAINMUEBLES_27;2.96;355200;1277.7;BOEDO;5
-58.485;-34.5991;2003-12-10;NOGOYA;2500;175;75000;428.6;;R2a II;BUSCAINMUEBLES_19;2.96;222000;1268.57;VILLA DEL PARQUE;11
-58.3772;-34.6222;2003-12-10;SAN JUAN;800;831;350000;421.2;;C3 I;BUSCAINMUEBLES_37;2.96;1.036e+006;1246.69;SAN TELMO;1
-58.3697;-34.6254;2003-12-10;BRASIL;300;285;120000;421.1;;APH 1;BUSCAINMUEBLES_27;2.96;355200;1246.32;SAN TELMO;1
-58.5027;-34.6554;2003-12-10;MURGUIONDO;1800;114.4;48000;419.6;;E2;BUSCAINMUEBLES_10;2.96;142080;1241.96;MATADEROS;9
-58.4474;-34.6316;2003-12-10;ACHAVAL;600;358.1;150000;418.9;;R2b I;EXPOCLASIFICADOS_31;2.97;445500;1244.24;PARQUE CHACABUCO;7
-58.4805;-34.6274;2003-12-10;SAN NICOLAS;500;207.8;87000;418.6;;R2a II;CLARIN;2.97;258390;1243.22;FLORESTA;10
-58.419;-34.6128;2003-12-10;COLOMBRES;100;300;125000;416.7;;C3 I;BUSCAINMUEBLES_27;2.96;370000;1233.33;ALMAGRO;5
-58.4618;-34.5764;2003-12-10;FOREST;1347;565;235000;415.9;;R2b I;CLARIN;2.96;695600;1231.15;COLEGIALES;13
-58.5153;-34.5945;2003-12-10;MOSCONI;3900;374;155000;414.4;;R2b II;EXPOCLASIFICADOS_75;2.97;460350;1230.88;VILLA DEVOTO;11
-58.5095;-34.5896;2003-12-10;LOPEZ CARLOS;3400;99;41000;414.1;;E3;EXPOCLASIFICADOS_75;2.97;121770;1230;VILLA DEVOTO;11
-58.42;-34.5966;2003-12-10;CABRERA;3800;363.7;150000;412.4;;E3;CLARIN;2.99;448500;1233.09;PALERMO;14
-58.4289;-34.6108;2003-12-10;MITRE BARTOLOME;4400;1164;480000;412.4;;R2a II;BUSCAINMUEBLES_39;2.96;1.4208e+006;1220.62;ALMAGRO;5
-58.4769;-34.5417;2003-12-10;PICO;2700;202.5;83000;409.9;;R1a;LATINMUEBLE_01;2.96;245680;1213.23;SAAVEDRA;12
-58.4547;-34.6121;2003-12-10;GAONA;1900;476.3;195000;409.4;;C3 I;CLARIN;2.98;581100;1220.03;CABALLITO;6
-58.482;-34.6015;2003-12-10;EMPEDRADO;2500;150;60000;400;;R2b II;BUSCAINMUEBLES_15;2.96;177600;1184;VILLA DEL PARQUE;11
-58.4971;-34.6049;2003-12-10;MELINCUE;3500;180;72000;400;;R1b I;EXPOCLASIFICADOS_75;2.97;213840;1188;VILLA DEL PARQUE;11
-58.4836;-34.6296;2003-12-10;AVELLANEDA;3900;314.9;125000;397;;R2a II;BUSCAINMUEBLES_27;2.96;370000;1175.05;FLORESTA;10
-58.4946;-34.614;2003-12-10;ALVAREZ JONTE;3800;2774;1100000;396.5;;C3 II;BUSCAINMUEBLES_40;2.96;3.256e+006;1173.76;VILLA DEL PARQUE;11
-58.4318;-34.6116;2003-12-10;ACEVEDO EDUARDO;400;556;220000;395.7;;R2a II;BUSCAINMUEBLES_34;2.96;651200;1171.22;CABALLITO;6
-58.4385;-34.5967;2003-12-10;RAMIREZ DE VELASCO;700;329;130000;395.1;;R2a I;BUSCAINMUEBLES_28;2.96;384800;1169.6;VILLA CRESPO;15
-58.5027;-34.5903;2003-12-10;CUBAS;3100;131.9;52000;394.3;;R2b II;SEGUNDAMANO_15;2.97;154440;1170.96;VILLA PUEYRREDON;12
-58.4189;-34.5979;2003-12-10;CORDOBA;3700;457;180000;393.9;;C3 II;BUSCAINMUEBLES_32;2.96;532800;1165.86;ALMAGRO;5
-58.4706;-34.6286;2003-12-10;BACACAY;2900;510;200000;392.2;;C3 II;BUSCAINMUEBLES_33;2.96;592000;1160.78;FLORES;7
-58.4635;-34.5661;2003-12-10;ZAPIOLA;2100;242.5;95000;391.8;;R2b I;LATINMUEBLE_03;2.96;281200;1159.68;BELGRANO;13
-58.4085;-34.6031;2003-12-10;LAVALLE;3000;179;70000;391.1;;C3 I;BUSCAINMUEBLES_17;2.96;207200;1157.54;BALVANERA;3
-58.4493;-34.6175;2003-12-10;ARANGUREN;1200;563;220000;390.8;;R2a II;BUSCAINMUEBLES_34;2.96;651200;1156.66;CABALLITO;6
-58.4328;-34.5972;2003-12-10;CASTILLO;300;232;90000;387.9;;E1;BUSCAINMUEBLES_22;2.96;266400;1148.28;VILLA CRESPO;15
-58.3702;-34.616;2003-12-10;CHILE;300;241.8;93000;384.6;;APH 1;LA NACION;2.99;278070;1150;SAN TELMO;1
-58.5016;-34.6229;2003-12-10;GARCIA JUAN;4795;182;70000;384.6;;E3;EXPOCLASIFICADOS_10;2.97;207900;1142.31;MONTE CASTRO;10
-58.4197;-34.6286;2003-12-10;CONSTITUCION;3900;138;53000;384.1;;R2a II;EXPOCLASIFICADOS_74;2.97;157410;1140.65;BOEDO;5
-58.4064;-34.6293;2003-12-10;LA RIOJA;1600;151.6;58000;382.7;;R2b I;CLARIN;2.98;172840;1140.48;PARQUE PATRICIOS;4
-58.4757;-34.6349;2003-12-10;RAFAELA;2500;210;80000;381;;R2a II;BUSCAINMUEBLES_20;2.96;236800;1127.62;FLORESTA;10
-58.4661;-34.6027;2003-12-10;SAN MARTIN AV;2900;2110;800000;379.1;;C2;BUSCAINMUEBLES_39;2.96;2.368e+006;1122.27;VILLA GRAL. MITRE;11
-58.4363;-34.5951;2003-12-10;ACEVEDO EDUARDO;800;238.2;90000;377.9;;R2b I;CLARIN;2.99;269100;1129.96;VILLA CRESPO;15
-58.487;-34.6305;2003-12-10;SEGUROLA;400;285.8;108000;377.9;;C3 II;EXPOCLASIFICADOS_75;2.97;320760;1122.4;VELEZ SARSFIELD;10
-58.4533;-34.6267;2003-12-10;CURAPALIGUE;100;530;200000;377.4;;R2a II;CLARIN;2.99;598000;1128.3;CABALLITO;6
-58.4308;-34.6071;2003-12-10;RIO DEJANEIRO;700;494;185000;374.5;;R2a II;BUSCAINMUEBLES_32;2.96;547600;1108.5;CABALLITO;6
-58.4904;-34.5699;2003-12-10;CAPDEVILA;3000;372;139000;373.7;;C3 I;BUSCAINMUEBLES_29;2.96;411440;1106.02;VILLA URQUIZA;12
-58.4148;-34.6051;2003-12-10;GOMEZ VALENTIN;3500;335;125000;373.1;;R2a II;BUSCAINMUEBLES_27;2.96;370000;1104.48;ALMAGRO;5
-58.517;-34.5942;2003-12-10;LOPEZ CARLOS;4014;121;45000;371.9;;R2b II;CLARIN;2.99;134550;1111.98;VILLA DEVOTO;11
-58.4326;-34.6341;2003-12-10;ASAMBLEA;500;350;130000;371.4;;C3 II;BUSCAINMUEBLES_28;2.96;384800;1099.43;PARQUE CHACABUCO;7
-58.5063;-34.5863;2003-12-10;GRIVEO;3100;130;48000;369.2;;R2a II;BUSCAINMUEBLES_10;2.96;142080;1092.92;VILLA PUEYRREDON;12
-58.4176;-34.6086;2003-12-10;BRAVO MARIO;200;930;340000;365.6;;C3 I;BUSCAINMUEBLES_37;2.96;1.0064e+006;1082.15;ALMAGRO;5
-58.4584;-34.6192;2003-12-10;TRELLES;600;1100;398000;361.8;;R2b I;BUSCAINMUEBLES_38;2.96;1.17808e+006;1070.98;FLORES;7
-58.4756;-34.6597;2003-12-10;ZUVIRIA;4463;207.8;75000;360.9;;R2b II;EXPOCLASIFICADOS_75;2.97;222750;1071.74;PARQUE AVELLANEDA;9
-58.4065;-34.6179;2003-12-10;MEXICO;2900;700;251700;359.6;;R2a II;BUSCAINMUEBLES_35;2.96;745032;1064.33;BALVANERA;3
-58.4193;-34.6212;2003-12-10;CASTRO BARROS;800;131.2;47000;358.2;;C3 I;EXPOCLASIFICADOS_74;2.97;139590;1063.95;ALMAGRO;5
-58.3964;-34.6084;2003-12-10;MITRE BARTOLOME;2100;405;145000;358;;C3 I;CLARIN;2.99;433550;1070.49;BALVANERA;3
-58.4735;-34.5521;2003-12-10;LARRALDE;3000;206.4;73500;356.1;;R2b I;CLARIN;2.96;217560;1054.07;NUÑEZ;13
-58.4856;-34.5461;2003-12-10;PEREZ ROQUE;4700;104;37000;355.6;;R1b I;BUSCAINMUEBLES_06;2.96;109520;1052.67;SAAVEDRA;12
-58.4893;-34.5693;2003-12-10;DIAZ COLODRERO;3000;309.6;110000;355.3;;R2a II;CLARIN;2.98;327800;1058.79;VILLA URQUIZA;12
-58.5285;-34.6341;2003-12-10;CUZCO;500;70;24800;354.3;;RUA;BUSCAINMUEBLES_02;2.96;73408;1048.69;VERSALLES;10
-58.4734;-34.6102;2003-12-10;MAGARIÑOS CERVANTES;2400;142;50000;352.1;;R2b III;BUSCAINMUEBLES_11;2.96;148000;1042.25;VILLA GRAL. MITRE;11
-58.4481;-34.5844;2003-12-10;CHARLONE;200;398.4;140000;351.4;;R2b I;LATINMUEBLE_04;2.96;414400;1040.27;CHACARITA;15
-58.4404;-34.6161;2003-12-10;NEUQUEN;700;314;110000;350.3;;UP;BUSCAINMUEBLES_26;2.96;325600;1036.94;CABALLITO;6
-58.4174;-34.6273;2003-12-10;COCHABAMBA;3700;121;42000;347.1;;RUA;BUSCAINMUEBLES_08;2.96;124320;1027.44;BOEDO;5
-58.5056;-34.6227;2003-12-10;BERMUDEZ;1700;155.9;54000;346.4;;E3;CLARIN;2.99;161460;1035.8;MONTE CASTRO;10
-58.4258;-34.6036;2003-12-10;NUÑEZ ROBERTO;4300;173.2;60000;346.4;;E3;BUSCAINMUEBLES_15;2.96;177600;1025.4;ALMAGRO;5
-58.5263;-34.6166;2003-12-10;LISTA;5500;191;66000;345.5;;R2b II;BUSCAINMUEBLES_16;2.96;195360;1022.83;VILLA REAL;10
-58.5274;-34.6174;2003-12-10;HUGO, VICTOR;2700;233;80000;343.3;;R2b II;BUSCAINMUEBLES_21;2.96;236800;1016.31;VILLA REAL;10
-58.4274;-34.6308;2003-12-10;ESTRADA;100;277;95000;343;;R2b I;BUSCAINMUEBLES_23;2.96;281200;1015.16;PARQUE CHACABUCO;7
-58.4465;-34.6124;2003-12-10;ARENGREEN;1000;321;110000;342.7;;R2b I;BUSCAINMUEBLES_25;2.96;325600;1014.33;CABALLITO;6
-58.4776;-34.5732;2003-12-10;MENDOZA;4500;438;150000;342.5;;R2b I;BUSCAINMUEBLES_30;2.96;444000;1013.7;VILLA URQUIZA;12
-58.5026;-34.612;2003-12-10;MERCEDES;2500;400;135000;337.5;;E3;BUSCAINMUEBLES_29;2.96;399600;999;MONTE CASTRO;10
-58.3705;-34.6374;2003-12-10;RUY DIAZ DE GUZMAN;700;207.8;70000;336.8;;R2b I;REVISTA BAC;2.99;209300;1007.02;BARRACAS;4
-58.4971;-34.6015;2003-12-10;TINOGASTA;3300;233.8;78000;333.6;;UF;EXPOCLASIFICADOS_43;2.97;231660;990.76;VILLA DEL PARQUE;11
-58.4846;-34.6248;2003-12-10;JUSTO;6600;102;34000;333.3;;E3;BUSCAINMUEBLES_05;2.96;100640;986.67;FLORESTA;10
-58.4644;-34.5432;2003-12-10;VILELA;1800;361.2;120000;332.2;;R2b I;CLARIN;2.98;357600;990.03;NUÑEZ;13
-58.442;-34.5947;2003-12-10;VERA;1000;286;95000;332.2;;R2a I;BUSCAINMUEBLES_23;2.96;281200;983.22;VILLA CRESPO;15
-58.5007;-34.5919;2003-12-10;HIDALGO BARTOLOME;3078;129.9;43000;331;;R2b II;CLARIN;2.97;127710;983.14;VILLA PUEYRREDON;12
-58.4981;-34.644;2003-12-10;CASTRO EMILIO;5200;100;33000;330;;R2b I;BUSCAINMUEBLES_05;2.96;97680;976.8;MATADEROS;9
-58.4174;-34.6069;2003-12-10;BRAVO MARIO;300;363.7;120000;329.9;;R2a II;CLARIN;2.98;357600;983.17;ALMAGRO;5
-58.4307;-34.6367;2003-12-10;BEAUCHEF;1700;152;50000;328.9;;R2b II;CLARIN;2.98;149000;980.26;PARQUE CHACABUCO;7
-58.5093;-34.5855;2003-12-10;CUENCA;5100;128;42000;328.1;;R2b II;BUSCAINMUEBLES_08;2.96;124320;971.25;VILLA PUEYRREDON;12
-58.4341;-34.5876;2003-12-10;GORRITI;5300;550;180000;327.3;;R2b I;BUSCAINMUEBLES_32;2.96;532800;968.73;PALERMO;14
-58.4873;-34.5671;2003-12-10;QUESADA;4900;207.8;68000;327.2;;R2a II;CLARIN;2.97;201960;971.71;VILLA URQUIZA;12
-58.4846;-34.6248;2003-12-10;JUSTO;6600;101.5;33000;325.1;;E3;EXPOCLASIFICADOS_75;2.97;98010;965.43;FLORESTA;10
-58.4846;-34.6035;2003-12-10;SANTO TOME;2700;160;52000;325;;R2b II;BUSCAINMUEBLES_12;2.96;153920;962;VILLA DEL PARQUE;11
-58.4608;-34.6144;2003-12-10;TRELLES;1100;339;110000;324.5;;C3 I;BUSCAINMUEBLES_25;2.96;325600;960.47;FLORES;7
-58.4795;-34.5623;2003-12-10;TRONADOR;3157;165.3;53000;320.6;;R2b I;EXPOCLASIFICADOS_75;2.97;157410;952.16;COGHLAN;12
-58.4776;-34.6165;2003-12-10;NAZCA;1500;530.8;170000;320.3;;C3 II;LATINMUEBLE_02;2.96;503200;948.05;VILLA SANTA RITA;11
-58.4743;-34.6354;2003-12-10;ALBERDI;3400;424;135000;318.4;;C3 II;BUSCAINMUEBLES_28;2.96;399600;942.45;FLORESTA;10
-58.4916;-34.6335;2003-12-10;OLIVIERI;251;219.9;70000;318.3;;R2b II;EXPOCLASIFICADOS_10;2.97;207900;945.24;VELEZ SARSFIELD;10
-58.4842;-34.6298;2003-12-10;AVELLANEDA;3948;503.8;160000;317.6;;R2a II;EXPOCLASIFICADOS_75;2.97;475200;943.19;FLORESTA;10
-58.4223;-34.6336;2003-12-10;MARMOL;1616;173.2;55000;317.6;;R2b III;CLARIN;2.97;163350;943.13;BOEDO;5
-58.4704;-34.6326;2003-12-10;QUIRNO;100;316;100000;316.5;;C2;BUSCAINMUEBLES_24;2.96;296000;936.71;FLORES;7
-58.4691;-34.6253;2003-12-10;CONDARCO;520;269.1;85000;315.9;;R2a II;CLARIN;2.97;252450;938.2;FLORES;7
-58.4277;-34.6074;2003-12-10;POTOSI;4300;700;220000;314.3;;E3;BUSCAINMUEBLES_34;2.96;651200;930.29;ALMAGRO;5
-58.3745;-34.6388;2003-12-10;SUAREZ;1700;2250;700000;311.1;;C2;BUSCAINMUEBLES_39;2.96;2.072e+006;920.89;BARRACAS;4
-58.4312;-34.5987;2003-12-10;LAVALLEJA;800;225;70000;311.1;;R2a II;BUSCAINMUEBLES_17;2.96;207200;920.89;VILLA CRESPO;15
-58.4829;-34.546;2003-12-10;ARIAS;3400;146.2;44900;307.1;;R1b I;CLARIN;2.98;133802;915.2;SAAVEDRA;12
-58.4626;-34.6391;2003-12-10;LAFERRERE;2900;225;69000;306.7;;R2b II;BUSCAINMUEBLES_16;2.96;204240;907.73;FLORES;7
-58.5216;-34.6326;2003-12-10;BRUSELAS;500;2288;700000;305.9;;E3;EXPOCLASIFICADOS_76;2.97;2.079e+006;908.65;VERSALLES;10
-58.4309;-34.6277;2003-12-10;DIRECTORIO;300;720;220000;305.6;;C3 II;BUSCAINMUEBLES_34;2.96;651200;904.44;PARQUE CHACABUCO;7
-58.4542;-34.5495;2003-12-10;DEL LIBERTADOR;6800;2228;680000;305.2;;R2a I;BUSCAINMUEBLES_39;2.96;2.0128e+006;903.41;NUÑEZ;13
-58.4924;-34.5754;2003-12-10;ALTOLAGUIRRE;2600;420;128000;304.8;;R2b I;CLARIN;2.97;380160;905.14;VILLA URQUIZA;12
-58.4971;-34.6087;2003-12-10;LAMARCA;2500;346;105000;303.5;;R1b I;BUSCAINMUEBLES_25;2.96;310800;898.27;VILLA DEL PARQUE;11
-58.5037;-34.6607;2003-12-10;GORDILLO TIMOTEO;2300;149.5;45000;301.1;;E2;EXPOCLASIFICADOS_75;2.97;133650;894.24;MATADEROS;9
-58.5227;-34.6095;2003-12-10;BERMUDEZ;3480;216.5;65000;300.2;;R2b II;CLARIN;2.99;194350;897.69;VILLA DEVOTO;11
-58.4953;-34.5631;2003-12-10;LARRALDE;5600;173.2;52000;300.2;;R2b I;CLARIN;2.97;154440;891.69;VILLA URQUIZA;12
-58.4753;-34.5663;2003-12-10;ESTOMBA;2600;484;145000;299.6;;APH 48;BUSCAINMUEBLES_29;2.96;429200;886.78;COGHLAN;12
-58.4437;-34.5954;2003-12-10;THAMES;500;467.6;140000;299.4;;C3 I;CLARIN;2.98;417200;892.14;VILLA CRESPO;15
-58.422;-34.6231;2003-12-10;ESTADOS UNIDOS;4000;244;73000;299.2;;R2b I;BUSCAINMUEBLES_18;2.96;216080;885.57;BOEDO;5
-58.4885;-34.6013;2003-12-10;TERRADA;3000;352;105000;298.3;;R2b II;BUSCAINMUEBLES_25;2.96;310800;882.95;VILLA DEL PARQUE;11
-58.4807;-34.5559;2003-12-10;WASHINGTON;3600;437;130000;297.5;;C3 II;CLARIN;2.98;387400;886.5;SAAVEDRA;12
-58.4109;-34.6007;2003-12-10;TUCUMAN;3200;893;265000;296.8;;R2b I;BUSCAINMUEBLES_35;2.96;784400;878.39;BALVANERA;3
-58.5104;-34.658;2003-12-10;ALBERDI;6800;303.1;89000;293.6;;C3 II;EXPOCLASIFICADOS_34;2.97;264330;872.09;MATADEROS;9
-58.5013;-34.6465;2003-12-10;ALBARIÑO;900;154;45000;292.2;;R2b I;EXPOCLASIFICADOS_75;2.97;133650;867.86;MATADEROS;9
-58.3582;-34.6361;2003-12-10;BROWN;1300;120;35000;291.7;;C3 I 2;BUSCAINMUEBLES_05;2.96;103600;863.33;BOCA;4
-58.4955;-34.6344;2003-12-10;BACACAY;4895;268;78000;291;;R2b II;EXPOCLASIFICADOS_10;2.97;231660;864.4;VELEZ SARSFIELD;10
-58.4888;-34.5677;2003-12-10;PACHECO;3100;275.2;80000;290.7;;R2a II;CLARIN;2.98;238400;866.28;VILLA URQUIZA;12
-58.3997;-34.6285;2003-12-10;ALBERTI;1600;138.6;40000;288.7;;R2a II;BUSCAINMUEBLES_07;2.96;118400;854.5;SAN CRISTOBAL;3
-58.4946;-34.5707;2003-12-10;ANDONAEGUI;3100;225.2;65000;288.7;;R2b I;EXPOCLASIFICADOS_83;2.97;193050;857.39;VILLA URQUIZA;12
-58.494;-34.5731;2003-12-10;LE BRETON;5500;346;98000;283.2;;R2b I;BUSCAINMUEBLES_24;2.96;290080;838.38;VILLA URQUIZA;12
-58.5097;-34.5871;2003-12-10;LADINES;3300;173.2;49000;282.9;;R2b II;EXPOCLASIFICADOS_75;2.97;145530;840.24;VILLA PUEYRREDON;12
-58.4948;-34.583;2003-12-10;CARACAS;4600;230;65000;282.6;;R2a II;BUSCAINMUEBLES_15;2.96;192400;836.52;VILLA PUEYRREDON;12
-58.5001;-34.6263;2003-12-10;PAZ MARCOS;1500;170;48000;282.4;;R2b II;CLARIN;2.99;143520;844.24;VELEZ SARSFIELD;10
-58.5044;-34.5838;2003-12-10;LADINES;2900;389.7;110000;282.3;;R2b II;EXPOCLASIFICADOS_75;2.97;326700;838.34;VILLA PUEYRREDON;12
-58.4514;-34.6306;2003-12-10;CURAPALIGUE;500;372.4;105000;282;;C3 II;BUSCAINMUEBLES_25;2.96;310800;834.63;CABALLITO;6
-58.3682;-34.6242;2003-12-10;GARAY JUAN;300;320;90000;281.3;;C3 I;BUSCAINMUEBLES_23;2.96;266400;832.5;SAN TELMO;1
-58.4416;-34.5931;2003-12-10;JUSTO;2300;588;165000;280.6;;R2a I;BUSCAINMUEBLES_31;2.96;488400;830.61;VILLA CRESPO;15
-58.5051;-34.575;2003-12-10;ARTIGAS JOSE;5779;181.9;51000;280.4;;R2b II;CLARIN;2.99;152490;838.5;VILLA PUEYRREDON;12
-58.4928;-34.583;2003-12-10;VALLEJOS;2200;357;100000;280.1;;R2b II;BUSCAINMUEBLES_24;2.96;296000;829.13;VILLA PUEYRREDON;12
-58.5009;-34.6407;2003-12-10;SCHMIDL;5117;186.2;52000;279.3;;R2b I;EXPOCLASIFICADOS_31;2.97;154440;829.48;VILLA LURO;10
-58.5037;-34.5887;2003-12-10;MISTRAL;3082;240;67000;279.2;;R2a II;EXPOCLASIFICADOS_75;2.97;198990;829.13;VILLA PUEYRREDON;12
-58.4516;-34.5818;2003-12-10;LACROZE;3600;1800;500000;277.8;;C3 II;BUSCAINMUEBLES_39;2.96;1.48e+006;822.22;CHACARITA;15
-58.4689;-34.6162;2003-12-10;BUFANO;1300;432;120000;277.8;;R2b III;LATINMUEBLE_04;2.96;355200;822.22;VILLA GRAL. MITRE;11
-58.4985;-34.5714;2003-12-10;IBERA;5800;181;50000;276.2;;R2b I;BUSCAINMUEBLES_11;2.96;148000;817.68;VILLA URQUIZA;12
-58.5031;-34.6263;2003-12-10;CERVANTES;1339;199.2;55000;276.1;;R2b II;CLARIN;2.97;163350;820.11;VELEZ SARSFIELD;10
-58.4579;-34.5699;2003-12-10;DE LOS INCAS;5400;1016;280000;275.6;;U28;BUSCAINMUEBLES_35;2.96;828800;815.75;COLEGIALES;13
-58.5;-34.5886;2003-12-10;CUBAS;2900;207;57000;275.4;;R2b II;BUSCAINMUEBLES_14;2.96;168720;815.07;VILLA PUEYRREDON;12
-58.4866;-34.6326;2003-12-10;GOYA;200;180;49500;275;;R2b II;BUSCAINMUEBLES_10;2.96;146520;814;VELEZ SARSFIELD;10
-58.5254;-34.6529;2003-12-10;CAAGUAZU;7477;549.5;150000;273;;R2b I;LATINMUEBLE_01;2.96;444000;808.01;LINIERS;9
-58.5075;-34.6429;2003-12-10;MIRALLA;400;190.5;52000;272.9;;R2b I;EXPOCLASIFICADOS_34;2.97;154440;810.62;LINIERS;9
-58.4985;-34.6047;2003-12-10;NAZARRE;3600;550;150000;272.7;;R1b I;BUSCAINMUEBLES_30;2.96;444000;807.27;VILLA DEL PARQUE;11
-58.511;-34.5879;2003-12-10;LADINES;3400;180;49000;272.2;;R2b II;BUSCAINMUEBLES_10;2.96;145040;805.78;VILLA DEVOTO;11
-58.4055;-34.6126;2003-12-10;ALSINA ADOLFO;2800;294.4;80000;271.7;;C3 I;CLARIN;2.99;239200;812.39;BALVANERA;3
-58.4283;-34.6315;2003-12-10;DOBLAS;1300;166;45000;271.1;;C3 II;BUSCAINMUEBLES_09;2.96;133200;802.41;PARQUE CHACABUCO;7
-58.414;-34.6174;2003-12-10;LINIERS;554;240;65000;270.8;;R2b I;POR TEL;2.96;192400;801.67;ALMAGRO;5
-58.4042;-34.6279;2003-12-10;CHICLANA;2900;1000;270000;270;;C3 II;BUSCAINMUEBLES_35;2.96;799200;799.2;SAN CRISTOBAL;3
-58.4626;-34.6329;2003-12-10;BONIFACIO;2500;520;140000;269.2;;R2a II;BUSCAINMUEBLES_29;2.96;414400;796.92;FLORES;7
-58.3632;-34.6399;2003-12-10;GARIBALDI;1500;205;55000;268.3;;R2b III;BUSCAINMUEBLES_13;2.96;162800;794.15;BOCA;4
-58.4499;-34.5739;2003-12-10;CONESA;900;1100;295000;268.2;;R2b I;CLARIN;2.97;876150;796.5;COLEGIALES;13
-58.4897;-34.5974;2003-12-10;CONDARCO;3300;216.5;58000;267.9;;C3 II;EXPOCLASIFICADOS_75;2.97;172260;795.66;VILLA DEL PARQUE;11
-58.4324;-34.6103;2003-12-10;ACEVEDO EDUARDO;500;560;150000;267.9;;R2a II;BUSCAINMUEBLES_30;2.96;444000;792.86;CABALLITO;6
-58.4708;-34.5493;2003-12-10;JARAMILLO;2600;900;240000;266.7;;R2a II;BUSCAINMUEBLES_35;2.96;710400;789.33;SAAVEDRA;12
-58.4846;-34.6145;2003-12-10;CUENCA;1700;187;49700;265.8;;R2b II;CLARIN;2.99;148603;794.67;VILLA SANTA RITA;11
-58.5007;-34.6407;2003-12-10;SCHMIDL;5100;170;45000;264.7;;R2b I;BUSCAINMUEBLES_09;2.96;133200;783.53;VILLA LURO;10
-58.5177;-34.6202;2003-12-10;MARTINEZ JUAN;2051;207.8;55000;264.6;;R2b II;CLARIN;2.97;163350;785.94;VILLA REAL;10
-58.4062;-34.632;2003-12-10;SALCEDO;3000;220;58000;263.6;;R2b I;CLARIN;2.98;172840;785.64;PARQUE PATRICIOS;4
-58.4872;-34.6363;2003-12-10;OLIVERA;82;216.5;57000;263.3;;C3 II;CLARIN;2.97;169290;781.94;VELEZ SARSFIELD;10
-58.512;-34.6196;2003-12-10;SANTO TOME;5100;216.5;57000;263.3;;R2b II;EXPOCLASIFICADOS_75;2.97;169290;781.94;MONTE CASTRO;10
-58.3842;-34.627;2003-12-10;SANTIAGO DEL ESTERO;1600;133;35000;263.2;;C3 II;CLARIN;2.98;104300;784.21;CONSTITUCION;1
-58.4801;-34.5707;2003-12-10;LUGONES;2500;369.8;97000;262.3;;C3 I;CLARIN;2.98;289060;781.67;VILLA URQUIZA;12
-58.4832;-34.5979;2003-12-10;SAN MARTIN AV;4200;6500;1700000;261.5;;C3 II;EXPOCLASIFICADOS_75;2.97;5.049e+006;776.77;VILLA DEL PARQUE;11
-58.4887;-34.6383;2003-12-10;CARRERAS;200;134;35000;261.2;;R2a II;SEGUNDAMANO_15;2.97;103950;775.75;VELEZ SARSFIELD;10
-58.4452;-34.5913;2003-12-10;VERA;1400;372;97000;260.8;;R2b I;BUSCAINMUEBLES_23;2.96;287120;771.83;CHACARITA;15
-58.4753;-34.5395;2003-12-10;PAZ;1100;288;75000;260.4;;C3 I;CLARIN;2.98;223500;776.04;NUÑEZ;13
-58.4791;-34.6166;2003-12-10;EL TROVADOR;3000;208;54000;259.6;;R2a II;BUSCAINMUEBLES_13;2.96;159840;768.46;VILLA SANTA RITA;11
-58.4092;-34.601;2003-12-10;TUCUMAN;3100;2507;650000;259.3;;R2b I;BUSCAINMUEBLES_39;2.96;1.924e+006;767.45;BALVANERA;3
-58.52;-34.619;2003-12-10;MARTINEZ JUAN;5300;162;42000;259.3;;R2b II;EXPOCLASIFICADOS_75;2.97;124740;770;VILLA REAL;10
-58.4477;-34.6161;2003-12-10;NEUQUEN;1050;966;250000;258.8;;R2b I;EXPOCLASIFICADOS_10;2.97;742500;768.63;CABALLITO;6
-58.3946;-34.6105;2003-12-10;SARANDI;100;622;160000;257.2;;C3 I;BUSCAINMUEBLES_31;2.96;473600;761.41;BALVANERA;3
-58.5288;-34.6205;2003-12-10;BRUSELAS;1500;140;36000;257.1;;R1b I;BUSCAINMUEBLES_06;2.96;106560;761.14;VILLA REAL;10
-58.5009;-34.6323;2003-12-10;JUSTO;8000;199.5;51000;255.6;;R2b II;EXPOCLASIFICADOS_75;2.97;151470;759.25;VILLA LURO;10
-58.4706;-34.6354;2003-12-10;BONIFACIO;3100;275;70000;254.5;;R2a II;EXPOCLASIFICADOS_31;2.97;207900;756;FLORES;7
-58.5033;-34.5831;2003-12-10;LADINES;2800;433;110000;254;;R2b II;BUSCAINMUEBLES_25;2.96;325600;751.96;VILLA PUEYRREDON;12
-58.4967;-34.6282;2003-12-10;CARRASCO;870;155.9;39500;253.4;;E3;EXPOCLASIFICADOS_75;2.97;117315;752.6;VELEZ SARSFIELD;10
-58.4839;-34.638;2003-12-10;LACARRA;300;268.5;68000;253.3;;R2a II;EXPOCLASIFICADOS_75;2.97;201960;752.29;VELEZ SARSFIELD;10
-58.4858;-34.5506;2003-12-10;RUIZ HUIDOBRO;3800;1580;400000;253.2;;R2b I;BUSCAINMUEBLES_38;2.96;1.184e+006;749.37;SAAVEDRA;12
-58.3989;-34.6273;2003-12-10;PAVON;2412;159.8;40000;250.3;;R2a II;EXPOCLASIFICADOS_31;2.97;118800;743.43;SAN CRISTOBAL;3
-58.5094;-34.6562;2003-12-10;ARTIGAS MANUEL;6800;259.8;65000;250.2;;R2a II;EXPOCLASIFICADOS_34;2.97;193050;743.07;MATADEROS;9
-58.4084;-34.6053;2003-12-10;ECUADOR;400;400;100000;250;;C3 I;BUSCAINMUEBLES_24;2.96;296000;740;BALVANERA;3
-58.4653;-34.6077;2003-12-10;SANCHEZ;1800;200;50000;250;;R2b III;EXPOCLASIFICADOS_75;2.97;148500;742.5;VILLA GRAL. MITRE;11
-58.5021;-34.6675;2003-12-10;SAN PEDRO;7000;100;25000;250;;R2b II;EXPOCLASIFICADOS_33;2.97;74250;742.5;MATADEROS;9
-58.5026;-34.588;2003-12-10;MISTRAL;3000;420;105000;250;;R2a II;EXPOCLASIFICADOS_52;2.97;311850;742.5;VILLA PUEYRREDON;12
-58.4534;-34.5974;2003-12-10;HUAURA;1414;220;55000;250;;E2;CLARIN;2.98;163900;745;VILLA CRESPO;15
-58.4786;-34.6172;2003-12-10;BELAUSTEGUI;3000;1000;250000;250;;R2a II;SEGUNDAMANO_15;2.97;742500;742.5;VILLA SANTA RITA;11
-58.4961;-34.6325;2003-12-10;CERVANTES;500;233.8;58000;248.1;;R2b II;EXPOCLASIFICADOS_75;2.97;172260;736.72;VELEZ SARSFIELD;10
-58.506;-34.6564;2003-12-10;PILAR;1814;121.2;30000;247.4;;R2b III;CLARIN;2.99;89700;739.85;MATADEROS;9
-58.5161;-34.5885;2003-12-10;LA BLANQUEADA;5200;242.5;60000;247.4;;R2b II;EXPOCLASIFICADOS_45;2.97;178200;734.91;VILLA DEVOTO;11
-58.4101;-34.6115;2003-12-10;URQUIZA;100;810;200000;246.9;;R2a II;SEGUNDAMANO_15;2.97;594000;733.33;BALVANERA;3
-58.4622;-34.6261;2003-12-10;BACACAY;2300;325;80000;246.2;;APH 15;BUSCAINMUEBLES_21;2.96;236800;728.62;FLORES;7
-58.3756;-34.6221;2003-12-10;SAN JUAN;700;175;42850;244.9;;C3 I;BUSCAINMUEBLES_08;2.96;126836;724.78;SAN TELMO;1
-58.497;-34.6236;2003-12-10;MOCTEZUMA;1400;159.7;39000;244.2;;R2b II;BUSCAINMUEBLES_07;2.96;115440;722.9;VELEZ SARSFIELD;10
-58.3727;-34.6233;2003-12-10;COCHABAMBA;500;205;50000;243.9;;R2a II;REVISTA BAC;2.99;149500;729.27;SAN TELMO;1
-58.3713;-34.6232;2003-12-10;COCHABAMBA;400;205;50000;243.9;;R2a II;BUSCAINMUEBLES_11;2.96;148000;721.95;SAN TELMO;1
-58.4949;-34.6305;2003-12-10;HINOJO;4774;222.3;54000;242.9;;R2b II;EXPOCLASIFICADOS_10;2.97;160380;721.45;VELEZ SARSFIELD;10
-58.4957;-34.5525;2003-12-10;MILLER;4600;190.5;46000;241.4;;R2b I;EXPOCLASIFICADOS_75;2.97;136620;717.09;SAAVEDRA;12
-58.5109;-34.654;2003-12-10;ZELADA;6700;232;56000;241.4;;R2b I;CLARIN;2.97;166320;716.9;MATADEROS;9
-58.4165;-34.6304;2003-12-10;PAVON;3700;560;135000;241.1;;R2a II;BUSCAINMUEBLES_29;2.96;399600;713.57;BOEDO;5
-58.4852;-34.5582;2003-12-10;LARRALDE;4300;216;52000;240.7;;R2b I;BUSCAINMUEBLES_12;2.96;153920;712.59;SAAVEDRA;12
-58.4546;-34.6011;2003-12-10;RODRIGUEZ MANUEL;2000;150;36000;240;;E3;BUSCAINMUEBLES_06;2.96;106560;710.4;VILLA CRESPO;15
-58.4173;-34.6059;2003-12-10;BRAVO MARIO;370;500;120000;240;;R2a II;EXPOCLASIFICADOS_74;2.97;356400;712.8;ALMAGRO;5
-58.4325;-34.6351;2003-12-10;SANTANDER;900;210;50300;239.5;;R2b II;BUSCAINMUEBLES_11;2.96;148888;708.99;PARQUE CHACABUCO;7
-58.4602;-34.599;2003-12-10;OROÑO;2400;355;85000;239.4;;E3;BUSCAINMUEBLES_22;2.96;251600;708.73;PATERNAL;15
-58.4495;-34.6174;2003-12-10;PAYSANDU;500;546;130000;238.1;;R2b I;BUSCAINMUEBLES_28;2.96;384800;704.76;CABALLITO;6
-58.3582;-34.6361;2003-12-10;BROWN;1300;1050;250000;238.1;;C3 I 2;BUSCAINMUEBLES_35;2.96;740000;704.76;BOCA;4
-58.3987;-34.6196;2003-12-10;PICHINCHA;900;552;130000;235.5;;R2a II;BUSCAINMUEBLES_28;2.96;384800;697.08;SAN CRISTOBAL;3
-58.4549;-34.5927;2003-12-10;NEWBERY;4500;234;55000;235;;E2;BUSCAINMUEBLES_13;2.96;162800;695.73;CHACARITA;15
-58.5105;-34.6553;2003-12-10;GORDILLO TIMOTEO;1700;251.1;59000;234.9;;R2b I;EXPOCLASIFICADOS_34;2.97;175230;697.74;MATADEROS;9
-58.4747;-34.6105;2003-12-10;ARTIGAS JOSE;1819;277.1;65000;234.6;;R2b III;CLARIN;2.98;193700;698.98;VILLA GRAL. MITRE;11
-58.5051;-34.6449;2003-12-10;SCHMIDL;5700;277;65000;234.6;;R2b I;EXPOCLASIFICADOS_34;2.97;193050;696.63;LINIERS;9
-58.5203;-34.5963;2003-12-10;LOPEZ CARLOS;4300;831.4;195000;234.6;;R1b I;CLARIN;2.97;579150;696.63;VILLA DEVOTO;11
-58.4886;-34.5972;2003-12-10;SAN MARTIN AV;5000;299.5;70000;233.7;;C3 II;EXPOCLASIFICADOS_30;2.97;207900;694.11;AGRONOMIA;15
-58.4168;-34.6175;2003-12-11;VENEZUELA;3600;450;105000;233.3;;C3 I;BUSCAINMUEBLES_25;2.96;310800;690.67;ALMAGRO;5
-58.3563;-34.6313;2003-12-11;DEL VALLE ARISTOBULO;100;150;35000;233.3;;E3 2;BUSCAINMUEBLES_06;2.96;103600;690.67;BOCA;4
-58.4935;-34.6115;2003-12-11;CONCORDIA;2200;292;68000;232.9;;R2a II;BUSCAINMUEBLES_16;2.96;201280;689.32;VILLA DEL PARQUE;11
-58.4385;-34.6172;2003-12-11;BEADE;500;130;30000;230.8;;R2a II;EXPOCLASIFICADOS_23;2.97;89100;685.38;CABALLITO;6
-58.469;-34.5932;2003-12-11;ELCANO;5000;113;26000;230.1;;R2b III;BUSCAINMUEBLES_03;2.96;76960;681.06;PATERNAL;15
-58.4141;-34.6184;2003-12-11;AGRELO;3400;240;55000;229.2;;R2b I;BUSCAINMUEBLES_13;2.96;162800;678.33;ALMAGRO;5
-58.5061;-34.5888;2003-12-11;MOSCONI;3200;867;198000;228.4;;R2a II;BUSCAINMUEBLES_33;2.96;586080;675.99;VILLA PUEYRREDON;12
-58.3607;-34.6381;2003-12-11;PALOS;800;155;35000;225.8;;R2b III;BUSCAINMUEBLES_05;2.96;103600;668.39;BOCA;4
-58.4761;-34.6317;2003-12-11;CONCORDIA;58;715;160000;223.8;;R2b I;EXPOCLASIFICADOS_45;2.97;475200;664.62;FLORESTA;10
-58.4792;-34.669;2003-12-12;BALBASTRO;5000;170;38000;223.5;;E3;CLARIN;2.97;112860;663.88;VILLA LUGANO;8
-58.3739;-34.6257;2003-12-12;BRASIL;600;987;220000;222.9;;R2a II;BUSCAINMUEBLES_34;2.96;651200;659.78;SAN TELMO;1
-58.3739;-34.6257;2003-12-12;BRASIL;600;494;110000;222.7;;R2a II;BUSCAINMUEBLES_26;2.96;325600;659.11;SAN TELMO;1
-58.3633;-34.6303;2003-12-12;BROWN;600;292;65000;222.6;;C3 I 2;REVISTA BAC;2.99;194350;665.58;BOCA;4
-58.487;-34.6344;2003-12-12;YERBAL;4300;324;72000;222.2;;R2b II;BUSCAINMUEBLES_17;2.96;213120;657.78;VELEZ SARSFIELD;10
-58.4468;-34.5979;2003-12-12;THAMES;200;189;42000;222.2;;R2a II;BUSCAINMUEBLES_08;2.96;124320;657.78;VILLA CRESPO;15
-58.4691;-34.6413;2003-12-13;PORTELA;800;230;51000;221.7;;R2b II;BUSCAINMUEBLES_11;2.96;150960;656.35;FLORES;7
-58.4885;-34.6013;2003-12-13;TERRADA;3000;415.7;92000;221.3;;R2b II;EXPOCLASIFICADOS_45;2.97;273240;657.33;VILLA DEL PARQUE;11
-58.4753;-34.6309;2003-12-13;CAMPANA;92;207.8;46000;221.3;;R2b I;EXPOCLASIFICADOS_75;2.97;136620;657.33;FLORESTA;10
-58.4692;-34.5934;2003-12-13;ELCANO;5024;118;26000;220.3;;R2b III;CLARIN;2.98;77480;656.61;PATERNAL;15
-58.5046;-34.5798;2003-12-13;ALEMANIA;2700;173;38000;219.7;;R2b II;BUSCAINMUEBLES_07;2.96;112480;650.17;VILLA PUEYRREDON;12
-58.4703;-34.6031;2003-12-14;ALVAREZ JONTE;1900;297;65000;218.9;;E3;BUSCAINMUEBLES_16;2.96;192400;647.81;VILLA GRAL. MITRE;11
-58.4761;-34.56;2003-12-15;IBERA;3600;450.3;98000;217.6;;R2b I;CLARIN;2.97;291060;646.34;COGHLAN;12
-58.407;-34.6254;2003-12-16;BARCALA;3000;300;65000;216.7;;R2a II;BUSCAINMUEBLES_16;2.96;192400;641.33;SAN CRISTOBAL;3
-58.4002;-34.6166;2003-12-16;MEXICO;2400;350;75000;214.3;;R2a II;BUSCAINMUEBLES_18;2.96;222000;634.29;BALVANERA;3
-58.5029;-34.5816;2003-12-16;CABEZON;2700;398.4;85000;213.4;;R2b II;CLARIN;2.97;252450;633.72;VILLA PUEYRREDON;12
-58.4771;-34.5539;2003-12-16;CONDE;3600;1122;239000;213;;R2b I;BUSCAINMUEBLES_34;2.96;707440;630.52;SAAVEDRA;12
-58.5135;-34.5921;2003-12-16;LOPEZ CARLOS;3700;400;85000;212.5;;E3;BUSCAINMUEBLES_22;2.96;251600;629;VILLA DEVOTO;11
-58.4933;-34.6475;2003-12-17;GUARDIA NACIONAL;1100;259.8;55000;211.7;;R2b II;EXPOCLASIFICADOS_34;2.97;163350;628.75;MATADEROS;9
-58.4905;-34.5576;2003-12-17;LUGONES;3847;283.8;60000;211.4;;R2b I;CLARIN;2.97;178200;627.91;SAAVEDRA;12
-58.3682;-34.6354;2003-12-18;HERNANDARIAS;700;166;35000;210.8;;E3 2;BUSCAINMUEBLES_06;2.96;103600;624.1;BOCA;4
-58.4393;-34.5912;2003-12-18;CASTILLO;1100;358;75000;209.5;;R2b I;BUSCAINMUEBLES_18;2.96;222000;620.11;VILLA CRESPO;15
-58.4118;-34.6293;2003-12-18;PAVON;3300;226;47000;208;;R2b I;BUSCAINMUEBLES_09;2.96;139120;615.58;SAN CRISTOBAL;3
-58.494;-34.6417;2003-12-19;HOMERO;400;173.2;36000;207.9;;R2b I;REVISTA GRUPO MEGA;2.99;107640;621.48;VILLA LURO;10
-58.4419;-34.5931;2003-12-20;RAMIREZ DE VELASCO;1100;215;44500;207;;R2a I;BUSCAINMUEBLES_08;2.96;131720;612.65;VILLA CRESPO;15
-58.4959;-34.616;2003-12-20;BAHIA BLANCA;2000;257;53000;206.2;;R2b II;EXPOCLASIFICADOS_75;2.97;157410;612.49;MONTE CASTRO;10
-58.4025;-34.6276;2003-12-20;CATAMARCA;1500;390;80000;205.1;;E1;BUSCAINMUEBLES_21;2.96;236800;607.18;SAN CRISTOBAL;3
-58.4677;-34.6114;2003-12-20;JUSTO;4900;320.4;65000;202.9;;R2b III;EXPOCLASIFICADOS_75;2.97;193050;602.49;VILLA GRAL. MITRE;11
-58.4171;-34.6139;2003-12-20;BOEDO;200;370;75000;202.7;;C3 I;EXPOCLASIFICADOS_74;2.97;222750;602.03;ALMAGRO;5
-58.4913;-34.6401;2003-12-22;MOZART;300;494.6;100000;202.2;;R2b II;BUSCAINMUEBLES_24;2.96;296000;598.49;VILLA LURO;10
-58.5181;-34.5896;2003-12-23;PAZ;6300;300;60000;200;;C3 II;BUSCAINMUEBLES_15;2.96;177600;592;VILLA DEVOTO;11
-58.3981;-34.6412;2003-12-23;LUNA;400;250;50000;200;;E2;BUSCAINMUEBLES_11;2.96;148000;592;PARQUE PATRICIOS;4
-58.4093;-34.6079;2003-12-23;ECUADOR;200;300;60000;200;;UF;BUSCAINMUEBLES_15;2.96;177600;592;BALVANERA;3
-58.4966;-34.551;2003-12-23;PICO;4800;352;70000;198.9;;R2b I;BUSCAINMUEBLES_17;2.96;207200;588.64;SAAVEDRA;12
-58.4731;-34.6199;2003-12-23;TERRADA;1100;312;62000;198.7;;C3 II;BUSCAINMUEBLES_15;2.96;183520;588.21;VILLA SANTA RITA;11
-58.4852;-34.6532;2003-12-23;SAN PEDRO;4936;303.1;60000;198;;R2b II;CLARIN;2.99;179400;591.88;MATADEROS;9
-58.4506;-34.5981;2003-12-23;MARTINEZ ROSAS;1200;249;49000;196.8;;E3;BUSCAINMUEBLES_10;2.96;145040;582.56;VILLA CRESPO;15
-58.5223;-34.6266;2003-12-23;ROMA;900;420;82000;195.2;;R2b II;BUSCAINMUEBLES_21;2.96;242720;577.9;VERSALLES;10
-58.4054;-34.6176;2003-12-23;MEXICO;2800;190;37000;194.7;;R2a II;BUSCAINMUEBLES_06;2.96;109520;576.42;BALVANERA;3
-58.5035;-34.6053;2003-12-23;TINOGASTA;3900;567;110000;194;;R2b II;EXPOCLASIFICADOS_75;2.97;326700;576.19;VILLA DEL PARQUE;11
-58.5115;-34.578;2003-12-23;ARGERICH;5839;1188;230000;193.6;;R2b II;CLARIN;2.98;685400;576.94;VILLA PUEYRREDON;12
-58.4981;-34.6005;2003-12-23;CAMPANA;3300;155;30000;193.5;;R1a;BUSCAINMUEBLES_04;2.96;88800;572.9;VILLA DEL PARQUE;11
-58.5108;-34.652;2003-12-23;PIZARRO;6500;320.4;62000;193.5;;R2b I;EXPOCLASIFICADOS_75;2.97;184140;574.68;MATADEROS;9
-58.4004;-34.6317;2003-12-23;BRASIL;2596;660;127500;193.2;;C3 II;BUSCAINMUEBLES_27;2.96;377400;571.82;PARQUE PATRICIOS;4
-58.5118;-34.5777;2003-12-23;ARGERICH;5871;233.8;45000;192.5;;R2b II;CLARIN;2.98;134100;573.52;VILLA PUEYRREDON;12
-58.4983;-34.5788;2003-12-23;CABEZON;2300;577.5;110000;190.5;;R2b II;EXPOCLASIFICADOS_83;2.97;326700;565.71;VILLA PUEYRREDON;12
-58.4248;-34.652;2003-12-23;MOM;3000;132;25000;189.4;;I2;CLARIN;2.99;74750;566.29;NUEVA POMPEYA;4
-58.4239;-34.6527;2003-12-23;CONDOR;1500;132;25000;189.4;;I2;EXPOCLASIFICADOS_75;2.97;74250;562.5;NUEVA POMPEYA;4
-58.4515;-34.6042;2003-12-23;TRES ARROYOS;700;800;150000;187.5;;R2b I;BUSCAINMUEBLES_30;2.96;444000;555;VILLA CRESPO;15
-58.3733;-34.6446;2003-12-23;MONTES DE OCA;1500;2400;450000;187.5;;C3 I;BUSCAINMUEBLES_38;2.96;1.332e+006;555;BARRACAS;4
-58.4975;-34.5858;2003-12-23;BOLIVIA;4500;3700;690000;186.5;;R2b II;BUSCAINMUEBLES_39;2.96;2.0424e+006;552;VILLA PUEYRREDON;12
-58.4329;-34.6377;2003-12-23;CAPERUCITA;1100;188;35000;186.2;;R2b II;BUSCAINMUEBLES_06;2.96;103600;551.06;PARQUE CHACABUCO;7
-58.4815;-34.6021;2003-12-23;ARTIGAS JOSE;2667;355.1;66000;185.9;;R2b II;CLARIN;2.99;197340;555.79;VILLA DEL PARQUE;11
-58.4193;-34.6358;2003-12-23;LAS CASAS;3800;360;66900;185.8;;R2b III;CLARIN;2.98;199362;553.78;BOEDO;5
-58.4213;-34.636;2003-12-23;LAS CASAS;3948;362;66900;184.8;;R2b III;EXPOCLASIFICADOS_74;2.97;198693;548.88;BOEDO;5
-58.4584;-34.6394;2003-12-23;VARELA;900;433;80000;184.8;;R2a II;EXPOCLASIFICADOS_75;2.97;237600;548.73;FLORES;7
-58.4559;-34.595;2003-12-23;DUMONT SANTOS;4700;321;59000;183.8;;E2;BUSCAINMUEBLES_14;2.96;174640;544.05;CHACARITA;15
-58.3791;-34.6108;2003-12-23;ALSINA ADOLFO;900;8200;1500000;182.9;;C1;BUSCAINMUEBLES_40;2.96;4.44e+006;541.46;MONSERRAT;1
-58.3642;-34.6413;2003-12-23;ROCHA;1000;656.2;120000;182.9;;E2 2;REVISTA BAC;2.99;358800;546.77;BOCA;4
-58.4965;-34.5767;2003-12-23;RIVERA PEDRO;5800;420;76500;182.1;;E3;EXPOCLASIFICADOS_52;2.97;227205;540.96;VILLA URQUIZA;12
-58.4041;-34.6344;2003-12-23;DEAN FUNES;2000;450.3;82000;182.1;;R2b I;CLARIN;2.98;244360;542.64;PARQUE PATRICIOS;4
-58.5092;-34.654;2003-12-23;PILAR;1500;303.1;55000;181.5;;R2b I;EXPOCLASIFICADOS_34;2.97;163350;538.93;MATADEROS;9
-58.4821;-34.5487;2003-12-23;RUIZ HUIDOBRO;3400;830;150000;180.7;;R2b I;BUSCAINMUEBLES_30;2.96;444000;534.94;SAAVEDRA;12
-58.4219;-34.6361;2003-12-23;LAS CASAS;4000;230;41500;180.4;;R2b III;BUSCAINMUEBLES_07;2.96;122840;534.09;BOEDO;5
-58.4726;-34.6182;2003-12-23;CONDARCO;1200;346.4;62000;179;;E3;EXPOCLASIFICADOS_75;2.97;184140;531.58;VILLA SANTA RITA;11
-58.4665;-34.5908;2003-12-23;ELCANO;4700;285;51000;178.9;;R2b III;BUSCAINMUEBLES_12;2.96;150960;529.68;CHACARITA;15
-58.5064;-34.63;2003-12-23;VIRGILIO;900;1640;290000;176.8;;R2b II;BUSCAINMUEBLES_36;2.96;858400;523.41;VILLA LURO;10
-58.4108;-34.6465;2003-12-23;FAMATINA;3500;199.2;35000;175.7;;R2b II;CLARIN;2.98;104300;523.65;PARQUE PATRICIOS;4
-58.4918;-34.6403;2003-12-23;CAJARAVILLA;4632;303.1;53000;174.9;;R2b II;EXPOCLASIFICADOS_10;2.97;157410;519.33;VILLA LURO;10
-58.4406;-34.5924;2003-12-23;JUSTO;2200;450;78000;173.3;;R2b I;BUSCAINMUEBLES_19;2.96;230880;513.07;VILLA CRESPO;15
-58.4772;-34.5495;2003-12-23;PAROISSIEN;3168;173.2;30000;173.2;;R2b I;CLARIN;2.97;89100;514.43;SAAVEDRA;12
-58.4743;-34.6135;2003-12-23;ESCALADA DE SAN MARTIN;2600;346;59500;172;;R2b II;BUSCAINMUEBLES_15;2.96;176120;509.02;VILLA GRAL. MITRE;11
-58.486;-34.6484;2003-12-23;TANDIL;4600;225;38000;168.9;;R2b II;BUSCAINMUEBLES_06;2.96;112480;499.91;PARQUE AVELLANEDA;9
-58.4987;-34.6385;2003-12-23;FALCON RAMON;5063;408;68500;167.9;;R2a II;EXPOCLASIFICADOS_31;2.97;203445;498.64;VILLA LURO;10
-58.473;-34.6129;2003-12-23;ESCALADA DE SAN MARTIN;2500;928;155000;167;;R2b III;BUSCAINMUEBLES_30;2.96;458800;494.4;VILLA GRAL. MITRE;11
-58.47;-34.6512;2003-12-23;DERQUI;3800;260;43000;165.4;;C3 II;BUSCAINMUEBLES_08;2.96;127280;489.54;PARQUE AVELLANEDA;9
-58.5164;-34.5881;2003-12-23;LA BLANQUEADA;5250;333;55000;165.2;;R2b II;CLARIN;2.99;164450;493.84;VILLA DEVOTO;11
-58.4959;-34.626;2003-12-23;MOCTEZUMA;1200;243;40000;164.6;;R2b II;BUSCAINMUEBLES_07;2.96;118400;487.24;VELEZ SARSFIELD;10
-58.5033;-34.5918;2003-12-23;HABANA;3200;1835;300000;163.5;;R2b II;BUSCAINMUEBLES_36;2.96;888000;483.92;VILLA PUEYRREDON;12
-58.4763;-34.6135;2003-12-23;CONDARCO;1666;486;79000;162.6;;R2a II;CLARIN;2.99;236210;486.03;VILLA SANTA RITA;11
-58.432;-34.5863;2003-12-23;EL SALVADOR;5200;445;72000;161.8;;R2b I;BUSCAINMUEBLES_18;2.96;213120;478.92;PALERMO;14
-58.4734;-34.6822;2003-12-23;BARROS PAZOS;6000;259.8;42000;161.7;;R2b II;CLARIN;2.98;125160;481.76;VILLA LUGANO;8
-58.473;-34.6129;2003-12-23;ESCALADA DE SAN MARTIN;2500;928;150000;161.6;;R2b III;REVISTA GRUPO MEGA;2.99;448500;483.3;VILLA GRAL. MITRE;11
-58.3775;-34.6447;2003-12-23;QUINQUELA MARTIN;2000;313;50000;159.7;;R2b III;BUSCAINMUEBLES_10;2.96;148000;472.84;BARRACAS;4
-58.4344;-34.6385;2003-12-23;SARAZA;1200;314;50000;159.2;;R2b II;BUSCAINMUEBLES_11;2.96;148000;471.34;PARQUE CHACABUCO;7
-58.4499;-34.6149;2003-12-23;ESPINOSA;700;385;60500;157.1;;R2b I;BUSCAINMUEBLES_15;2.96;179080;465.14;CABALLITO;6
-58.5175;-34.6495;2003-12-23;DE LA TORRE;977;320.4;50000;156;;R2b I;LATINMUEBLE_03;2.96;148000;461.89;LINIERS;9
-58.484;-34.6614;2003-12-23;PERON EVA;5500;290;45000;155.2;;C3 II;BUSCAINMUEBLES_09;2.96;133200;459.31;VILLA LUGANO;8
-58.4106;-34.6216;2003-12-23;24 DE NOVIEMBRE;900;650;100000;153.8;;E3;BUSCAINMUEBLES_24;2.96;296000;455.38;SAN CRISTOBAL;3
-58.4719;-34.6295;2003-12-23;FLORES VENANCIO;3000;346.4;52000;150.1;;UF;CLARIN;2.99;155480;448.85;FLORES;7
-58.3679;-34.6372;2003-12-23;HERNANDARIAS;900;234;35000;149.6;;E3 2;BUSCAINMUEBLES_06;2.96;103600;442.74;BOCA;4
-58.3669;-34.6353;2003-12-23;DEL VALLE ARISTOBULO;1100;350;51900;148.3;;E3 2;BUSCAINMUEBLES_12;2.96;153624;438.93;BOCA;4
-58.4508;-34.6369;2003-12-23;PERON EVA;2027;700;100000;142.9;;R2b II;CLARIN;2.98;298000;425.71;PARQUE CHACABUCO;7
-58.5047;-34.6639;2003-12-23;ANDALGALA;2400;154.7;22000;142.2;;E2;POR TEL;2.96;65120;420.94;MATADEROS;9
-58.408;-34.6274;2003-12-23;CONSTITUCION;3062;495;70000;141.4;;R2a II;CLARIN;2.99;209300;422.83;SAN CRISTOBAL;3
-58.363;-34.637;2003-12-23;DEL VALLE IBERLUCEA;1000;375;53000;141.3;;R2a II;BUSCAINMUEBLES_13;2.96;156880;418.35;BOCA;4
-58.5117;-34.6467;2003-12-23;OLIDEN;800;476.3;67000;140.7;;E3;SEGUNDAMANO_15;2.97;198990;417.78;LINIERS;9
-58.4943;-34.6156;2003-12-23;GONZALEZ JOAQUIN;1946;355.5;50000;140.6;;R2b II;LATINMUEBLE_01;2.96;148000;416.32;MONTE CASTRO;10
-58.3644;-34.6377;2003-12-23;SUAREZ;800;300;41900;139.7;;R2a II;BUSCAINMUEBLES_08;2.96;124024;413.41;BOCA;4
-58.4585;-34.6341;2003-12-23;BILBAO;2300;433.4;60000;138.5;;R2b I;EXPOCLASIFICADOS_23;2.97;178200;411.21;FLORES;7
-58.4532;-34.6444;2003-12-23;SANTANDER;2700;277.1;38000;137.1;;E3;EXPOCLASIFICADOS_74;2.97;112860;407.26;FLORES;7
-58.4851;-34.6528;2003-12-23;SAN JUAN BAUTISTA DE LA SA;1700;700;95000;135.7;;C3 II;BUSCAINMUEBLES_23;2.96;281200;401.71;PARQUE AVELLANEDA;9
-58.4266;-34.6553;2003-12-23;CONDOR;1800;173.2;23000;132.8;;I2;EXPOCLASIFICADOS_75;2.97;68310;394.4;NUEVA POMPEYA;4
-58.364;-34.6386;2003-12-23;OLAVARRIA;800;680;90000;132.4;;UP;BUSCAINMUEBLES_22;2.96;266400;391.76;BOCA;4
-58.4954;-34.5796;2003-12-23;DE LOS CONSTITUYENTES;4900;232;30000;129.3;;E3;BUSCAINMUEBLES_04;2.96;88800;382.76;VILLA PUEYRREDON;12
-58.3687;-34.6296;2003-12-23;PILCOMAYO;1000;262;33750;128.8;;E3 2;BUSCAINMUEBLES_05;2.96;99900;381.3;BOCA;4
-58.5061;-34.6628;2003-12-23;DIRECTORIO;6900;233.8;30000;128.3;;E2;EXPOCLASIFICADOS_75;2.97;89100;381.06;MATADEROS;9
-58.5047;-34.6639;2003-12-23;ANDALGALA;2400;163.8;21000;128.2;;E2;EXPOCLASIFICADOS_75;2.97;62370;380.77;MATADEROS;9
-58.3753;-34.6532;2003-12-23;VIEYTES;1700;354;45000;127.1;;I1;REVISTA BAC;2.99;134550;380.08;BARRACAS;4
-58.379;-34.644;2003-12-23;VIEYTES;1000;354;45000;127.1;;E3;BUSCAINMUEBLES_09;2.96;133200;376.27;BARRACAS;4
-58.4132;-34.6289;2003-12-23;TARIJA;3400;615;78000;126.8;;R2b I;BUSCAINMUEBLES_19;2.96;230880;375.41;BOEDO;5
-58.4966;-34.6526;2003-12-23;POLA;1518;234;29500;126.1;;R2b II;CLARIN;2.99;88205;376.94;MATADEROS;9
-58.4968;-34.6525;2003-12-23;POLA;1500;234;29500;126.1;;R2b II;CLARIN;2.96;87320;373.16;MATADEROS;9
-58.4921;-34.6588;2003-12-23;LARRAYA;2200;207.8;26000;125.1;;E2;EXPOCLASIFICADOS_75;2.97;77220;371.54;MATADEROS;9
-58.4789;-34.6723;2003-12-23;CASTAÑARES;5800;420;52000;123.8;;R2b II;BUSCAINMUEBLES_13;2.96;153920;366.48;VILLA LUGANO;8
-58.3984;-34.6371;2003-12-23;PATAGONES;2600;450;55400;123.1;;C3 II;BUSCAINMUEBLES_13;2.96;163984;364.41;PARQUE PATRICIOS;4
-58.4187;-34.6434;2003-12-23;PAGOLA;4000;250;30000;120;;E3;BUSCAINMUEBLES_04;2.96;88800;355.2;NUEVA POMPEYA;4
-58.3588;-34.6322;2003-12-23;NECOCHEA;900;335;40000;119.4;;C3 II 2;LATINMUEBLE_04;2.96;118400;353.43;BOCA;4
-58.3603;-34.636;2003-12-23;SUAREZ;500;680;80000;117.6;;R2a II;REVISTA BAC;2.99;239200;351.76;BOCA;4
-58.3989;-34.6246;2003-12-23;MATHEU;1300;233.8;27500;117.6;;R2a II;CLARIN;2.97;81675;349.31;SAN CRISTOBAL;3
-58.4444;-34.5921;2003-12-23;VERA;1300;216;25000;115.7;;R2a I;BUSCAINMUEBLES_03;2.96;74000;342.59;VILLA CRESPO;15
-58.4803;-34.6632;2003-12-23;ALBARIÑO;2759;433;50000;115.5;;R2b II;EXPOCLASIFICADOS_75;2.97;148500;342.96;VILLA LUGANO;8
-58.4964;-34.6553;2003-12-23;LARRAYA;1800;1156;130000;112.5;;C3 II;EXPOCLASIFICADOS_75;2.97;386100;334;MATADEROS;9
-58.5016;-34.6343;2003-12-23;SARACHAGA;5400;402;45000;111.9;;R2b II;BUSCAINMUEBLES_08;2.96;133200;331.34;VILLA LURO;10
-58.3912;-34.6436;2003-12-23;SUAREZ;3200;242;26800;110.7;;UF;BUSCAINMUEBLES_03;2.96;79328;327.8;BARRACAS;4
-58.4889;-34.6561;2003-12-23;ALBARIÑO;2000;372.4;40000;107.4;;E2;EXPOCLASIFICADOS_33;2.97;118800;319.03;MATADEROS;9
-58.5185;-34.6449;2003-12-23;LEGUIZAMON MARTINIANO;600;1420;150000;105.6;;R2b I;EXPOCLASIFICADOS_32;2.97;445500;313.73;LINIERS;9
-58.3781;-34.6465;2003-12-23;ALVARADO;2100;571.6;60000;105;;C3 II;REVISTA BAC;2.99;179400;313.88;BARRACAS;4
-58.3781;-34.6465;2003-12-23;ALVARADO;2100;545;57000;104.6;;C3 II;BUSCAINMUEBLES_14;2.96;168720;309.58;BARRACAS;4
-58.4471;-34.6632;2003-12-23;FERNANDEZ DE LA CRUZ;3500;225.9;23500;104.1;;C3 II;BUSCAINMUEBLES_02;2.96;69560;307.99;VILLA SOLDATI;8
-58.3866;-34.6312;2003-12-24;SAENZ PEÑA LUIS;1900;500;52000;104;;E3;BUSCAINMUEBLES_12;2.96;153920;307.84;CONSTITUCION;1
-58.3883;-34.6361;2003-12-26;ANCHORIS;200;259;26800;103.5;;R2b I;BUSCAINMUEBLES_03;2.96;79328;306.29;BARRACAS;4
-58.4436;-34.6631;2003-12-26;PERGAMINO;3300;242.5;25000;103.1;;R2b II;BUSCAINMUEBLES_03;2.96;74000;305.18;VILLA SOLDATI;8
-58.4196;-34.654;2003-12-26;DEL BARCO CENTENERA;3400;2940;302000;102.7;;E3;BUSCAINMUEBLES_36;2.96;893920;304.05;NUEVA POMPEYA;4
-58.3788;-34.6511;2003-12-26;GONCALVES DIAS;738;1080;110000;101.9;;R2b III;CLARIN;2.96;325600;301.48;BARRACAS;4
-58.3666;-34.6371;2003-12-27;BRANDSEN;1000;400;40000;100;;E3 2;BUSCAINMUEBLES_07;2.96;118400;296;BOCA;4
-58.471;-34.6596;2003-12-27;AUTOPISTA DELLEPIANE;300;2000;200000;100;;U9;BUSCAINMUEBLES_33;2.96;592000;296;VILLA LUGANO;8
-58.4905;-34.6576;2003-12-27;SAN PEDRO;5600;1100;110000;100;;E2;SEGUNDAMANO_15;2.97;326700;297;MATADEROS;9
-58.4441;-34.6429;2003-12-27;CASTAÑARES;2100;303;30000;99;;E3;BUSCAINMUEBLES_04;2.96;88800;293.07;FLORES;7
-58.5006;-34.6673;2003-12-27;ANDALGALA;2778;147.2;14500;98.5;;R2b II;CLARIN;2.97;43065;292.52;MATADEROS;9
-58.356;-34.6341;2003-12-27;BRIN;1200;244;24000;98.4;;R2b III;REVISTA BAC;2.99;71760;294.1;BOCA;4
-58.3617;-34.6366;2003-12-27;SUAREZ;600;937.4;90000;96;;R2a II;BUSCAINMUEBLES_23;2.96;266400;284.19;BOCA;4
-58.4483;-34.645;2003-12-29;SARAZA;2400;476.3;45000;94.5;;E4 42;EXPOCLASIFICADOS_75;2.97;133650;280.6;FLORES;7
-58.4804;-34.6718;2003-12-29;SARAZA;5600;530;50000;94.3;;R2b II;EXPOCLASIFICADOS_75;2.97;148500;280.19;VILLA LUGANO;8
-58.3839;-34.6325;2003-12-29;CASEROS;1500;391;35000;89.5;;UP;BUSCAINMUEBLES_06;2.96;103600;264.96;BARRACAS;4
-58.4488;-34.6024;2003-12-29;VIRASORO VALENTIN;1700;437;39000;89.2;;R2b I;BUSCAINMUEBLES_07;2.96;115440;264.16;VILLA CRESPO;15
-58.5102;-34.6661;2003-12-29;SALADILLO;2500;1000;87200;87.2;;R2b III;BUSCAINMUEBLES_22;2.96;258112;258.11;MATADEROS;9
-58.488;-34.6775;2003-12-29;PIEDRABUENA;3900;2526;218100;86.3;;U22;BUSCAINMUEBLES_33;2.96;645576;255.57;VILLA LUGANO;8
-58.4814;-34.6727;2003-12-29;SARAZA;5700;595;50000;84;;R2b II;BUSCAINMUEBLES_11;2.96;148000;248.74;VILLA LUGANO;8
-58.5014;-34.6654;2003-12-29;GARZON;6800;604;49000;81.1;;R2b II;BUSCAINMUEBLES_10;2.96;145040;240.13;MATADEROS;9
-58.3764;-34.6536;2004-12-30;SAN ANTONIO;1000;1000;80000;80;;I1;BUSCAINMUEBLES_21;2.96;236800;236.8;BARRACAS;4
-58.4618;-34.6501;2004-12-31;ACOSTA MARIANO;1900;900.6;72000;79.9;;R2b II;EXPOCLASIFICADOS_75;2.97;213840;237.43;FLORES;7
-58.3663;-34.6389;2004-12-31;OLAVARRIA;1000;433;33600;77.6;;C3 II 2;BUSCAINMUEBLES_05;2.96;99456;229.69;BOCA;4
-58.4386;-34.6444;;MIRAFLORES;2100;409;30000;73.3;;R2b II;BUSCAINMUEBLES_04;2.96;88800;217.11;PARQUE CHACABUCO;7
-58.4473;-34.5471;;FIGUEROA ALCORTA;7400;260;18000;69.2;;R1b I 4;EXPOCLASIFICADOS_75;2.97;53460;205.62;BELGRANO;13
-58.5081;-34.5888;;LOPEZ CARLOS;3300;1528;105000;68.7;;R2a II;BUSCAINMUEBLES_25;2.96;310800;203.4;VILLA PUEYRREDON;12
-58.4704;-34.6667;;BASUALDO;3200;372;24000;64.5;;R2b II;BUSCAINMUEBLES_02;2.96;71040;190.97;VILLA LUGANO;8
-58.5102;-34.6661;;SALADILLO;2500;1319;78000;59.1;;R2b III;BUSCAINMUEBLES_19;2.96;230880;175.04;MATADEROS;9
-58.4324;-34.6511;;FERNANDEZ DE LA CRUZ;1975;476.3;27000;56.7;;E4 68;REVISTA BAIRES INMOBILIARIO;2.99;80730;169.49;FLORES;7
-58.4833;-34.6742;;SARAZA;5900;500;27000;54;;E2;BUSCAINMUEBLES_03;2.96;79920;159.84;VILLA LUGANO;8
-58.3635;-34.6362;;DEL VALLE IBERLUCEA;900;325;17000;52.3;;R2b III;REVISTA BAC;2.99;50830;156.4;BOCA;4
-58.4656;-34.6547;;SANTANDER;3800;433;21000;48.5;;R2b II;BUSCAINMUEBLES_02;2.96;62160;143.56;PARQUE AVELLANEDA;9
-58.4352;-34.6449;;DE VEDIA;2200;20912;1000000;47.8;;R2b II;BUSCAINMUEBLES_40;2.96;2.96e+006;141.55;PARQUE CHACABUCO;7
-58.4917;-34.666;;LEGUIZAMON MARTINIANO;2900;510.9;22000;43.1;;I1;EXPOCLASIFICADOS_75;2.97;65340;127.88;VILLA LUGANO;8
