<?xml version="1.0"?>
<!--<!DOCTYPE metadata SYSTEM "http://www.esri.com/metadata/esriprof80.dtd">-->
<metadata xml:lang="es"><Esri><MetaID>{9674AE76-CD8E-46E0-805D-109D6143CABA}</MetaID><CreaDate>20120213</CreaDate><CreaTime>13280400</CreaTime><SyncOnce>FALSE</SyncOnce><SyncDate>20120215</SyncDate><SyncTime>14384000</SyncTime><ModDate>20120215</ModDate><ModTime>14384000</ModTime></Esri><idinfo><native Sync="TRUE">Microsoft Windows XP Version 5.1 (Build 2600) Service Pack 3; ESRI ArcCatalog 9.3.0.1770</native><descript><langdata>Español</langdata><abstract>Archivo ShapeFile con información de tipo temática sobre las vías ferreas en la CIUDAD AUTÓNOMA DE BUENOS AIRES.</abstract><purpose>El proposito de este ShapeFile es proporcionar a las distintas entidades del Gobierno de la Ciudad Autonoma de Buenos Aires, como al ciudadano de la misma, información de tipo temática las vías ferreas en la ciudad; mostrando ubicación, nombre de la linea, empresa concesionaria y lugar de inicio y fin de cada ramal. </purpose><supplinf>A continuación se listaran los campos y se hara una breve descripción:
Id      (tipo entero): indentificador unico para cada arco.
Empresa (tipo string): nombre de la empresa concesionaria.
Linea   (tipo string): nombre oficial de la linea.
Linea_2 (tipo string): nombre coloquial de la linea.
Ramal   (tipo string): lugar de inicio y fin del ramal.</supplinf></descript><citation><citeinfo><origin>REQUIRED: The name of an organization or individual that developed the data set.</origin><pubdate>REQUIRED: The date when the data set is published or otherwise made available for release.</pubdate><title Sync="TRUE">linea ferrocarril_1991</title><ftname Sync="TRUE">linea ferrocarril_1991</ftname><geoform Sync="TRUE">vector digital data</geoform><onlink Sync="TRUE">\\10.50.44.16\subse-usit\0_PASAR INFO\INFO_ASI\ENTREGAR_CATASTRO_13-02-2012___para_Fernando\TEMATICO\linea ferrocarril_1991.shp</onlink></citeinfo></citation><timeperd><current>REQUIRED: The basis on which the time period of content information is determined.</current><timeinfo><sngdate><caldate>REQUIRED: The year (and optionally month, or month and day) for which the data set corresponds to the ground.</caldate></sngdate></timeinfo></timeperd><status><progress>REQUIRED: The state of the data set.</progress><update>REQUIRED: The frequency with which changes and additions are made to the data set after the initial data set is completed.</update></status><spdom><bounding><westbc Sync="TRUE">-58.529553</westbc><eastbc Sync="TRUE">-58.352671</eastbc><northbc Sync="TRUE">-34.534382</northbc><southbc Sync="TRUE">-34.684074</southbc></bounding><lboundng><leftbc Sync="TRUE">93873.455001</leftbc><rightbc Sync="TRUE">110083.267024</rightbc><bottombc Sync="TRUE">93969.712999</bottombc><topbc Sync="TRUE">110570.495015</topbc></lboundng></spdom><keywords><theme><themekt>REQUIRED: Reference to a formally registered thesaurus or a similar authoritative source of theme keywords.</themekt><themekey>REQUIRED: Common-use word or phrase used to describe the subject of the data set.</themekey></theme></keywords><accconst>REQUIRED: Restrictions and legal prerequisites for accessing the data set.</accconst><useconst>REQUIRED: Restrictions and legal prerequisites for using the data set after access is granted.</useconst><natvform Sync="TRUE">Shapefile</natvform></idinfo><dataIdInfo><envirDesc Sync="TRUE">Microsoft Windows XP Version 5.1 (Build 2600) Service Pack 3; ESRI ArcCatalog 9.3.0.1770</envirDesc><dataLang><languageCode Sync="TRUE" value="es"></languageCode></dataLang><idCitation><resTitle>Líneas de Ferrocarriles de la Ciudad Autónoma de Buenos Aires</resTitle><presForm><PresFormCd Sync="TRUE" value="005"></PresFormCd></presForm><resEdDate>20120213</resEdDate><resRefDate><refDate>20120213</refDate><refDateType><DateTypCd value="001"></DateTypCd></refDateType></resRefDate><citRespParty><rpIndName>Secretaria de Planeamiento</rpIndName><rpPosName>Catastro</rpPosName><role><RoleCd value="006"></RoleCd></role><rpCntInfo><cntAddress><delPoint>Carlos Pellegrini 211 8P</delPoint><city>Ciudad Autónoma de Buenos Aires</city><postCode>C1002AAT</postCode><country>ar</country></cntAddress><cntPhone><voiceNum>(5411) 4323-8000</voiceNum><faxNum>(5411) 4323-8000</faxNum></cntPhone></rpCntInfo></citRespParty><resAltTitle>FFCC</resAltTitle><resAltTitle>FFBN</resAltTitle><resAltTitle>FFROCA</resAltTitle><resAltTitle>FF SARMIENTO</resAltTitle><resAltTitle>FF MITRE</resAltTitle></idCitation><spatRpType><SpatRepTypCd Sync="TRUE" value="001"></SpatRepTypCd></spatRpType><dataExt><geoEle><GeoBndBox esriExtentType="native"><westBL Sync="TRUE">93873.455001</westBL><eastBL Sync="TRUE">110083.267024</eastBL><northBL Sync="TRUE">110570.495015</northBL><southBL Sync="TRUE">93969.712999</southBL><exTypeCode Sync="TRUE">1</exTypeCode></GeoBndBox></geoEle></dataExt><idAbs>Archivo ShapeFile, de lineas, con información de tipo temática sobre las vías ferreas en la CIUDAD AUTÓNOMA DE BUENOS AIRES.
El proposito de este ShapeFile es proporcionar a las distintas entidades del Gobierno de la Ciudad Autonoma de Buenos Aires, como al ciudadano de la misma, información de tipo temática las vías ferreas en la ciudad; mostrando ubicación, nombre de la linea, empresa concesionaria y lugar de inicio y fin de cada ramal. Se genero a partir de una foto.</idAbs><tpCat><TopicCatCd value="003"></TopicCatCd></tpCat><tpCat><TopicCatCd value="015"></TopicCatCd></tpCat><geoBox esriExtentType="decdegrees"><westBL Sync="TRUE">-58.529553</westBL><eastBL Sync="TRUE">-58.352671</eastBL><northBL Sync="TRUE">-34.534382</northBL><southBL Sync="TRUE">-34.684074</southBL><exTypeCode Sync="TRUE">1</exTypeCode></geoBox><descKeys KeyTypCd="005"><keyTyp><KeyTypCd value="005"></KeyTypCd></keyTyp><keyword>vías ferreas</keyword><keyword>Empresas Concesionarias</keyword><keyword>Inicio y fin de Ramal</keyword></descKeys><descKeys KeyTypCd="001"><keyTyp><KeyTypCd value="001"></KeyTypCd></keyTyp><keyword>Administración pública</keyword><keyword>ciudadanos</keyword></descKeys></dataIdInfo><metainfo><langmeta Sync="TRUE">es</langmeta><metstdn Sync="TRUE">FGDC Content Standards for Digital Geospatial Metadata</metstdn><metstdv Sync="TRUE">FGDC-STD-001-1998</metstdv><mettc Sync="TRUE">local time</mettc><metc><cntinfo><cntorgp><cntper>REQUIRED: The person responsible for the metadata information.</cntper><cntorg>REQUIRED: The organization responsible for the metadata information.</cntorg></cntorgp><cntaddr><addrtype>REQUIRED: The mailing and/or physical address for the organization or individual.</addrtype><city>REQUIRED: The city of the address.</city><state>REQUIRED: The state or province of the address.</state><postal>REQUIRED: The ZIP or other postal code of the address.</postal></cntaddr><cntvoice>REQUIRED: The telephone number by which individuals can speak to the organization or individual.</cntvoice></cntinfo></metc><metd Sync="TRUE">20120215</metd><metextns><onlink Sync="TRUE">http://www.esri.com/metadata/esriprof80.html</onlink><metprof Sync="TRUE">ESRI Metadata Profile</metprof></metextns></metainfo><mdLang><languageCode Sync="TRUE" value="es"></languageCode></mdLang><mdStanName Sync="TRUE">ISO 19115 Geographic Information - Metadata</mdStanName><mdStanVer Sync="TRUE">DIS_ESRI1.0</mdStanVer><mdChar><CharSetCd Sync="TRUE" value="004"></CharSetCd></mdChar><mdHrLv><ScopeCd Sync="TRUE" value="005"></ScopeCd></mdHrLv><mdHrLvName Sync="TRUE">dataset</mdHrLvName><distinfo><resdesc Sync="TRUE">Downloadable Data</resdesc><stdorder><digform><digtinfo><transize Sync="TRUE">1,424</transize><dssize Sync="TRUE">1,424</dssize></digtinfo></digform></stdorder></distinfo><distInfo><distributor><distorTran><onLineSrc><orDesc Sync="TRUE">002</orDesc><linkage Sync="TRUE">file://\\10.50.44.16\subse-usit\0_PASAR INFO\INFO_ASI\ENTREGAR_CATASTRO_13-02-2012___para_Fernando\TEMATICO\linea ferrocarril_1991.shp</linkage><protocol Sync="TRUE">Local Area Network</protocol></onLineSrc><transSize Sync="TRUE">1,424</transSize></distorTran><distorFormat><formatName Sync="TRUE">Shapefile</formatName><formatVer>1</formatVer></distorFormat><distorCont><rpIndName>Secretaria de Planeamiento</rpIndName><rpPosName>Catastro</rpPosName><rpCntInfo><cntAddress><delPoint>Carlos Pellegrini 211 8P</delPoint><city>Ciudad Autónoma de Buenos Aires</city><postCode>C1002AAT</postCode><country>ar</country></cntAddress><cntPhone><voiceNum>(5411) 4323-8000</voiceNum><faxNum>(5411) 4323-8000</faxNum></cntPhone></rpCntInfo><role><RoleCd value="005"></RoleCd></role></distorCont></distributor></distInfo><spdoinfo><direct Sync="TRUE">Vector</direct><ptvctinf><esriterm Name="linea ferrocarril_1991"><efeatyp Sync="TRUE">Simple</efeatyp><efeageom Sync="TRUE">Polyline</efeageom><esritopo Sync="TRUE">FALSE</esritopo><efeacnt Sync="TRUE">23</efeacnt><spindex Sync="TRUE">FALSE</spindex><linrefer Sync="TRUE">FALSE</linrefer></esriterm><sdtsterm Name="linea ferrocarril_1991"><sdtstype Sync="TRUE">String</sdtstype><ptvctcnt Sync="TRUE">23</ptvctcnt></sdtsterm></ptvctinf></spdoinfo><spatRepInfo><VectSpatRep><topLvl><TopoLevCd Sync="TRUE" value="001"></TopoLevCd></topLvl><geometObjs Name="linea ferrocarril_1991"><geoObjTyp><GeoObjTypCd Sync="TRUE" value="001"></GeoObjTypCd></geoObjTyp><geoObjCnt Sync="TRUE">23</geoObjCnt></geometObjs></VectSpatRep></spatRepInfo><eainfo><detailed Name="linea ferrocarril_1991"><enttyp><enttypl Sync="TRUE">linea ferrocarril_1991</enttypl><enttypt Sync="TRUE">Feature Class</enttypt><enttypc Sync="TRUE">23</enttypc></enttyp><attr><attrlabl Sync="TRUE">FID</attrlabl><attalias Sync="TRUE">FID</attalias><attrtype Sync="TRUE">OID</attrtype><attwidth Sync="TRUE">4</attwidth><atprecis Sync="TRUE">0</atprecis><attscale Sync="TRUE">0</attscale><attrdef Sync="TRUE">Internal feature number.</attrdef><attrdefs Sync="TRUE">ESRI</attrdefs><attrdomv><udom Sync="TRUE">Sequential unique whole numbers that are automatically generated.</udom></attrdomv></attr><attr><attrlabl Sync="TRUE">Shape</attrlabl><attalias Sync="TRUE">Shape</attalias><attrtype Sync="TRUE">Geometry</attrtype><attwidth Sync="TRUE">0</attwidth><atprecis Sync="TRUE">0</atprecis><attscale Sync="TRUE">0</attscale><attrdef Sync="TRUE">Feature geometry.</attrdef><attrdefs Sync="TRUE">ESRI</attrdefs><attrdomv><udom Sync="TRUE">Coordinates defining the features.</udom></attrdomv></attr><attr><attrlabl Sync="TRUE">ID</attrlabl><attalias Sync="TRUE">ID</attalias><attrtype Sync="TRUE">Number</attrtype><attwidth Sync="TRUE">4</attwidth></attr><attr><attrlabl Sync="TRUE">EMPRESA</attrlabl><attalias Sync="TRUE">EMPRESA</attalias><attrtype Sync="TRUE">String</attrtype><attwidth Sync="TRUE">60</attwidth></attr><attr><attrlabl Sync="TRUE">LINEA</attrlabl><attalias Sync="TRUE">LINEA</attalias><attrtype Sync="TRUE">String</attrtype><attwidth Sync="TRUE">30</attwidth></attr><attr><attrlabl Sync="TRUE">LINEA_2</attrlabl><attalias Sync="TRUE">LINEA_2</attalias><attrtype Sync="TRUE">String</attrtype><attwidth Sync="TRUE">30</attwidth></attr><attr><attrlabl Sync="TRUE">RAMAL</attrlabl><attalias Sync="TRUE">RAMAL</attalias><attrtype Sync="TRUE">String</attrtype><attwidth Sync="TRUE">100</attwidth></attr></detailed></eainfo><mdDateSt Sync="TRUE">20120215</mdDateSt><mdContact><rpIndName>Secretaria de Planeamiento</rpIndName><rpPosName>Catastro</rpPosName><rpCntInfo><cntAddress><delPoint>Carlos Pellegrini 211 8P</delPoint><city>Ciudad Autónoma de Buenos Aires</city><postCode>C1002AAT</postCode><country>ar</country></cntAddress><cntPhone><voiceNum>(5411) 4323-8000</voiceNum><faxNum>(5411) 4323-8000</faxNum></cntPhone></rpCntInfo><role><RoleCd value="006"></RoleCd></role></mdContact><dqInfo><dataLineage><statement>A continuación se listaran los campos y se hara una breve descripción: Id (tipo entero): indentificador unico para cada arco. Empresa (tipo string): nombre de la empresa concesionaria. Linea (tipo string): nombre oficial de la linea. Linea_2 (tipo string): nombre coloquial de la linea. Ramal (tipo string): lugar de inicio y fin del ramal</statement></dataLineage><dqScope><scpLvl><ScopeCd value="005"></ScopeCd></scpLvl></dqScope></dqInfo><spref><horizsys><cordsysn><geogcsn Sync="TRUE">GCS_Campo_Inchauspe</geogcsn><projcsn Sync="TRUE">Argentina_GKBsAs</projcsn></cordsysn><planar><planci><plance Sync="TRUE">coordinate pair</plance><plandu Sync="TRUE">meters</plandu><coordrep><absres Sync="TRUE">0.000000</absres><ordres Sync="TRUE">0.000000</ordres></coordrep></planci><mapproj><mapprojn Sync="TRUE">Transverse Mercator</mapprojn><transmer><sfctrmer Sync="TRUE">0.999998</sfctrmer><longcm Sync="TRUE">-58.462700</longcm><latprjo Sync="TRUE">-34.629717</latprjo><feast Sync="TRUE">100000.000000</feast><fnorth Sync="TRUE">100000.000000</fnorth></transmer></mapproj></planar><geodetic><horizdn Sync="TRUE">D_Campo_Inchauspe</horizdn><ellips Sync="TRUE">International_1924</ellips><semiaxis Sync="TRUE">6378388.000000</semiaxis><denflat Sync="TRUE">297.000000</denflat></geodetic></horizsys></spref><refSysInfo><RefSystem><refSysID><identCode Sync="TRUE">Argentina_GKBsAs</identCode></refSysID></RefSystem></refSysInfo></metadata>
