,Código,0-4,5-9,10-14,15-19,20-24,25-29,30-34,35-39,40-44,45-49,50-54,55-59,60-64,65-69,70-74,75-79,80-84,85-89,90-94,95 y más,Total
0,0200101,22.0,16.0,10.0,26.0,46.0,47.0,41.0,33.0,20.0,30.0,18.0,11.0,5.0,8.0,1.0,2.0,0.0,0.0,0.0,0.0,336.0
1,0200102,1263.0,1041.0,1051.0,1148.0,1399.0,1271.0,982.0,802.0,679.0,600.0,384.0,290.0,159.0,90.0,43.0,29.0,10.0,2.0,0.0,0.0,11243.0
2,0200103,2189.0,1595.0,1324.0,1289.0,2203.0,2060.0,1657.0,1286.0,849.0,542.0,386.0,234.0,136.0,64.0,42.0,23.0,6.0,5.0,0.0,4.0,15894.0
3,0200104,489.0,447.0,424.0,545.0,763.0,809.0,715.0,679.0,560.0,604.0,687.0,699.0,684.0,573.0,454.0,427.0,391.0,243.0,127.0,46.0,10366.0
4,0200105,240.0,209.0,225.0,276.0,525.0,470.0,362.0,344.0,280.0,295.0,326.0,344.0,339.0,328.0,195.0,208.0,231.0,141.0,60.0,16.0,5414.0
5,0200106,279.0,218.0,231.0,306.0,524.0,571.0,470.0,432.0,436.0,429.0,432.0,484.0,553.0,489.0,428.0,312.0,258.0,171.0,81.0,24.0,7128.0
6,0200107,143.0,132.0,157.0,173.0,517.0,713.0,767.0,676.0,532.0,561.0,542.0,495.0,493.0,373.0,279.0,185.0,144.0,84.0,32.0,13.0,7011.0
7,0200108,240.0,204.0,216.0,402.0,797.0,872.0,651.0,453.0,456.0,455.0,531.0,527.0,523.0,465.0,372.0,285.0,280.0,178.0,84.0,30.0,8021.0
8,0200109,276.0,262.0,223.0,356.0,742.0,979.0,826.0,622.0,521.0,489.0,502.0,504.0,408.0,344.0,243.0,183.0,139.0,92.0,25.0,10.0,7746.0
9,0200110,244.0,228.0,214.0,350.0,778.0,822.0,651.0,463.0,382.0,389.0,435.0,409.0,397.0,326.0,282.0,221.0,199.0,126.0,45.0,20.0,6981.0
10,0200111,256.0,218.0,351.0,366.0,850.0,998.0,841.0,613.0,446.0,483.0,466.0,454.0,438.0,362.0,298.0,199.0,193.0,105.0,40.0,17.0,7994.0
11,0200112,196.0,169.0,217.0,269.0,665.0,832.0,687.0,485.0,480.0,448.0,499.0,396.0,353.0,276.0,202.0,164.0,122.0,62.0,25.0,5.0,6552.0
12,0200113,544.0,351.0,313.0,305.0,597.0,702.0,673.0,676.0,489.0,392.0,423.0,374.0,397.0,225.0,126.0,70.0,41.0,20.0,6.0,2.0,6726.0
13,0200114,339.0,283.0,265.0,372.0,542.0,671.0,621.0,546.0,455.0,392.0,356.0,306.0,287.0,229.0,196.0,142.0,115.0,65.0,34.0,9.0,6225.0
14,0200115,322.0,310.0,311.0,416.0,713.0,803.0,661.0,555.0,506.0,472.0,475.0,399.0,329.0,291.0,226.0,203.0,135.0,80.0,32.0,11.0,7250.0
15,0200116,276.0,276.0,260.0,312.0,715.0,756.0,672.0,483.0,426.0,390.0,418.0,402.0,382.0,308.0,247.0,190.0,164.0,108.0,41.0,13.0,6839.0
16,0200117,332.0,278.0,268.0,356.0,677.0,750.0,696.0,537.0,417.0,391.0,402.0,374.0,365.0,292.0,220.0,223.0,162.0,100.0,42.0,4.0,6886.0
17,0200118,326.0,312.0,290.0,341.0,635.0,703.0,669.0,555.0,433.0,393.0,431.0,358.0,333.0,307.0,238.0,232.0,187.0,100.0,34.0,8.0,6885.0
18,0200119,267.0,235.0,286.0,342.0,487.0,629.0,550.0,515.0,382.0,366.0,332.0,283.0,275.0,255.0,188.0,192.0,131.0,73.0,31.0,10.0,5829.0
19,0200120,324.0,346.0,351.0,378.0,478.0,581.0,572.0,496.0,463.0,410.0,417.0,351.0,330.0,304.0,220.0,224.0,203.0,140.0,56.0,18.0,6662.0
20,0200121,385.0,368.0,372.0,373.0,636.0,698.0,632.0,548.0,444.0,411.0,449.0,360.0,340.0,277.0,222.0,211.0,145.0,102.0,37.0,6.0,7016.0
21,0200122,303.0,293.0,286.0,350.0,540.0,708.0,685.0,545.0,430.0,403.0,401.0,411.0,340.0,277.0,231.0,209.0,219.0,136.0,69.0,35.0,6871.0
22,0200123,247.0,228.0,218.0,302.0,523.0,603.0,550.0,421.0,338.0,337.0,354.0,356.0,320.0,287.0,251.0,171.0,132.0,107.0,37.0,4.0,5786.0
23,0200124,173.0,147.0,108.0,151.0,270.0,353.0,350.0,315.0,228.0,214.0,199.0,206.0,193.0,146.0,125.0,124.0,93.0,48.0,9.0,4.0,3456.0
24,0200125,335.0,303.0,296.0,296.0,436.0,569.0,569.0,515.0,370.0,382.0,332.0,368.0,368.0,332.0,224.0,212.0,176.0,103.0,54.0,13.0,6253.0
25,0200126,229.0,243.0,208.0,251.0,413.0,431.0,450.0,348.0,299.0,285.0,329.0,283.0,251.0,249.0,178.0,197.0,165.0,105.0,37.0,7.0,4958.0
26,0200127,430.0,452.0,446.0,448.0,611.0,708.0,649.0,559.0,487.0,448.0,442.0,409.0,349.0,266.0,226.0,207.0,133.0,94.0,46.0,22.0,7432.0
27,0200128,538.0,482.0,487.0,531.0,736.0,718.0,696.0,625.0,595.0,563.0,533.0,451.0,404.0,318.0,264.0,259.0,193.0,119.0,42.0,4.0,8558.0
28,0200129,462.0,503.0,505.0,552.0,676.0,594.0,548.0,540.0,496.0,469.0,490.0,434.0,318.0,266.0,216.0,193.0,145.0,102.0,47.0,12.0,7568.0
29,0200201,58.0,72.0,69.0,60.0,54.0,57.0,54.0,57.0,29.0,34.0,28.0,14.0,10.0,8.0,5.0,8.0,5.0,1.0,0.0,0.0,623.0
30,0200202,180.0,156.0,183.0,262.0,378.0,311.0,287.0,258.0,278.0,308.0,275.0,338.0,320.0,324.0,264.0,182.0,156.0,116.0,54.0,17.0,4647.0
31,0200203,173.0,182.0,184.0,261.0,528.0,481.0,340.0,289.0,283.0,267.0,335.0,331.0,362.0,336.0,255.0,212.0,175.0,109.0,42.0,13.0,5158.0
32,0200204,248.0,219.0,193.0,299.0,482.0,496.0,397.0,366.0,322.0,370.0,382.0,455.0,572.0,465.0,395.0,283.0,248.0,179.0,79.0,21.0,6471.0
33,0200205,266.0,259.0,253.0,343.0,549.0,533.0,366.0,358.0,353.0,358.0,443.0,453.0,483.0,390.0,325.0,267.0,237.0,179.0,85.0,34.0,6534.0
34,0200206,260.0,297.0,270.0,345.0,574.0,520.0,433.0,372.0,349.0,363.0,389.0,427.0,391.0,385.0,311.0,228.0,240.0,148.0,69.0,25.0,6396.0
35,0200207,289.0,283.0,269.0,353.0,712.0,613.0,472.0,407.0,396.0,371.0,411.0,469.0,478.0,394.0,357.0,294.0,258.0,165.0,71.0,36.0,7098.0
36,0200208,290.0,280.0,284.0,420.0,856.0,805.0,618.0,472.0,382.0,411.0,428.0,508.0,539.0,430.0,342.0,308.0,254.0,173.0,85.0,32.0,7917.0
37,0200209,321.0,324.0,334.0,486.0,963.0,917.0,734.0,530.0,426.0,503.0,486.0,495.0,529.0,417.0,369.0,339.0,273.0,175.0,91.0,24.0,8736.0
38,0200210,273.0,246.0,229.0,337.0,744.0,788.0,638.0,475.0,342.0,357.0,355.0,352.0,367.0,334.0,278.0,196.0,177.0,129.0,49.0,14.0,6680.0
39,0200211,240.0,206.0,175.0,292.0,584.0,635.0,518.0,405.0,332.0,306.0,295.0,344.0,353.0,278.0,203.0,183.0,126.0,89.0,55.0,13.0,5632.0
40,0200212,260.0,206.0,198.0,290.0,656.0,700.0,623.0,420.0,337.0,292.0,355.0,340.0,332.0,343.0,266.0,233.0,177.0,116.0,51.0,11.0,6206.0
41,0200213,306.0,301.0,277.0,398.0,813.0,923.0,753.0,562.0,422.0,426.0,418.0,422.0,445.0,379.0,301.0,243.0,206.0,127.0,65.0,18.0,7805.0
42,0200214,344.0,275.0,302.0,473.0,1038.0,966.0,668.0,503.0,455.0,429.0,451.0,484.0,464.0,415.0,332.0,294.0,254.0,172.0,71.0,22.0,8412.0
43,0200215,248.0,238.0,184.0,329.0,656.0,673.0,477.0,383.0,320.0,301.0,340.0,329.0,336.0,363.0,256.0,218.0,191.0,120.0,60.0,22.0,6044.0
44,0200216,195.0,189.0,203.0,289.0,543.0,486.0,413.0,333.0,279.0,287.0,336.0,338.0,353.0,322.0,265.0,190.0,190.0,144.0,62.0,26.0,5443.0
45,0200217,221.0,238.0,252.0,404.0,986.0,929.0,616.0,429.0,382.0,388.0,417.0,423.0,446.0,387.0,275.0,290.0,268.0,159.0,78.0,30.0,7618.0
46,0200218,304.0,226.0,201.0,344.0,806.0,733.0,588.0,397.0,332.0,335.0,373.0,393.0,385.0,332.0,299.0,253.0,260.0,188.0,75.0,27.0,6851.0
47,0200219,260.0,261.0,242.0,330.0,683.0,765.0,618.0,445.0,328.0,312.0,333.0,305.0,323.0,240.0,234.0,213.0,195.0,120.0,64.0,20.0,6291.0
48,0200220,260.0,206.0,181.0,293.0,684.0,769.0,573.0,448.0,300.0,269.0,274.0,288.0,290.0,241.0,201.0,174.0,145.0,98.0,38.0,22.0,5754.0
49,0200221,188.0,181.0,178.0,315.0,762.0,659.0,496.0,308.0,271.0,314.0,319.0,337.0,337.0,326.0,239.0,181.0,157.0,118.0,48.0,14.0,5748.0
50,0200222,145.0,147.0,142.0,210.0,563.0,594.0,450.0,331.0,216.0,257.0,271.0,230.0,255.0,251.0,182.0,176.0,148.0,98.0,56.0,18.0,4740.0
51,0200223,267.0,215.0,235.0,373.0,748.0,655.0,557.0,399.0,380.0,350.0,412.0,389.0,400.0,368.0,302.0,268.0,214.0,162.0,53.0,34.0,6781.0
52,0200224,184.0,175.0,166.0,289.0,600.0,556.0,439.0,307.0,261.0,320.0,323.0,348.0,319.0,328.0,256.0,238.0,204.0,139.0,66.0,16.0,5534.0
53,0200225,440.0,314.0,282.0,444.0,1092.0,1122.0,978.0,662.0,493.0,434.0,448.0,434.0,402.0,338.0,311.0,230.0,207.0,126.0,44.0,12.0,8813.0
54,0200301,439.0,420.0,381.0,448.0,779.0,874.0,809.0,643.0,482.0,380.0,364.0,352.0,353.0,288.0,249.0,203.0,178.0,90.0,34.0,5.0,7771.0
55,0200302,632.0,564.0,531.0,555.0,914.0,884.0,823.0,629.0,571.0,536.0,464.0,452.0,423.0,339.0,296.0,250.0,215.0,116.0,43.0,25.0,9262.0
56,0200303,521.0,464.0,444.0,457.0,844.0,795.0,636.0,498.0,454.0,507.0,420.0,433.0,322.0,360.0,284.0,271.0,235.0,110.0,52.0,18.0,8125.0
57,0200304,277.0,265.0,251.0,328.0,629.0,690.0,437.0,391.0,322.0,302.0,274.0,277.0,242.0,201.0,173.0,146.0,105.0,78.0,30.0,6.0,5424.0
58,0200305,184.0,159.0,177.0,279.0,700.0,614.0,457.0,324.0,234.0,238.0,273.0,222.0,230.0,191.0,149.0,122.0,136.0,57.0,23.0,12.0,4781.0
59,0200306,145.0,145.0,135.0,232.0,495.0,528.0,405.0,269.0,246.0,243.0,246.0,257.0,227.0,190.0,152.0,162.0,147.0,89.0,37.0,15.0,4365.0
60,0200307,259.0,233.0,208.0,304.0,691.0,722.0,648.0,432.0,383.0,371.0,363.0,389.0,324.0,315.0,244.0,233.0,171.0,121.0,39.0,16.0,6466.0
61,0200308,295.0,278.0,292.0,315.0,521.0,527.0,491.0,423.0,351.0,382.0,366.0,332.0,298.0,237.0,196.0,168.0,167.0,90.0,32.0,5.0,5766.0
62,0200309,406.0,400.0,359.0,380.0,642.0,716.0,670.0,616.0,461.0,421.0,398.0,417.0,346.0,315.0,219.0,228.0,192.0,96.0,32.0,17.0,7331.0
63,0200310,321.0,308.0,291.0,316.0,515.0,581.0,540.0,481.0,407.0,378.0,343.0,324.0,341.0,283.0,211.0,189.0,155.0,96.0,42.0,14.0,6136.0
64,0200311,314.0,263.0,269.0,370.0,675.0,695.0,614.0,494.0,404.0,417.0,400.0,389.0,409.0,340.0,259.0,224.0,185.0,114.0,53.0,13.0,6901.0
65,0200312,316.0,243.0,226.0,309.0,579.0,648.0,646.0,507.0,436.0,388.0,374.0,376.0,356.0,337.0,281.0,254.0,219.0,125.0,54.0,15.0,6689.0
66,0200313,411.0,350.0,327.0,355.0,591.0,752.0,719.0,584.0,435.0,468.0,447.0,440.0,362.0,343.0,291.0,294.0,268.0,143.0,53.0,15.0,7648.0
67,0200314,419.0,377.0,350.0,448.0,641.0,745.0,697.0,637.0,560.0,515.0,510.0,443.0,437.0,351.0,270.0,228.0,195.0,111.0,41.0,19.0,7994.0
68,0200315,357.0,321.0,308.0,377.0,627.0,709.0,668.0,590.0,528.0,473.0,435.0,445.0,419.0,323.0,266.0,227.0,177.0,112.0,35.0,13.0,7410.0
69,0200316,439.0,397.0,385.0,432.0,628.0,691.0,683.0,587.0,515.0,466.0,439.0,391.0,367.0,292.0,247.0,210.0,178.0,95.0,25.0,9.0,7476.0
70,0200317,436.0,440.0,418.0,445.0,640.0,692.0,687.0,568.0,503.0,395.0,388.0,341.0,312.0,253.0,229.0,178.0,158.0,102.0,31.0,7.0,7223.0
71,0200318,379.0,362.0,339.0,420.0,553.0,586.0,607.0,599.0,432.0,433.0,396.0,430.0,355.0,309.0,251.0,220.0,194.0,96.0,33.0,16.0,7010.0
72,0200319,383.0,395.0,378.0,436.0,628.0,644.0,744.0,619.0,483.0,467.0,482.0,465.0,376.0,345.0,279.0,239.0,225.0,131.0,53.0,13.0,7785.0
73,0200320,329.0,310.0,316.0,315.0,589.0,711.0,660.0,584.0,465.0,431.0,401.0,416.0,411.0,344.0,304.0,320.0,229.0,154.0,63.0,11.0,7363.0
74,0200321,306.0,325.0,306.0,394.0,544.0,582.0,605.0,505.0,458.0,454.0,435.0,434.0,430.0,348.0,332.0,258.0,221.0,161.0,52.0,15.0,7165.0
75,0200322,336.0,317.0,337.0,381.0,534.0,569.0,550.0,513.0,425.0,396.0,447.0,380.0,347.0,256.0,212.0,219.0,168.0,94.0,40.0,13.0,6534.0
76,0200323,430.0,413.0,437.0,417.0,550.0,646.0,616.0,585.0,513.0,450.0,434.0,416.0,401.0,396.0,322.0,247.0,220.0,97.0,31.0,20.0,7641.0
77,0200324,347.0,336.0,305.0,319.0,409.0,523.0,536.0,496.0,432.0,381.0,375.0,383.0,360.0,275.0,243.0,235.0,227.0,130.0,39.0,20.0,6371.0
78,0200325,507.0,450.0,445.0,441.0,569.0,617.0,714.0,700.0,550.0,502.0,471.0,409.0,382.0,279.0,241.0,213.0,176.0,90.0,27.0,6.0,7789.0
79,0200326,353.0,367.0,400.0,386.0,507.0,551.0,611.0,533.0,452.0,423.0,424.0,452.0,429.0,323.0,232.0,221.0,177.0,106.0,52.0,13.0,7012.0
80,0200327,348.0,325.0,371.0,352.0,529.0,502.0,511.0,426.0,396.0,362.0,400.0,366.0,326.0,262.0,188.0,175.0,153.0,72.0,26.0,9.0,6099.0
81,0200401,647.0,655.0,676.0,660.0,786.0,666.0,770.0,593.0,617.0,560.0,491.0,439.0,373.0,353.0,283.0,282.0,197.0,86.0,25.0,11.0,9170.0
82,0200402,516.0,488.0,495.0,512.0,615.0,563.0,607.0,539.0,461.0,467.0,500.0,428.0,399.0,320.0,284.0,313.0,236.0,140.0,42.0,11.0,7936.0
83,0200403,628.0,628.0,677.0,695.0,849.0,751.0,857.0,767.0,678.0,684.0,629.0,564.0,578.0,475.0,443.0,408.0,292.0,175.0,45.0,12.0,10835.0
84,0200404,536.0,588.0,531.0,576.0,653.0,713.0,743.0,657.0,596.0,592.0,584.0,519.0,481.0,421.0,351.0,314.0,267.0,119.0,41.0,15.0,9297.0
85,0200405,671.0,711.0,680.0,712.0,855.0,790.0,835.0,785.0,678.0,650.0,603.0,613.0,539.0,419.0,358.0,313.0,319.0,153.0,77.0,22.0,10783.0
86,0200406,565.0,488.0,513.0,531.0,643.0,702.0,790.0,677.0,600.0,549.0,546.0,534.0,522.0,389.0,314.0,300.0,189.0,127.0,35.0,8.0,9022.0
87,0200407,749.0,693.0,665.0,651.0,790.0,925.0,913.0,839.0,740.0,675.0,665.0,629.0,555.0,474.0,431.0,370.0,312.0,182.0,70.0,22.0,11350.0
88,0200408,593.0,706.0,617.0,636.0,732.0,875.0,845.0,825.0,688.0,583.0,555.0,510.0,431.0,381.0,283.0,243.0,198.0,92.0,34.0,3.0,9830.0
89,0200409,378.0,394.0,418.0,456.0,496.0,392.0,419.0,352.0,326.0,327.0,355.0,279.0,209.0,184.0,166.0,139.0,107.0,45.0,11.0,4.0,5457.0
90,0200410,1271.0,1037.0,1039.0,1095.0,1467.0,1288.0,1065.0,856.0,702.0,473.0,378.0,263.0,173.0,100.0,81.0,52.0,28.0,11.0,3.0,0.0,11382.0
91,0200411,485.0,483.0,538.0,514.0,581.0,587.0,561.0,503.0,450.0,433.0,439.0,415.0,334.0,330.0,244.0,217.0,168.0,89.0,35.0,7.0,7413.0
92,0200412,404.0,476.0,417.0,537.0,639.0,628.0,643.0,567.0,534.0,510.0,463.0,485.0,421.0,351.0,285.0,235.0,207.0,117.0,39.0,8.0,7966.0
93,0200413,461.0,415.0,381.0,382.0,447.0,554.0,656.0,580.0,470.0,437.0,449.0,505.0,458.0,387.0,291.0,248.0,222.0,124.0,49.0,9.0,7525.0
94,0200414,319.0,346.0,368.0,375.0,491.0,556.0,567.0,461.0,483.0,392.0,441.0,407.0,328.0,268.0,227.0,206.0,184.0,102.0,27.0,9.0,6557.0
95,0200415,366.0,370.0,376.0,367.0,405.0,533.0,636.0,515.0,445.0,425.0,502.0,500.0,492.0,383.0,336.0,283.0,221.0,154.0,52.0,7.0,7368.0
96,0200416,465.0,512.0,503.0,575.0,693.0,726.0,737.0,658.0,574.0,588.0,582.0,535.0,505.0,433.0,318.0,213.0,160.0,82.0,30.0,5.0,8894.0
97,0200417,417.0,424.0,429.0,430.0,484.0,488.0,530.0,522.0,446.0,401.0,363.0,386.0,340.0,347.0,331.0,307.0,226.0,121.0,30.0,11.0,7033.0
98,0200418,1.0,0.0,0.0,0.0,7.0,7.0,11.0,12.0,9.0,7.0,9.0,5.0,6.0,0.0,0.0,0.0,0.0,0.0,0.0,0.0,74.0
99,0200419,848.0,769.0,814.0,834.0,841.0,870.0,777.0,624.0,574.0,502.0,516.0,425.0,327.0,296.0,194.0,179.0,134.0,75.0,20.0,6.0,9625.0
100,0200420,714.0,743.0,777.0,795.0,871.0,881.0,802.0,724.0,616.0,567.0,600.0,561.0,448.0,362.0,329.0,268.0,215.0,100.0,32.0,9.0,10414.0
101,0200421,688.0,732.0,794.0,801.0,847.0,766.0,714.0,644.0,554.0,494.0,482.0,390.0,339.0,233.0,191.0,169.0,131.0,75.0,27.0,2.0,9073.0
102,0200422,547.0,535.0,496.0,538.0,624.0,791.0,789.0,740.0,603.0,559.0,578.0,525.0,485.0,444.0,346.0,317.0,239.0,139.0,52.0,13.0,9360.0
103,0200423,578.0,581.0,610.0,661.0,702.0,703.0,664.0,644.0,555.0,503.0,478.0,455.0,403.0,321.0,279.0,214.0,185.0,112.0,54.0,15.0,8717.0
104,0200424,959.0,887.0,973.0,1004.0,1022.0,888.0,753.0,690.0,559.0,403.0,329.0,233.0,192.0,127.0,88.0,34.0,18.0,4.0,0.0,1.0,9164.0
105,0200425,1358.0,997.0,941.0,1116.0,1307.0,1274.0,980.0,752.0,585.0,432.0,290.0,214.0,107.0,88.0,41.0,41.0,16.0,1.0,2.0,3.0,10545.0
106,0200426,425.0,394.0,378.0,375.0,342.0,297.0,264.0,224.0,189.0,136.0,128.0,99.0,70.0,64.0,37.0,21.0,8.0,1.0,3.0,0.0,3455.0
107,0200501,307.0,351.0,310.0,339.0,578.0,787.0,762.0,590.0,449.0,409.0,435.0,420.0,373.0,317.0,262.0,185.0,186.0,105.0,45.0,12.0,7222.0
108,0200502,427.0,409.0,351.0,486.0,771.0,867.0,795.0,694.0,564.0,461.0,413.0,427.0,385.0,359.0,263.0,233.0,209.0,132.0,51.0,28.0,8325.0
109,0200503,337.0,311.0,304.0,359.0,647.0,776.0,742.0,552.0,434.0,445.0,415.0,418.0,347.0,277.0,272.0,194.0,178.0,108.0,28.0,9.0,7153.0
110,0200504,327.0,287.0,254.0,364.0,535.0,733.0,753.0,564.0,460.0,395.0,450.0,462.0,394.0,354.0,264.0,236.0,250.0,159.0,69.0,23.0,7333.0
111,0200505,284.0,322.0,292.0,324.0,529.0,591.0,552.0,538.0,400.0,381.0,422.0,375.0,366.0,292.0,249.0,236.0,203.0,105.0,43.0,12.0,6516.0
112,0200506,387.0,333.0,372.0,429.0,533.0,668.0,692.0,565.0,525.0,486.0,520.0,489.0,463.0,412.0,354.0,291.0,236.0,128.0,53.0,10.0,7946.0
113,0200507,363.0,310.0,290.0,365.0,566.0,733.0,805.0,541.0,435.0,462.0,422.0,456.0,417.0,387.0,272.0,223.0,224.0,136.0,50.0,16.0,7473.0
114,0200508,386.0,335.0,291.0,356.0,567.0,695.0,735.0,616.0,498.0,466.0,468.0,455.0,479.0,388.0,330.0,270.0,243.0,145.0,63.0,11.0,7797.0
115,0200509,327.0,327.0,318.0,378.0,501.0,667.0,703.0,552.0,442.0,409.0,409.0,431.0,379.0,334.0,287.0,233.0,199.0,122.0,57.0,13.0,7088.0
116,0200510,431.0,338.0,356.0,364.0,541.0,717.0,752.0,604.0,521.0,434.0,500.0,458.0,442.0,402.0,303.0,300.0,257.0,157.0,77.0,11.0,7965.0
117,0200511,498.0,446.0,396.0,427.0,640.0,836.0,916.0,782.0,554.0,509.0,491.0,469.0,442.0,330.0,271.0,254.0,216.0,131.0,40.0,8.0,8656.0
118,0200512,322.0,286.0,261.0,326.0,554.0,597.0,664.0,507.0,408.0,421.0,413.0,424.0,419.0,375.0,290.0,284.0,233.0,150.0,62.0,22.0,7018.0
119,0200513,372.0,329.0,300.0,332.0,516.0,597.0,643.0,576.0,448.0,453.0,450.0,439.0,465.0,391.0,306.0,269.0,261.0,157.0,69.0,29.0,7402.0
120,0200514,395.0,378.0,357.0,393.0,553.0,723.0,759.0,622.0,546.0,484.0,495.0,401.0,478.0,377.0,329.0,319.0,336.0,189.0,87.0,26.0,8247.0
121,0200515,335.0,330.0,334.0,391.0,561.0,641.0,705.0,577.0,488.0,467.0,459.0,447.0,430.0,398.0,318.0,314.0,231.0,158.0,69.0,11.0,7664.0
122,0200516,477.0,472.0,524.0,512.0,662.0,796.0,814.0,750.0,625.0,585.0,561.0,477.0,478.0,400.0,338.0,303.0,244.0,129.0,49.0,21.0,9217.0
123,0200517,456.0,407.0,444.0,500.0,622.0,710.0,735.0,609.0,565.0,579.0,587.0,515.0,485.0,407.0,314.0,295.0,236.0,139.0,57.0,15.0,8677.0
124,0200518,436.0,475.0,419.0,449.0,567.0,704.0,747.0,636.0,564.0,499.0,475.0,524.0,470.0,354.0,305.0,259.0,235.0,162.0,56.0,16.0,8352.0
125,0200519,442.0,447.0,398.0,452.0,607.0,728.0,821.0,695.0,513.0,548.0,600.0,535.0,508.0,417.0,339.0,338.0,261.0,158.0,46.0,11.0,8864.0
126,0200520,622.0,642.0,606.0,655.0,814.0,855.0,849.0,842.0,658.0,668.0,706.0,645.0,515.0,484.0,361.0,304.0,245.0,147.0,53.0,16.0,10687.0
127,0200521,432.0,449.0,444.0,467.0,564.0,673.0,707.0,594.0,503.0,443.0,516.0,457.0,431.0,326.0,285.0,274.0,224.0,143.0,43.0,10.0,7985.0
128,0200522,643.0,675.0,674.0,722.0,870.0,854.0,818.0,896.0,816.0,748.0,741.0,648.0,584.0,450.0,411.0,323.0,302.0,172.0,51.0,20.0,11418.0
129,0200601,523.0,499.0,508.0,550.0,653.0,721.0,781.0,659.0,650.0,648.0,638.0,558.0,434.0,406.0,323.0,293.0,247.0,167.0,69.0,17.0,9344.0
130,0200602,545.0,498.0,532.0,615.0,638.0,718.0,715.0,760.0,620.0,656.0,648.0,600.0,505.0,422.0,318.0,286.0,224.0,126.0,54.0,27.0,9507.0
131,0200603,463.0,440.0,430.0,461.0,621.0,713.0,759.0,677.0,561.0,526.0,555.0,502.0,484.0,411.0,312.0,252.0,208.0,144.0,55.0,20.0,8594.0
132,0200604,457.0,427.0,412.0,464.0,573.0,697.0,726.0,655.0,574.0,554.0,565.0,522.0,474.0,349.0,286.0,278.0,236.0,171.0,75.0,28.0,8523.0
133,0200605,461.0,420.0,382.0,396.0,521.0,794.0,861.0,654.0,587.0,531.0,518.0,575.0,532.0,449.0,375.0,297.0,275.0,174.0,48.0,12.0,8862.0
134,0200606,448.0,346.0,345.0,401.0,581.0,678.0,776.0,699.0,569.0,538.0,534.0,494.0,463.0,416.0,335.0,303.0,316.0,182.0,75.0,18.0,8517.0
135,0200607,507.0,466.0,372.0,457.0,619.0,823.0,969.0,809.0,663.0,589.0,696.0,607.0,567.0,519.0,370.0,297.0,298.0,168.0,70.0,13.0,9879.0
136,0200608,428.0,362.0,350.0,378.0,512.0,793.0,831.0,648.0,526.0,471.0,468.0,487.0,459.0,369.0,281.0,262.0,249.0,170.0,70.0,23.0,8137.0
137,0200609,265.0,265.0,269.0,323.0,510.0,461.0,448.0,415.0,343.0,430.0,460.0,404.0,441.0,396.0,345.0,337.0,285.0,183.0,75.0,24.0,6679.0
138,0200610,399.0,327.0,236.0,312.0,514.0,682.0,769.0,655.0,479.0,430.0,480.0,451.0,479.0,412.0,376.0,322.0,287.0,168.0,70.0,17.0,7865.0
139,0200611,427.0,358.0,303.0,320.0,511.0,634.0,769.0,666.0,482.0,428.0,431.0,433.0,385.0,328.0,288.0,251.0,189.0,108.0,47.0,4.0,7362.0
140,0200612,395.0,356.0,327.0,323.0,467.0,656.0,754.0,611.0,447.0,433.0,462.0,425.0,433.0,351.0,307.0,312.0,272.0,145.0,62.0,9.0,7547.0
141,0200613,422.0,396.0,328.0,374.0,527.0,624.0,780.0,693.0,522.0,494.0,524.0,534.0,554.0,463.0,372.0,301.0,261.0,140.0,55.0,18.0,8382.0
142,0200614,456.0,401.0,369.0,393.0,566.0,691.0,781.0,730.0,573.0,507.0,530.0,502.0,472.0,397.0,320.0,277.0,237.0,107.0,71.0,27.0,8407.0
143,0200615,436.0,440.0,388.0,438.0,580.0,658.0,760.0,735.0,552.0,540.0,545.0,518.0,467.0,380.0,316.0,249.0,250.0,140.0,40.0,18.0,8450.0
144,0200616,666.0,575.0,497.0,478.0,639.0,803.0,999.0,949.0,680.0,700.0,693.0,612.0,670.0,448.0,338.0,309.0,244.0,154.0,54.0,12.0,10520.0
145,0200617,296.0,285.0,225.0,281.0,406.0,574.0,596.0,503.0,361.0,397.0,382.0,406.0,408.0,353.0,347.0,279.0,252.0,143.0,58.0,23.0,6575.0
146,0200618,272.0,281.0,266.0,359.0,519.0,544.0,490.0,490.0,403.0,435.0,509.0,564.0,545.0,434.0,381.0,372.0,356.0,217.0,77.0,28.0,7542.0
147,0200619,375.0,350.0,367.0,403.0,579.0,621.0,660.0,630.0,490.0,511.0,601.0,539.0,547.0,430.0,351.0,349.0,342.0,189.0,63.0,26.0,8423.0
148,0200620,353.0,431.0,326.0,376.0,467.0,582.0,629.0,582.0,522.0,493.0,541.0,478.0,439.0,397.0,310.0,283.0,228.0,145.0,44.0,16.0,7642.0
149,0200621,501.0,486.0,400.0,463.0,643.0,724.0,916.0,747.0,644.0,558.0,599.0,556.0,513.0,391.0,356.0,301.0,278.0,164.0,64.0,15.0,9319.0
150,0200701,490.0,437.0,428.0,436.0,606.0,611.0,577.0,490.0,432.0,395.0,414.0,378.0,362.0,306.0,262.0,217.0,231.0,160.0,64.0,24.0,7320.0
151,0200702,556.0,523.0,551.0,567.0,658.0,604.0,678.0,671.0,533.0,545.0,569.0,519.0,503.0,421.0,307.0,306.0,246.0,99.0,54.0,27.0,8937.0
152,0200703,524.0,519.0,512.0,498.0,645.0,748.0,790.0,679.0,603.0,632.0,578.0,518.0,516.0,456.0,321.0,287.0,275.0,156.0,66.0,17.0,9340.0
153,0200704,523.0,468.0,451.0,510.0,618.0,797.0,872.0,695.0,610.0,527.0,665.0,679.0,678.0,413.0,369.0,376.0,307.0,190.0,74.0,20.0,9842.0
154,0200705,318.0,354.0,378.0,378.0,515.0,552.0,522.0,486.0,448.0,437.0,503.0,496.0,451.0,398.0,372.0,345.0,299.0,203.0,71.0,25.0,7551.0
155,0200706,353.0,359.0,354.0,351.0,481.0,501.0,552.0,501.0,412.0,391.0,456.0,399.0,380.0,336.0,323.0,285.0,264.0,202.0,73.0,22.0,6995.0
156,0200707,444.0,397.0,348.0,391.0,484.0,597.0,654.0,580.0,445.0,443.0,482.0,401.0,444.0,377.0,382.0,386.0,341.0,215.0,94.0,24.0,7929.0
157,0200708,341.0,303.0,301.0,294.0,434.0,547.0,581.0,452.0,376.0,358.0,391.0,408.0,382.0,306.0,279.0,207.0,231.0,128.0,65.0,13.0,6397.0
158,0200709,398.0,365.0,356.0,388.0,523.0,595.0,655.0,579.0,500.0,437.0,459.0,462.0,462.0,389.0,341.0,328.0,263.0,145.0,62.0,20.0,7727.0
159,0200710,289.0,328.0,327.0,362.0,482.0,477.0,523.0,464.0,427.0,455.0,441.0,464.0,531.0,383.0,375.0,344.0,290.0,154.0,57.0,14.0,7187.0
160,0200711,372.0,370.0,350.0,478.0,552.0,652.0,667.0,576.0,470.0,598.0,589.0,529.0,498.0,450.0,369.0,391.0,358.0,223.0,84.0,40.0,8616.0
161,0200712,348.0,354.0,333.0,470.0,449.0,426.0,451.0,453.0,431.0,441.0,442.0,408.0,382.0,325.0,281.0,270.0,232.0,137.0,48.0,11.0,6692.0
162,0200713,488.0,553.0,507.0,566.0,680.0,666.0,726.0,683.0,655.0,659.0,654.0,609.0,596.0,510.0,442.0,354.0,267.0,178.0,68.0,16.0,9877.0
163,0200714,624.0,695.0,636.0,756.0,970.0,801.0,787.0,818.0,647.0,784.0,738.0,637.0,578.0,467.0,374.0,362.0,271.0,192.0,58.0,20.0,11215.0
164,0200715,655.0,635.0,655.0,661.0,766.0,792.0,740.0,698.0,630.0,568.0,601.0,575.0,487.0,498.0,377.0,326.0,254.0,118.0,41.0,8.0,10085.0
165,0200716,409.0,488.0,523.0,593.0,634.0,589.0,566.0,528.0,521.0,474.0,513.0,498.0,432.0,370.0,280.0,229.0,180.0,102.0,35.0,7.0,7971.0
166,0200717,2001.0,1580.0,1593.0,1560.0,2145.0,1945.0,1462.0,1202.0,933.0,622.0,365.0,188.0,109.0,63.0,44.0,19.0,9.0,6.0,1.0,0.0,15847.0
167,0200718,1571.0,1336.0,1226.0,1250.0,1509.0,1346.0,1202.0,926.0,676.0,478.0,367.0,304.0,236.0,145.0,66.0,43.0,16.0,9.0,5.0,0.0,12711.0
168,0200719,907.0,774.0,720.0,758.0,1028.0,932.0,714.0,547.0,456.0,468.0,451.0,350.0,213.0,170.0,107.0,98.0,47.0,19.0,4.0,0.0,8763.0
169,0200720,735.0,761.0,732.0,772.0,914.0,893.0,873.0,856.0,767.0,749.0,736.0,677.0,628.0,544.0,445.0,411.0,308.0,183.0,61.0,18.0,12063.0
170,0200721,511.0,492.0,453.0,458.0,621.0,701.0,859.0,741.0,644.0,603.0,641.0,612.0,569.0,552.0,445.0,385.0,318.0,197.0,81.0,15.0,9898.0
171,0200722,539.0,535.0,496.0,529.0,609.0,787.0,890.0,763.0,654.0,607.0,669.0,606.0,553.0,465.0,362.0,315.0,287.0,143.0,49.0,10.0,9868.0
172,0200723,384.0,364.0,340.0,337.0,483.0,498.0,577.0,611.0,478.0,420.0,422.0,442.0,397.0,327.0,262.0,243.0,244.0,130.0,58.0,15.0,7032.0
173,0200724,588.0,643.0,630.0,675.0,755.0,779.0,837.0,750.0,736.0,681.0,712.0,641.0,546.0,443.0,397.0,356.0,326.0,162.0,58.0,13.0,10728.0
174,0200801,2628.0,2218.0,1830.0,1923.0,2470.0,2306.0,1871.0,1560.0,1055.0,898.0,621.0,482.0,352.0,240.0,178.0,120.0,95.0,31.0,13.0,1.0,20892.0
175,0200802,522.0,584.0,574.0,596.0,534.0,576.0,588.0,534.0,508.0,399.0,407.0,398.0,426.0,351.0,299.0,263.0,219.0,89.0,26.0,3.0,7896.0
176,0200803,1003.0,812.0,845.0,898.0,1112.0,1017.0,833.0,741.0,647.0,545.0,478.0,394.0,318.0,301.0,232.0,215.0,118.0,76.0,15.0,6.0,10606.0
177,0200804,555.0,596.0,549.0,545.0,697.0,658.0,690.0,606.0,520.0,502.0,526.0,522.0,461.0,415.0,381.0,328.0,256.0,120.0,50.0,5.0,8982.0
178,0200805,585.0,559.0,563.0,692.0,682.0,708.0,718.0,609.0,506.0,584.0,578.0,528.0,435.0,447.0,386.0,356.0,248.0,113.0,42.0,7.0,9346.0
179,0200806,624.0,652.0,639.0,696.0,828.0,762.0,703.0,616.0,530.0,527.0,582.0,587.0,546.0,417.0,327.0,270.0,172.0,98.0,34.0,12.0,9622.0
180,0200807,3102.0,2564.0,2436.0,2380.0,2887.0,2619.0,2046.0,1755.0,1431.0,1006.0,757.0,490.0,332.0,207.0,125.0,74.0,32.0,16.0,7.0,2.0,24268.0
181,0200808,512.0,519.0,525.0,572.0,690.0,656.0,653.0,594.0,568.0,560.0,554.0,493.0,485.0,390.0,335.0,324.0,239.0,152.0,56.0,17.0,8894.0
182,0200809,434.0,470.0,472.0,452.0,555.0,554.0,577.0,543.0,480.0,447.0,446.0,447.0,422.0,353.0,328.0,294.0,202.0,110.0,39.0,10.0,7635.0
183,0200810,759.0,883.0,834.0,868.0,790.0,783.0,809.0,815.0,806.0,728.0,649.0,591.0,517.0,511.0,460.0,407.0,284.0,133.0,35.0,9.0,11671.0
184,0200811,651.0,690.0,770.0,850.0,907.0,754.0,768.0,691.0,690.0,710.0,677.0,665.0,597.0,506.0,411.0,339.0,266.0,129.0,31.0,5.0,11107.0
185,0200812,402.0,425.0,379.0,449.0,516.0,450.0,491.0,420.0,421.0,408.0,389.0,364.0,341.0,267.0,257.0,201.0,164.0,81.0,18.0,6.0,6449.0
186,0200813,368.0,387.0,359.0,343.0,433.0,463.0,444.0,397.0,354.0,339.0,321.0,275.0,298.0,231.0,226.0,214.0,159.0,70.0,24.0,8.0,5713.0
187,0200814,1368.0,1210.0,1229.0,1286.0,1413.0,1202.0,1036.0,880.0,795.0,690.0,562.0,477.0,439.0,331.0,278.0,247.0,165.0,73.0,28.0,10.0,13719.0
188,0200815,2263.0,1953.0,1891.0,1856.0,2059.0,1766.0,1507.0,1276.0,1008.0,787.0,597.0,391.0,282.0,191.0,126.0,82.0,50.0,30.0,8.0,2.0,18125.0
189,0200816,788.0,830.0,845.0,835.0,671.0,611.0,688.0,729.0,602.0,436.0,367.0,334.0,436.0,395.0,279.0,202.0,109.0,45.0,20.0,0.0,9222.0
190,0200817,190.0,200.0,187.0,204.0,179.0,197.0,259.0,237.0,203.0,181.0,171.0,129.0,142.0,163.0,167.0,145.0,71.0,49.0,11.0,5.0,3090.0
191,0200901,314.0,356.0,310.0,333.0,390.0,441.0,466.0,471.0,387.0,359.0,374.0,350.0,323.0,302.0,236.0,237.0,202.0,108.0,30.0,10.0,5999.0
192,0200902,586.0,574.0,529.0,543.0,590.0,709.0,835.0,812.0,689.0,568.0,646.0,597.0,545.0,453.0,384.0,381.0,297.0,214.0,61.0,22.0,10035.0
193,0200903,505.0,501.0,484.0,540.0,654.0,667.0,662.0,654.0,603.0,591.0,576.0,545.0,536.0,506.0,347.0,382.0,299.0,180.0,77.0,17.0,9326.0
194,0200904,481.0,542.0,496.0,554.0,556.0,616.0,707.0,669.0,580.0,585.0,554.0,521.0,506.0,512.0,420.0,391.0,255.0,132.0,47.0,10.0,9134.0
195,0200905,563.0,520.0,513.0,567.0,628.0,677.0,783.0,733.0,667.0,606.0,565.0,581.0,503.0,458.0,395.0,354.0,316.0,158.0,41.0,10.0,9638.0
196,0200906,649.0,620.0,596.0,629.0,708.0,780.0,912.0,873.0,715.0,623.0,649.0,644.0,556.0,498.0,417.0,394.0,318.0,174.0,55.0,13.0,10823.0
197,0200907,554.0,589.0,557.0,588.0,685.0,772.0,774.0,697.0,641.0,677.0,656.0,619.0,676.0,524.0,523.0,444.0,399.0,228.0,97.0,21.0,10721.0
198,0200908,666.0,707.0,688.0,743.0,846.0,784.0,854.0,743.0,722.0,682.0,719.0,674.0,631.0,496.0,414.0,410.0,251.0,174.0,55.0,8.0,11267.0
199,0200909,703.0,699.0,635.0,667.0,794.0,814.0,873.0,781.0,683.0,609.0,660.0,670.0,591.0,482.0,421.0,382.0,303.0,195.0,42.0,17.0,11021.0
200,0200910,549.0,542.0,531.0,582.0,603.0,702.0,720.0,622.0,610.0,568.0,576.0,498.0,510.0,421.0,375.0,331.0,285.0,152.0,70.0,21.0,9268.0
201,0200911,768.0,801.0,774.0,779.0,961.0,920.0,887.0,947.0,805.0,826.0,710.0,645.0,655.0,542.0,437.0,407.0,387.0,229.0,74.0,29.0,12583.0
202,0200912,625.0,648.0,620.0,708.0,785.0,726.0,751.0,768.0,670.0,638.0,645.0,562.0,483.0,437.0,387.0,371.0,291.0,167.0,35.0,13.0,10330.0
203,0200913,469.0,448.0,524.0,530.0,601.0,564.0,529.0,510.0,449.0,413.0,390.0,367.0,328.0,308.0,239.0,218.0,182.0,99.0,23.0,7.0,7198.0
204,0200914,1355.0,1297.0,1246.0,1309.0,1389.0,1243.0,1067.0,986.0,837.0,756.0,611.0,495.0,381.0,276.0,213.0,184.0,139.0,48.0,17.0,1.0,13850.0
205,0200915,602.0,635.0,683.0,659.0,704.0,711.0,712.0,678.0,616.0,558.0,549.0,457.0,492.0,417.0,349.0,308.0,216.0,104.0,32.0,11.0,9493.0
206,0200916,702.0,716.0,799.0,713.0,778.0,808.0,809.0,755.0,667.0,593.0,613.0,688.0,625.0,524.0,446.0,373.0,280.0,160.0,55.0,7.0,11111.0
207,0201001,346.0,379.0,345.0,354.0,426.0,440.0,470.0,457.0,424.0,400.0,419.0,417.0,370.0,306.0,306.0,270.0,245.0,113.0,31.0,6.0,6524.0
208,0201002,382.0,365.0,346.0,407.0,482.0,512.0,510.0,486.0,427.0,444.0,481.0,400.0,395.0,328.0,307.0,264.0,212.0,104.0,39.0,4.0,6895.0
209,0201003,369.0,338.0,339.0,364.0,443.0,384.0,447.0,442.0,396.0,441.0,376.0,370.0,349.0,285.0,279.0,290.0,211.0,118.0,24.0,13.0,6278.0
210,0201004,388.0,458.0,447.0,432.0,486.0,514.0,554.0,583.0,499.0,532.0,515.0,425.0,428.0,342.0,304.0,264.0,209.0,118.0,38.0,8.0,7544.0
211,0201005,598.0,682.0,591.0,685.0,717.0,772.0,859.0,833.0,691.0,711.0,721.0,676.0,670.0,523.0,481.0,449.0,352.0,215.0,62.0,13.0,11301.0
212,0201006,574.0,672.0,602.0,652.0,771.0,836.0,839.0,797.0,724.0,756.0,745.0,710.0,646.0,557.0,442.0,422.0,335.0,174.0,55.0,9.0,11318.0
213,0201007,638.0,569.0,548.0,714.0,761.0,847.0,942.0,800.0,624.0,672.0,740.0,703.0,637.0,488.0,427.0,357.0,300.0,169.0,63.0,5.0,11004.0
214,0201008,500.0,498.0,466.0,502.0,618.0,639.0,708.0,622.0,618.0,530.0,595.0,561.0,494.0,416.0,348.0,320.0,271.0,153.0,55.0,5.0,8919.0
215,0201009,533.0,499.0,455.0,508.0,579.0,616.0,706.0,639.0,577.0,511.0,542.0,480.0,440.0,380.0,335.0,286.0,229.0,121.0,57.0,16.0,8509.0
216,0201010,553.0,593.0,603.0,638.0,659.0,695.0,767.0,766.0,672.0,670.0,695.0,595.0,535.0,473.0,415.0,393.0,339.0,211.0,76.0,18.0,10366.0
217,0201011,609.0,595.0,558.0,569.0,757.0,795.0,812.0,717.0,576.0,496.0,560.0,569.0,544.0,396.0,307.0,298.0,244.0,152.0,53.0,13.0,9620.0
218,0201012,413.0,433.0,403.0,405.0,575.0,584.0,588.0,504.0,433.0,483.0,431.0,383.0,386.0,318.0,272.0,221.0,233.0,138.0,63.0,18.0,7284.0
219,0201013,391.0,428.0,454.0,489.0,600.0,632.0,597.0,556.0,500.0,542.0,530.0,539.0,524.0,403.0,359.0,313.0,294.0,231.0,84.0,31.0,8497.0
220,0201014,503.0,512.0,483.0,524.0,590.0,630.0,709.0,653.0,552.0,561.0,546.0,471.0,474.0,412.0,308.0,303.0,209.0,150.0,47.0,16.0,8653.0
221,0201015,354.0,372.0,385.0,474.0,539.0,511.0,509.0,463.0,434.0,455.0,492.0,520.0,389.0,331.0,239.0,226.0,200.0,100.0,35.0,11.0,7039.0
222,0201016,433.0,451.0,424.0,465.0,560.0,573.0,614.0,602.0,488.0,514.0,547.0,468.0,464.0,367.0,330.0,278.0,255.0,138.0,52.0,21.0,8044.0
223,0201017,487.0,487.0,524.0,536.0,615.0,618.0,661.0,583.0,549.0,556.0,542.0,562.0,437.0,331.0,324.0,267.0,237.0,125.0,46.0,13.0,8500.0
224,0201018,509.0,497.0,474.0,538.0,683.0,730.0,731.0,641.0,590.0,602.0,625.0,543.0,507.0,460.0,361.0,361.0,303.0,189.0,63.0,15.0,9422.0
225,0201019,662.0,575.0,539.0,557.0,807.0,911.0,920.0,803.0,593.0,596.0,603.0,575.0,488.0,397.0,367.0,363.0,286.0,184.0,70.0,9.0,10305.0
226,0201101,462.0,487.0,477.0,545.0,631.0,649.0,774.0,706.0,620.0,618.0,600.0,582.0,505.0,464.0,353.0,359.0,336.0,196.0,92.0,33.0,9489.0
227,0201102,456.0,500.0,529.0,585.0,656.0,627.0,628.0,662.0,621.0,644.0,658.0,629.0,566.0,441.0,360.0,359.0,261.0,152.0,44.0,20.0,9398.0
228,0201103,395.0,414.0,467.0,494.0,542.0,554.0,580.0,600.0,535.0,545.0,616.0,543.0,503.0,485.0,417.0,368.0,306.0,212.0,79.0,32.0,8687.0
229,0201104,505.0,507.0,524.0,600.0,676.0,645.0,656.0,664.0,685.0,693.0,660.0,616.0,625.0,516.0,484.0,412.0,409.0,274.0,101.0,26.0,10278.0
230,0201105,378.0,448.0,438.0,484.0,515.0,535.0,561.0,592.0,554.0,565.0,550.0,518.0,480.0,391.0,354.0,336.0,248.0,165.0,48.0,11.0,8171.0
231,0201106,507.0,499.0,453.0,500.0,621.0,704.0,801.0,640.0,567.0,581.0,577.0,528.0,498.0,421.0,399.0,374.0,271.0,162.0,37.0,5.0,9145.0
232,0201107,541.0,570.0,569.0,552.0,836.0,1080.0,1094.0,985.0,760.0,733.0,736.0,652.0,558.0,466.0,357.0,319.0,272.0,172.0,77.0,24.0,11353.0
233,0201108,358.0,389.0,363.0,409.0,488.0,537.0,521.0,531.0,473.0,474.0,537.0,489.0,438.0,370.0,307.0,295.0,237.0,180.0,55.0,12.0,7463.0
234,0201109,468.0,406.0,369.0,418.0,555.0,659.0,738.0,655.0,574.0,536.0,572.0,516.0,558.0,441.0,387.0,343.0,283.0,186.0,71.0,26.0,8761.0
235,0201110,427.0,440.0,388.0,393.0,488.0,731.0,806.0,647.0,560.0,534.0,474.0,509.0,501.0,441.0,341.0,307.0,261.0,158.0,59.0,10.0,8475.0
236,0201111,393.0,473.0,448.0,478.0,523.0,593.0,577.0,515.0,467.0,487.0,548.0,462.0,415.0,321.0,302.0,242.0,193.0,109.0,31.0,5.0,7582.0
237,0201112,342.0,385.0,412.0,400.0,448.0,478.0,556.0,525.0,445.0,468.0,445.0,431.0,371.0,343.0,274.0,256.0,201.0,110.0,50.0,14.0,6954.0
238,0201113,385.0,435.0,395.0,473.0,487.0,577.0,651.0,623.0,588.0,527.0,561.0,584.0,543.0,467.0,410.0,403.0,419.0,245.0,82.0,21.0,8876.0
239,0201114,411.0,404.0,384.0,367.0,452.0,465.0,549.0,558.0,425.0,449.0,458.0,421.0,438.0,420.0,278.0,259.0,232.0,136.0,48.0,8.0,7162.0
240,0201115,483.0,568.0,528.0,555.0,679.0,689.0,783.0,700.0,714.0,609.0,637.0,610.0,587.0,488.0,367.0,383.0,290.0,166.0,40.0,11.0,9887.0
241,0201116,488.0,487.0,429.0,439.0,504.0,507.0,665.0,639.0,546.0,495.0,476.0,419.0,424.0,364.0,306.0,280.0,239.0,122.0,39.0,8.0,7876.0
242,0201117,453.0,448.0,403.0,438.0,455.0,563.0,566.0,540.0,459.0,436.0,460.0,398.0,408.0,322.0,265.0,261.0,189.0,119.0,38.0,8.0,7229.0
243,0201118,523.0,528.0,454.0,485.0,550.0,657.0,777.0,708.0,572.0,514.0,481.0,434.0,375.0,355.0,270.0,229.0,215.0,140.0,52.0,14.0,8333.0
244,0201119,426.0,416.0,404.0,453.0,514.0,607.0,620.0,564.0,454.0,422.0,495.0,412.0,473.0,300.0,268.0,246.0,233.0,144.0,59.0,15.0,7525.0
245,0201120,487.0,555.0,535.0,590.0,645.0,633.0,667.0,649.0,600.0,533.0,624.0,555.0,463.0,364.0,265.0,235.0,235.0,123.0,30.0,9.0,8797.0
246,0201121,519.0,533.0,510.0,511.0,583.0,708.0,753.0,665.0,572.0,596.0,567.0,542.0,480.0,418.0,299.0,274.0,223.0,132.0,36.0,12.0,8933.0
247,0201122,492.0,532.0,564.0,561.0,651.0,773.0,808.0,712.0,589.0,636.0,573.0,564.0,502.0,421.0,328.0,277.0,243.0,159.0,64.0,9.0,9458.0
248,0201201,446.0,450.0,451.0,533.0,603.0,581.0,587.0,575.0,555.0,561.0,621.0,528.0,497.0,475.0,348.0,345.0,231.0,127.0,45.0,18.0,8577.0
249,0201202,422.0,378.0,422.0,422.0,494.0,513.0,625.0,594.0,450.0,509.0,446.0,440.0,386.0,340.0,301.0,329.0,260.0,142.0,38.0,16.0,7527.0
250,0201203,521.0,600.0,620.0,665.0,667.0,649.0,669.0,655.0,592.0,525.0,595.0,566.0,463.0,393.0,345.0,298.0,221.0,158.0,49.0,12.0,9263.0
251,0201204,463.0,429.0,426.0,489.0,549.0,584.0,626.0,643.0,518.0,527.0,563.0,482.0,392.0,394.0,299.0,263.0,221.0,126.0,42.0,8.0,8044.0
252,0201205,497.0,461.0,347.0,425.0,584.0,780.0,904.0,757.0,532.0,537.0,542.0,502.0,478.0,355.0,325.0,255.0,180.0,118.0,43.0,15.0,8637.0
253,0201206,480.0,428.0,423.0,442.0,531.0,627.0,728.0,702.0,554.0,506.0,501.0,494.0,442.0,400.0,316.0,278.0,244.0,106.0,39.0,6.0,8247.0
254,0201207,485.0,440.0,416.0,493.0,619.0,792.0,829.0,715.0,612.0,550.0,612.0,555.0,531.0,410.0,345.0,289.0,244.0,148.0,68.0,20.0,9173.0
255,0201208,545.0,526.0,446.0,460.0,610.0,767.0,859.0,798.0,660.0,639.0,628.0,516.0,530.0,450.0,331.0,262.0,218.0,122.0,48.0,16.0,9431.0
256,0201209,390.0,397.0,344.0,339.0,441.0,491.0,628.0,578.0,466.0,467.0,402.0,401.0,382.0,329.0,256.0,252.0,210.0,102.0,48.0,11.0,6934.0
257,0201210,568.0,557.0,487.0,488.0,644.0,722.0,895.0,789.0,646.0,597.0,581.0,471.0,527.0,458.0,326.0,309.0,247.0,177.0,56.0,17.0,9562.0
258,0201211,482.0,490.0,483.0,517.0,613.0,694.0,738.0,659.0,570.0,582.0,550.0,482.0,498.0,414.0,324.0,276.0,247.0,147.0,59.0,17.0,8842.0
259,0201212,376.0,330.0,253.0,293.0,456.0,661.0,811.0,575.0,383.0,370.0,431.0,380.0,407.0,290.0,245.0,227.0,165.0,110.0,37.0,9.0,6809.0
260,0201213,437.0,307.0,257.0,299.0,436.0,653.0,808.0,616.0,421.0,393.0,390.0,365.0,378.0,337.0,280.0,268.0,220.0,146.0,49.0,12.0,7072.0
261,0201214,552.0,413.0,386.0,396.0,527.0,729.0,901.0,744.0,573.0,553.0,523.0,548.0,545.0,445.0,358.0,324.0,301.0,230.0,90.0,35.0,9173.0
262,0201215,670.0,568.0,532.0,554.0,665.0,889.0,1114.0,927.0,713.0,695.0,671.0,651.0,668.0,566.0,482.0,407.0,349.0,235.0,91.0,28.0,11475.0
263,0201216,723.0,589.0,498.0,571.0,785.0,1270.0,1464.0,1119.0,757.0,744.0,704.0,607.0,647.0,535.0,470.0,404.0,329.0,170.0,53.0,19.0,12458.0
264,0201217,497.0,397.0,403.0,400.0,546.0,620.0,789.0,663.0,542.0,510.0,562.0,484.0,407.0,348.0,330.0,263.0,211.0,136.0,41.0,9.0,8158.0
265,0201218,626.0,608.0,553.0,642.0,694.0,754.0,913.0,855.0,674.0,716.0,709.0,640.0,657.0,510.0,438.0,429.0,343.0,227.0,77.0,15.0,11080.0
266,0201219,628.0,660.0,688.0,707.0,815.0,772.0,855.0,824.0,800.0,769.0,770.0,761.0,730.0,578.0,473.0,457.0,373.0,219.0,73.0,25.0,11977.0
267,0201220,444.0,411.0,379.0,404.0,535.0,614.0,762.0,599.0,499.0,508.0,475.0,498.0,493.0,400.0,293.0,285.0,228.0,135.0,44.0,22.0,8028.0
268,0201221,492.0,436.0,403.0,461.0,551.0,721.0,876.0,733.0,551.0,528.0,607.0,503.0,465.0,444.0,368.0,327.0,278.0,156.0,54.0,14.0,8968.0
269,0201222,577.0,601.0,515.0,600.0,663.0,760.0,907.0,840.0,709.0,694.0,683.0,599.0,588.0,497.0,433.0,398.0,357.0,178.0,64.0,18.0,10681.0
270,0201301,506.0,378.0,346.0,433.0,568.0,688.0,871.0,800.0,648.0,579.0,551.0,572.0,564.0,481.0,374.0,345.0,306.0,186.0,66.0,19.0,9281.0
271,0201302,565.0,442.0,428.0,373.0,457.0,722.0,920.0,873.0,620.0,580.0,476.0,567.0,546.0,447.0,320.0,238.0,226.0,129.0,43.0,8.0,8980.0
272,0201303,514.0,417.0,397.0,418.0,515.0,685.0,804.0,751.0,638.0,529.0,464.0,420.0,393.0,329.0,223.0,212.0,132.0,118.0,31.0,6.0,7996.0
273,0201304,606.0,467.0,455.0,498.0,731.0,922.0,1055.0,918.0,755.0,637.0,647.0,667.0,603.0,538.0,399.0,388.0,326.0,191.0,72.0,20.0,10895.0
274,0201305,434.0,338.0,335.0,341.0,456.0,667.0,880.0,722.0,521.0,452.0,483.0,382.0,421.0,325.0,253.0,232.0,194.0,127.0,62.0,13.0,7638.0
275,0201306,370.0,345.0,311.0,351.0,488.0,610.0,737.0,588.0,438.0,429.0,379.0,412.0,394.0,345.0,278.0,278.0,220.0,123.0,49.0,14.0,7159.0
276,0201307,439.0,359.0,314.0,313.0,465.0,631.0,701.0,611.0,484.0,432.0,432.0,397.0,422.0,352.0,277.0,290.0,243.0,153.0,71.0,24.0,7410.0
277,0201308,466.0,348.0,297.0,304.0,531.0,735.0,813.0,734.0,539.0,446.0,409.0,377.0,437.0,370.0,318.0,254.0,221.0,138.0,51.0,13.0,7801.0
278,0201309,357.0,329.0,269.0,388.0,541.0,576.0,686.0,577.0,437.0,398.0,447.0,411.0,438.0,353.0,313.0,217.0,225.0,138.0,62.0,18.0,7180.0
279,0201310,511.0,408.0,382.0,376.0,592.0,849.0,1004.0,865.0,593.0,532.0,494.0,494.0,510.0,361.0,324.0,287.0,245.0,136.0,49.0,9.0,9021.0
280,0201311,204.0,263.0,250.0,359.0,395.0,304.0,294.0,292.0,314.0,306.0,344.0,291.0,309.0,258.0,212.0,172.0,152.0,91.0,29.0,9.0,4848.0
281,0201312,412.0,410.0,391.0,420.0,507.0,546.0,585.0,582.0,554.0,511.0,488.0,473.0,445.0,357.0,245.0,192.0,141.0,95.0,30.0,11.0,7395.0
282,0201313,538.0,453.0,466.0,549.0,748.0,795.0,758.0,796.0,674.0,674.0,667.0,686.0,722.0,588.0,446.0,366.0,306.0,179.0,59.0,12.0,10482.0
283,0201314,310.0,333.0,295.0,359.0,491.0,447.0,420.0,434.0,396.0,446.0,418.0,459.0,470.0,409.0,393.0,333.0,286.0,203.0,65.0,16.0,6983.0
284,0201315,362.0,339.0,323.0,389.0,557.0,733.0,824.0,577.0,499.0,515.0,502.0,472.0,497.0,460.0,390.0,410.0,383.0,220.0,74.0,34.0,8560.0
285,0201316,487.0,361.0,317.0,348.0,576.0,818.0,976.0,725.0,547.0,465.0,529.0,501.0,499.0,446.0,402.0,347.0,304.0,228.0,81.0,24.0,8981.0
286,0201317,482.0,427.0,363.0,444.0,599.0,791.0,848.0,760.0,556.0,578.0,608.0,490.0,533.0,480.0,392.0,315.0,233.0,135.0,43.0,14.0,9091.0
287,0201318,385.0,404.0,415.0,440.0,564.0,579.0,569.0,557.0,484.0,511.0,512.0,474.0,434.0,444.0,371.0,316.0,254.0,155.0,61.0,35.0,7964.0
288,0201319,413.0,411.0,370.0,409.0,476.0,561.0,640.0,567.0,555.0,554.0,501.0,532.0,539.0,428.0,377.0,347.0,322.0,221.0,79.0,50.0,8352.0
289,0201320,356.0,353.0,311.0,387.0,567.0,708.0,723.0,603.0,460.0,443.0,481.0,473.0,484.0,444.0,351.0,324.0,267.0,177.0,67.0,19.0,7998.0
290,0201321,341.0,369.0,380.0,404.0,548.0,509.0,406.0,433.0,478.0,446.0,472.0,492.0,535.0,452.0,346.0,340.0,308.0,191.0,71.0,14.0,7535.0
291,0201322,321.0,344.0,336.0,432.0,526.0,480.0,375.0,470.0,426.0,441.0,532.0,504.0,530.0,394.0,346.0,286.0,256.0,150.0,64.0,17.0,7230.0
292,0201323,418.0,315.0,297.0,392.0,639.0,735.0,825.0,714.0,509.0,495.0,505.0,496.0,498.0,460.0,388.0,374.0,298.0,170.0,89.0,27.0,8644.0
293,0201324,411.0,381.0,370.0,419.0,502.0,505.0,578.0,610.0,523.0,484.0,508.0,464.0,439.0,401.0,311.0,249.0,185.0,147.0,46.0,21.0,7554.0
294,0201325,327.0,272.0,286.0,334.0,435.0,469.0,561.0,483.0,427.0,396.0,390.0,349.0,307.0,296.0,249.0,191.0,182.0,106.0,34.0,4.0,6098.0
295,0201326,381.0,393.0,375.0,391.0,501.0,700.0,725.0,620.0,504.0,504.0,489.0,476.0,455.0,413.0,275.0,274.0,252.0,166.0,63.0,37.0,7994.0
296,0201327,371.0,323.0,266.0,313.0,528.0,672.0,686.0,622.0,439.0,449.0,470.0,394.0,447.0,444.0,338.0,297.0,298.0,179.0,83.0,30.0,7649.0
297,0201328,307.0,283.0,237.0,264.0,442.0,598.0,640.0,520.0,414.0,373.0,348.0,334.0,340.0,322.0,243.0,285.0,219.0,154.0,67.0,28.0,6418.0
298,0201329,429.0,385.0,428.0,440.0,610.0,701.0,726.0,664.0,512.0,473.0,576.0,554.0,440.0,402.0,248.0,237.0,213.0,107.0,36.0,13.0,8194.0
299,0201401,367.0,419.0,491.0,534.0,704.0,671.0,540.0,564.0,508.0,610.0,615.0,604.0,586.0,484.0,429.0,383.0,352.0,215.0,78.0,22.0,9176.0
300,0201402,423.0,391.0,369.0,438.0,620.0,631.0,634.0,580.0,538.0,473.0,498.0,522.0,567.0,441.0,399.0,294.0,274.0,152.0,49.0,16.0,8309.0
301,0201403,456.0,392.0,399.0,397.0,600.0,770.0,798.0,735.0,653.0,541.0,523.0,534.0,520.0,473.0,364.0,341.0,260.0,166.0,47.0,13.0,8982.0
302,0201404,440.0,379.0,315.0,429.0,774.0,917.0,946.0,713.0,588.0,533.0,494.0,542.0,509.0,425.0,349.0,328.0,287.0,178.0,63.0,18.0,9227.0
303,0201405,508.0,399.0,350.0,426.0,656.0,722.0,899.0,703.0,578.0,506.0,455.0,465.0,453.0,354.0,293.0,277.0,213.0,120.0,38.0,21.0,8436.0
304,0201406,383.0,313.0,239.0,375.0,593.0,934.0,975.0,647.0,529.0,404.0,440.0,445.0,420.0,321.0,234.0,274.0,208.0,103.0,45.0,13.0,7895.0
305,0201407,348.0,338.0,308.0,394.0,540.0,697.0,741.0,597.0,458.0,446.0,479.0,367.0,304.0,259.0,212.0,197.0,165.0,86.0,26.0,6.0,6968.0
306,0201408,331.0,242.0,238.0,312.0,566.0,798.0,785.0,594.0,425.0,360.0,344.0,368.0,320.0,272.0,246.0,179.0,157.0,85.0,34.0,9.0,6665.0
307,0201409,690.0,564.0,476.0,482.0,879.0,1009.0,1262.0,1078.0,837.0,727.0,656.0,514.0,477.0,453.0,372.0,262.0,201.0,116.0,37.0,13.0,11105.0
308,0201410,0.0,0.0,1.0,1.0,3.0,1.0,1.0,2.0,3.0,4.0,0.0,3.0,2.0,2.0,2.0,0.0,0.0,0.0,0.0,0.0,25.0
309,0201411,669.0,424.0,365.0,389.0,714.0,970.0,1042.0,944.0,757.0,611.0,552.0,595.0,597.0,504.0,375.0,291.0,222.0,149.0,44.0,11.0,10225.0
310,0201412,256.0,244.0,247.0,337.0,626.0,800.0,684.0,522.0,389.0,366.0,361.0,332.0,353.0,322.0,232.0,251.0,218.0,125.0,53.0,13.0,6731.0
311,0201413,343.0,380.0,334.0,433.0,688.0,714.0,704.0,598.0,557.0,475.0,450.0,459.0,382.0,317.0,259.0,217.0,240.0,137.0,53.0,15.0,7755.0
312,0201414,322.0,262.0,254.0,335.0,677.0,867.0,812.0,602.0,436.0,441.0,422.0,461.0,410.0,338.0,255.0,205.0,188.0,112.0,52.0,13.0,7464.0
313,0201415,282.0,235.0,251.0,404.0,774.0,773.0,638.0,479.0,407.0,407.0,431.0,387.0,407.0,402.0,305.0,267.0,262.0,154.0,65.0,15.0,7345.0
314,0201416,354.0,280.0,271.0,297.0,393.0,440.0,489.0,481.0,388.0,393.0,345.0,382.0,391.0,404.0,251.0,212.0,173.0,95.0,43.0,9.0,6091.0
315,0201417,347.0,289.0,290.0,379.0,500.0,489.0,497.0,438.0,418.0,370.0,398.0,389.0,412.0,362.0,286.0,225.0,176.0,120.0,52.0,13.0,6450.0
316,0201418,284.0,254.0,219.0,357.0,619.0,628.0,485.0,383.0,380.0,383.0,396.0,386.0,469.0,420.0,340.0,281.0,240.0,197.0,60.0,24.0,6805.0
317,0201419,217.0,164.0,170.0,252.0,486.0,576.0,505.0,356.0,285.0,330.0,307.0,283.0,309.0,255.0,202.0,194.0,185.0,87.0,47.0,11.0,5221.0
318,0201420,229.0,197.0,220.0,311.0,610.0,638.0,522.0,392.0,332.0,304.0,352.0,358.0,336.0,319.0,259.0,196.0,186.0,107.0,40.0,12.0,5920.0
319,0201421,292.0,240.0,278.0,324.0,578.0,726.0,634.0,474.0,439.0,395.0,415.0,404.0,360.0,311.0,260.0,205.0,165.0,99.0,39.0,23.0,6661.0
320,0201422,392.0,304.0,317.0,434.0,743.0,797.0,806.0,633.0,517.0,511.0,511.0,537.0,459.0,379.0,277.0,313.0,231.0,125.0,54.0,20.0,8360.0
321,0201423,331.0,326.0,298.0,403.0,827.0,961.0,915.0,685.0,506.0,459.0,423.0,457.0,424.0,357.0,266.0,204.0,178.0,114.0,46.0,9.0,8189.0
322,0201424,212.0,223.0,223.0,267.0,547.0,594.0,511.0,399.0,363.0,285.0,314.0,306.0,340.0,243.0,218.0,169.0,147.0,99.0,28.0,13.0,5501.0
323,0201425,193.0,178.0,182.0,235.0,506.0,649.0,584.0,419.0,368.0,294.0,295.0,290.0,291.0,304.0,260.0,196.0,199.0,119.0,44.0,28.0,5634.0
324,0201426,258.0,243.0,238.0,383.0,739.0,701.0,560.0,445.0,344.0,381.0,416.0,447.0,415.0,349.0,312.0,288.0,243.0,142.0,53.0,13.0,6970.0
325,0201427,208.0,166.0,161.0,254.0,600.0,605.0,487.0,346.0,283.0,294.0,329.0,323.0,336.0,297.0,224.0,224.0,169.0,133.0,53.0,16.0,5508.0
326,0201428,329.0,347.0,355.0,493.0,779.0,695.0,522.0,481.0,447.0,487.0,492.0,535.0,496.0,514.0,434.0,353.0,316.0,178.0,68.0,31.0,8352.0
327,0201429,350.0,301.0,246.0,361.0,705.0,786.0,705.0,526.0,429.0,446.0,466.0,461.0,459.0,388.0,334.0,240.0,192.0,148.0,69.0,22.0,7634.0
328,0201430,407.0,356.0,329.0,364.0,600.0,582.0,583.0,557.0,472.0,459.0,492.0,487.0,531.0,480.0,402.0,326.0,277.0,160.0,51.0,9.0,7924.0
329,0201431,441.0,404.0,417.0,447.0,609.0,536.0,502.0,585.0,551.0,487.0,581.0,576.0,567.0,508.0,409.0,347.0,245.0,149.0,62.0,19.0,8442.0
330,0201501,468.0,551.0,551.0,556.0,619.0,704.0,776.0,683.0,621.0,638.0,618.0,524.0,526.0,430.0,370.0,347.0,283.0,156.0,64.0,7.0,9492.0
331,0201502,364.0,362.0,317.0,368.0,448.0,413.0,499.0,524.0,463.0,425.0,434.0,426.0,364.0,355.0,307.0,276.0,208.0,98.0,36.0,12.0,6699.0
332,0201503,645.0,584.0,602.0,653.0,813.0,807.0,987.0,780.0,725.0,688.0,672.0,650.0,657.0,489.0,425.0,370.0,274.0,211.0,72.0,18.0,11122.0
333,0201504,618.0,563.0,553.0,584.0,734.0,945.0,1037.0,833.0,613.0,656.0,662.0,621.0,570.0,443.0,353.0,311.0,264.0,176.0,62.0,16.0,10614.0
334,0201505,573.0,554.0,545.0,602.0,727.0,817.0,940.0,763.0,667.0,661.0,694.0,655.0,607.0,504.0,420.0,414.0,343.0,213.0,72.0,19.0,10790.0
335,0201506,221.0,234.0,204.0,253.0,285.0,311.0,323.0,304.0,302.0,328.0,288.0,240.0,295.0,230.0,150.0,188.0,150.0,87.0,22.0,5.0,4420.0
336,0201507,639.0,651.0,597.0,647.0,878.0,807.0,864.0,755.0,645.0,668.0,635.0,620.0,589.0,447.0,359.0,362.0,314.0,205.0,70.0,12.0,10764.0
337,0201508,447.0,552.0,557.0,578.0,696.0,705.0,723.0,651.0,620.0,571.0,577.0,523.0,441.0,352.0,312.0,249.0,217.0,125.0,47.0,10.0,8953.0
338,0201509,489.0,449.0,412.0,482.0,591.0,625.0,663.0,512.0,425.0,365.0,366.0,285.0,262.0,231.0,160.0,150.0,114.0,72.0,30.0,7.0,6690.0
339,0201510,551.0,516.0,505.0,531.0,678.0,984.0,1125.0,828.0,673.0,572.0,588.0,542.0,483.0,390.0,329.0,316.0,335.0,253.0,93.0,51.0,10343.0
340,0201511,598.0,574.0,616.0,605.0,786.0,911.0,1061.0,909.0,739.0,686.0,585.0,569.0,535.0,426.0,361.0,264.0,256.0,158.0,71.0,18.0,10728.0
341,0201512,350.0,312.0,311.0,373.0,469.0,624.0,632.0,532.0,415.0,376.0,421.0,354.0,277.0,274.0,195.0,211.0,148.0,94.0,28.0,6.0,6402.0
342,0201513,381.0,309.0,294.0,364.0,474.0,598.0,625.0,536.0,448.0,444.0,392.0,371.0,360.0,272.0,228.0,238.0,189.0,103.0,29.0,9.0,6664.0
343,0201514,472.0,453.0,433.0,454.0,648.0,801.0,821.0,760.0,624.0,606.0,528.0,464.0,478.0,395.0,336.0,276.0,243.0,120.0,26.0,14.0,8952.0
344,0201515,418.0,433.0,483.0,553.0,698.0,735.0,756.0,671.0,497.0,605.0,547.0,508.0,441.0,385.0,325.0,266.0,228.0,118.0,38.0,7.0,8712.0
345,0201516,490.0,459.0,465.0,523.0,647.0,734.0,744.0,666.0,578.0,607.0,548.0,580.0,475.0,391.0,337.0,282.0,225.0,135.0,46.0,15.0,8947.0
346,0201517,429.0,475.0,411.0,493.0,672.0,814.0,849.0,669.0,576.0,636.0,576.0,549.0,510.0,464.0,343.0,309.0,266.0,139.0,44.0,16.0,9240.0
347,0201518,370.0,336.0,381.0,352.0,528.0,603.0,662.0,560.0,486.0,463.0,466.0,424.0,488.0,346.0,326.0,274.0,226.0,104.0,28.0,12.0,7435.0
348,0201519,383.0,349.0,338.0,391.0,550.0,705.0,783.0,602.0,510.0,515.0,452.0,494.0,465.0,409.0,371.0,314.0,256.0,141.0,41.0,11.0,8080.0
349,0201520,425.0,434.0,368.0,439.0,666.0,741.0,771.0,693.0,578.0,488.0,497.0,583.0,483.0,408.0,310.0,268.0,216.0,122.0,41.0,15.0,8546.0
350,0201521,479.0,443.0,406.0,460.0,653.0,838.0,942.0,796.0,608.0,596.0,553.0,482.0,473.0,314.0,285.0,273.0,209.0,118.0,41.0,12.0,8981.0
