<?xml version="1.0"?>
<!--<!DOCTYPE metadata SYSTEM "http://www.esri.com/metadata/esriprof80.dtd">-->
<metadata xml:lang="es"><Esri><MetaID>{44D3486D-E54E-4FA3-95C6-960498BE2419}</MetaID><CreaDate>20140512</CreaDate><CreaTime>15340700</CreaTime><SyncOnce>FALSE</SyncOnce><SyncDate>20140512</SyncDate><SyncTime>15340700</SyncTime><ModDate>20140512</ModDate><ModTime>15494000</ModTime></Esri><idinfo><native Sync="TRUE">Microsoft Windows Vista Version 6.1 (Build 7601) Service Pack 1; ESRI ArcCatalog 9.3.0.1770</native><descript><langdata Sync="TRUE">es</langdata><abstract>REQUIRED: A brief narrative summary of the data set.</abstract><purpose>REQUIRED: A summary of the intentions with which the data set was developed.</purpose></descript><citation><citeinfo><origin>REQUIRED: The name of an organization or individual that developed the data set.</origin><pubdate>REQUIRED: The date when the data set is published or otherwise made available for release.</pubdate><title Sync="TRUE">arbolado_de_espacios_verdes</title><ftname Sync="TRUE">arbolado_de_espacios_verdes</ftname><geoform Sync="TRUE">vector digital data</geoform><onlink Sync="TRUE">\\MARIANA-PC\C$\1_MARIANA\BACKUP_MARIANA_DISCO_D\1-TRABAJANDO 2012\NUEVA ENTREGA_upeam_06-11-2012\SHAPES_PARA_AGREGAR_AL_MAPA_USIG\arbolado\aev_mejorado\arbolado_de_espacios_verdes.shp</onlink></citeinfo></citation><timeperd><current>REQUIRED: The basis on which the time period of content information is determined.</current><timeinfo><sngdate><caldate>REQUIRED: The year (and optionally month, or month and day) for which the data set corresponds to the ground.</caldate></sngdate></timeinfo></timeperd><status><progress>REQUIRED: The state of the data set.</progress><update>REQUIRED: The frequency with which changes and additions are made to the data set after the initial data set is completed.</update></status><spdom><bounding><westbc Sync="TRUE">-58.529185</westbc><eastbc Sync="TRUE">-58.353052</eastbc><northbc Sync="TRUE">-34.527567</northbc><southbc Sync="TRUE">-34.698162</southbc></bounding><lboundng><leftbc Sync="TRUE">93908.240099</leftbc><rightbc Sync="TRUE">110046.620096</rightbc><bottombc Sync="TRUE">92406.929912</bottombc><topbc Sync="TRUE">111326.569910</topbc></lboundng></spdom><keywords><theme><themekt>REQUIRED: Reference to a formally registered thesaurus or a similar authoritative source of theme keywords.</themekt><themekey>REQUIRED: Common-use word or phrase used to describe the subject of the data set.</themekey></theme></keywords><accconst>REQUIRED: Restrictions and legal prerequisites for accessing the data set.</accconst><useconst>REQUIRED: Restrictions and legal prerequisites for using the data set after access is granted.</useconst><natvform Sync="TRUE">Shapefile</natvform></idinfo><dataIdInfo><envirDesc Sync="TRUE">Microsoft Windows Vista Version 6.1 (Build 7601) Service Pack 1; ESRI ArcCatalog 9.3.0.1770</envirDesc><dataLang><languageCode Sync="TRUE" value="es"></languageCode></dataLang><idCitation><resTitle>Arbolado de Espacios Verdes</resTitle><presForm><PresFormCd Sync="TRUE" value="005"></PresFormCd></presForm><resAltTitle>arbolado_de_espacios_verdes</resAltTitle><resEdDate>201404</resEdDate><resRefDate><refDate>201405</refDate><refDateType><DateTypCd value="001"></DateTypCd></refDateType></resRefDate><citRespParty><rpIndName>Unidad de Sistemas de Información Geográfica</rpIndName><rpOrgName>Dirección General de Gobierno Electrónico - Agencia de Sistemas de Información</rpOrgName><role><RoleCd value="007"></RoleCd></role><rpCntInfo><cntAddress><delPoint>Bernardo de Irigoyen 272 6º piso</delPoint><city>Ciudad Autónoma de Buenos Aires</city><eMailAdd>usig_info@buenosaires.gob.ar</eMailAdd><country>ar</country></cntAddress><cntPhone><voiceNum>011 4323-9300 (8120198-199)</voiceNum></cntPhone></rpCntInfo></citRespParty><citRespParty><rpIndName>Dirección General de Arbolado</rpIndName><rpOrgName>Dirección General de Arbolado - Ministerio de Ambiente y Espacio Público</rpOrgName><rpCntInfo><cntAddress><delPoint>Carlos Pellegrini 211 Piso 4°</delPoint><city>Ciudad Autónoma de Buenos Aires</city><adminArea>Ciudad Autónoma de Buenos Aires</adminArea><country>ar</country></cntAddress><cntPhone><voiceNum>4341-5200</voiceNum></cntPhone></rpCntInfo><role><RoleCd value="008"></RoleCd></role></citRespParty><resRefDate><refDate>201405</refDate><refDateType><DateTypCd value="003"></DateTypCd></refDateType></resRefDate><resRefDate><refDate>201405</refDate><refDateType><DateTypCd value="002"></DateTypCd></refDateType></resRefDate></idCitation><spatRpType><SpatRepTypCd Sync="TRUE" value="001"></SpatRepTypCd></spatRpType><dataExt><geoEle><GeoBndBox esriExtentType="native"><westBL Sync="TRUE">93908.240099</westBL><eastBL Sync="TRUE">110046.620096</eastBL><northBL Sync="TRUE">111326.56991</northBL><southBL Sync="TRUE">92406.929912</southBL><exTypeCode Sync="TRUE">1</exTypeCode></GeoBndBox></geoEle></dataExt><geoBox esriExtentType="decdegrees"><westBL Sync="TRUE">-58.529185</westBL><eastBL Sync="TRUE">-58.353052</eastBL><northBL Sync="TRUE">-34.527567</northBL><southBL Sync="TRUE">-34.698162</southBL><exTypeCode Sync="TRUE">1</exTypeCode></geoBox><idAbs>El shape contiene la localización de los árboles correspondientes al Arbolado de Espacios Verdes, relevados por las Consultoras ConCol-IATASSA  durante el año 2010-2011 en el marco del Relevamiento de Arbolado lineal y de Espacios verdes realizado bajo la encomienda del Plan Hidráulico de la Ciudad.</idAbs><tpCat><TopicCatCd value="001"></TopicCatCd></tpCat><tpCat><TopicCatCd value="004"></TopicCatCd></tpCat><tpCat><TopicCatCd value="002"></TopicCatCd></tpCat><tpCat><TopicCatCd value="015"></TopicCatCd></tpCat><tpCat><TopicCatCd value="007"></TopicCatCd></tpCat><resMaint><maintFreq><MaintFreqCd value="011"></MaintFreqCd></maintFreq></resMaint><resConst><Consts><useLimit>La información deberá ser utilizada de acuerdo con los usos que marca la Ley, respetando la fuente de los datos originales.

La información suministrada en formato digital es para uso personal e intransferible. Queda estrictamente prohibido cualquier aprovechamiento o explotación del diseño y los Contenidos -por cualquier medio-, con fines comerciales. Sin perjuicio de ello, la información presentada podrá ser utilizada con fines informativos e ilustrativos en el contexto de un proyecto educacional o de divulgación científica, y siempre que se aclare la fuente. La utilización de los Contenidos de una forma que infrinja estas las disposiciones de uso, faculta al GCBA a ejercer las acciones legales que correspondan.</useLimit></Consts><LegConsts><accessConsts><RestrictCd value="006"></RestrictCd></accessConsts><useConsts><RestrictCd value="006"></RestrictCd></useConsts></LegConsts></resConst><descKeys KeyTypCd="005"><keyTyp><KeyTypCd value="005"></KeyTypCd></keyTyp><keyword>Arbolado</keyword><keyword>Arboles</keyword><keyword>Espacios Verdes</keyword><keyword>Plazas</keyword><keyword>Parques</keyword><keyword>Plazoletas</keyword><keyword>Arbolado urbano</keyword><keyword>Forestación</keyword><keyword>Parquizado</keyword></descKeys><descKeys KeyTypCd="002"><keyTyp><KeyTypCd value="002"></KeyTypCd></keyTyp><keyword>Ciudad Autónoma de Buenos Aires</keyword></descKeys><descKeys KeyTypCd="001"><keyTyp><KeyTypCd value="001"></KeyTypCd></keyTyp><keyword>Urbanismo </keyword><keyword>Arboricultura</keyword><keyword>Botánica</keyword><keyword>Planeamiento</keyword><keyword>Estadística</keyword><keyword>Paisajismo</keyword></descKeys></dataIdInfo><metainfo><langmeta Sync="TRUE">es</langmeta><metstdn Sync="TRUE">FGDC Content Standards for Digital Geospatial Metadata</metstdn><metstdv Sync="TRUE">FGDC-STD-001-1998</metstdv><mettc Sync="TRUE">local time</mettc><metextns><onlink Sync="TRUE">http://www.esri.com/metadata/esriprof80.html</onlink><metprof Sync="TRUE">ESRI Metadata Profile</metprof></metextns><metc><cntinfo><cntorgp><cntper>REQUIRED: The person responsible for the metadata information.</cntper><cntorg>REQUIRED: The organization responsible for the metadata information.</cntorg></cntorgp><cntaddr><addrtype>REQUIRED: The mailing and/or physical address for the organization or individual.</addrtype><city>REQUIRED: The city of the address.</city><state>REQUIRED: The state or province of the address.</state><postal>REQUIRED: The ZIP or other postal code of the address.</postal></cntaddr><cntvoice>REQUIRED: The telephone number by which individuals can speak to the organization or individual.</cntvoice></cntinfo></metc><metd Sync="TRUE">20140512</metd></metainfo><mdLang><languageCode Sync="TRUE" value="es"></languageCode></mdLang><mdStanName Sync="TRUE">ISO 19115 Geographic Information - Metadata</mdStanName><mdStanVer Sync="TRUE">DIS_ESRI1.0</mdStanVer><mdChar><CharSetCd Sync="TRUE" value="004"></CharSetCd></mdChar><mdHrLv><ScopeCd Sync="TRUE" value="005"></ScopeCd></mdHrLv><mdHrLvName Sync="TRUE">dataset</mdHrLvName><distinfo><resdesc Sync="TRUE">Downloadable Data</resdesc><stdorder><digform><digtinfo><transize Sync="TRUE">1,375</transize><dssize Sync="TRUE">1,375</dssize></digtinfo></digform></stdorder></distinfo><distInfo><distributor><distorTran><onLineSrc><orDesc Sync="TRUE">002</orDesc><linkage>http://mapas.usig.buenosaires.gov.ar/http://mapa.buenosaires.gob.ar/</linkage><protocol Sync="TRUE">Local Area Network</protocol><orFunct><OnFunctCd value="002"></OnFunctCd></orFunct></onLineSrc><transSize Sync="TRUE">1,375</transSize><offLineMed><medName><MedNameCd value="001"></MedNameCd></medName></offLineMed></distorTran><distorFormat><formatName Sync="TRUE">Shapefile</formatName></distorFormat><distorCont><rpIndName>Unidad de Sistemas de Información Geográfica</rpIndName><rpOrgName>Dirección General de Gobierno Electrónico - Agencia de Sistemas de Información</rpOrgName><rpCntInfo><cntAddress><delPoint>Bernardo de Irigoyen 272 6º piso</delPoint><city>Ciudad Autónoma de Buenos Aires</city><eMailAdd>usig_info@buenosaires.gob.ar</eMailAdd><country>ar</country></cntAddress><cntPhone><voiceNum>011 4323-9300 (8120198-199)</voiceNum></cntPhone></rpCntInfo><role><RoleCd value="005"></RoleCd></role></distorCont><distorOrdPrc><ordInstr>La información no está a la venta.</ordInstr></distorOrdPrc></distributor></distInfo><spdoinfo><direct Sync="TRUE">Vector</direct><ptvctinf><esriterm Name="arbolado_de_espacios_verdes"><efeatyp Sync="TRUE">Simple</efeatyp><efeageom Sync="TRUE">Point</efeageom><esritopo Sync="TRUE">FALSE</esritopo><efeacnt Sync="TRUE">51502</efeacnt><spindex Sync="TRUE">TRUE</spindex><linrefer Sync="TRUE">FALSE</linrefer></esriterm><sdtsterm Name="arbolado_de_espacios_verdes"><sdtstype Sync="TRUE">Entity point</sdtstype><ptvctcnt Sync="TRUE">51502</ptvctcnt></sdtsterm></ptvctinf></spdoinfo><spref><horizsys><cordsysn><geogcsn Sync="TRUE">GCS_Campo_Inchauspe</geogcsn><projcsn Sync="TRUE">Argentina_GKBsAs</projcsn></cordsysn><planar><mapproj><mapprojn Sync="TRUE">Transverse Mercator</mapprojn><transmer><sfctrmer Sync="TRUE">0.999998</sfctrmer><longcm Sync="TRUE">-58.462700</longcm><latprjo Sync="TRUE">-34.629717</latprjo><feast Sync="TRUE">100000.000000</feast><fnorth Sync="TRUE">100000.000000</fnorth></transmer></mapproj><planci><plance Sync="TRUE">coordinate pair</plance><plandu Sync="TRUE">meters</plandu><coordrep><absres Sync="TRUE">0.000000</absres><ordres Sync="TRUE">0.000000</ordres></coordrep></planci></planar><geodetic><horizdn Sync="TRUE">D_Campo_Inchauspe</horizdn><ellips Sync="TRUE">International_1924</ellips><semiaxis Sync="TRUE">6378388.000000</semiaxis><denflat Sync="TRUE">297.000000</denflat></geodetic></horizsys></spref><refSysInfo><RefSystem><refSysID><identCode Sync="TRUE">Argentina_GKBsAs</identCode></refSysID></RefSystem></refSysInfo><spatRepInfo><VectSpatRep><topLvl><TopoLevCd Sync="TRUE" value="001"></TopoLevCd></topLvl><geometObjs Name="arbolado_de_espacios_verdes"><geoObjTyp><GeoObjTypCd Sync="TRUE" value="004"></GeoObjTypCd></geoObjTyp><geoObjCnt Sync="TRUE">51502</geoObjCnt></geometObjs></VectSpatRep></spatRepInfo><eainfo><detailed Name="arbolado_de_espacios_verdes"><enttyp><enttypl Sync="TRUE">arbolado_de_espacios_verdes</enttypl><enttypt Sync="TRUE">Feature Class</enttypt><enttypc Sync="TRUE">51502</enttypc></enttyp><attr><attrlabl Sync="TRUE">FID</attrlabl><attalias Sync="TRUE">FID</attalias><attrtype Sync="TRUE">OID</attrtype><attwidth Sync="TRUE">4</attwidth><atprecis Sync="TRUE">0</atprecis><attscale Sync="TRUE">0</attscale><attrdef Sync="TRUE">Internal feature number.</attrdef><attrdefs Sync="TRUE">ESRI</attrdefs><attrdomv><udom Sync="TRUE">Sequential unique whole numbers that are automatically generated.</udom></attrdomv></attr><attr><attrlabl Sync="TRUE">Shape</attrlabl><attalias Sync="TRUE">Shape</attalias><attrtype Sync="TRUE">Geometry</attrtype><attwidth Sync="TRUE">0</attwidth><atprecis Sync="TRUE">0</atprecis><attscale Sync="TRUE">0</attscale><attrdef Sync="TRUE">Feature geometry.</attrdef><attrdefs Sync="TRUE">ESRI</attrdefs><attrdomv><udom Sync="TRUE">Coordinates defining the features.</udom></attrdomv></attr><attr><attrlabl Sync="TRUE">id_arbol</attrlabl><attalias Sync="TRUE">id_arbol</attalias><attrtype Sync="TRUE">String</attrtype><attwidth Sync="TRUE">21</attwidth></attr><attr><attrlabl Sync="TRUE">altura_tot</attrlabl><attalias Sync="TRUE">altura_tot</attalias><attrtype Sync="TRUE">Number</attrtype><attwidth Sync="TRUE">10</attwidth></attr><attr><attrlabl Sync="TRUE">diametro</attrlabl><attalias Sync="TRUE">diametro</attalias><attrtype Sync="TRUE">Number</attrtype><attwidth Sync="TRUE">10</attwidth></attr><attr><attrlabl Sync="TRUE">inclinacio</attrlabl><attalias Sync="TRUE">inclinacio</attalias><attrtype Sync="TRUE">Number</attrtype><attwidth Sync="TRUE">10</attwidth></attr><attr><attrlabl Sync="TRUE">id_especie</attrlabl><attalias Sync="TRUE">id_especie</attalias><attrtype Sync="TRUE">String</attrtype><attwidth Sync="TRUE">21</attwidth></attr><attr><attrlabl Sync="TRUE">nombre_com</attrlabl><attalias Sync="TRUE">nombre_com</attalias><attrtype Sync="TRUE">String</attrtype><attwidth Sync="TRUE">254</attwidth></attr><attr><attrlabl Sync="TRUE">nombre_cie</attrlabl><attalias Sync="TRUE">nombre_cie</attalias><attrtype Sync="TRUE">String</attrtype><attwidth Sync="TRUE">254</attwidth></attr><attr><attrlabl Sync="TRUE">tipo_folla</attrlabl><attalias Sync="TRUE">tipo_folla</attalias><attrtype Sync="TRUE">String</attrtype><attwidth Sync="TRUE">254</attwidth></attr><attr><attrlabl Sync="TRUE">Espacio_ve</attrlabl><attalias Sync="TRUE">Espacio_ve</attalias><attrtype Sync="TRUE">String</attrtype><attwidth Sync="TRUE">254</attwidth></attr><attr><attrlabl Sync="TRUE">ubicacion</attrlabl><attalias Sync="TRUE">ubicacion</attalias><attrtype Sync="TRUE">String</attrtype><attwidth Sync="TRUE">254</attwidth></attr><attr><attrlabl Sync="TRUE">nombre_fam</attrlabl><attalias Sync="TRUE">nombre_fam</attalias><attrtype Sync="TRUE">String</attrtype><attwidth Sync="TRUE">254</attwidth></attr><attr><attrlabl Sync="TRUE">nombre_gen</attrlabl><attalias Sync="TRUE">nombre_gen</attalias><attrtype Sync="TRUE">String</attrtype><attwidth Sync="TRUE">254</attwidth></attr><attr><attrlabl Sync="TRUE">origen</attrlabl><attalias Sync="TRUE">origen</attalias><attrtype Sync="TRUE">String</attrtype><attwidth Sync="TRUE">254</attwidth></attr><attr><attrlabl Sync="TRUE">coord_x</attrlabl><attalias Sync="TRUE">coord_x</attalias><attrtype Sync="TRUE">Number</attrtype><attwidth Sync="TRUE">16</attwidth><atnumdec Sync="TRUE">6</atnumdec></attr><attr><attrlabl Sync="TRUE">coord_y</attrlabl><attalias Sync="TRUE">coord_y</attalias><attrtype Sync="TRUE">Number</attrtype><attwidth Sync="TRUE">16</attwidth><atnumdec Sync="TRUE">6</atnumdec></attr><attr><attrlabl Sync="TRUE">LATITUD</attrlabl><attalias Sync="TRUE">LATITUD</attalias><attrtype Sync="TRUE">Number</attrtype><attwidth Sync="TRUE">19</attwidth><atnumdec Sync="TRUE">10</atnumdec></attr><attr><attrlabl Sync="TRUE">LONGITUD</attrlabl><attalias Sync="TRUE">LONGITUD</attalias><attrtype Sync="TRUE">Number</attrtype><attwidth Sync="TRUE">19</attwidth><atnumdec Sync="TRUE">10</atnumdec></attr></detailed></eainfo><mdDateSt Sync="TRUE">20140512</mdDateSt><mdContact><rpIndName>Unidad de Sistemas de Información Geográfica</rpIndName><rpOrgName>Dirección General de Gobierno Electrónico - Agencia de Sistemas de Información</rpOrgName><rpCntInfo><cntAddress><delPoint>Bernardo de Irigoyen 272 6º piso</delPoint><city>Ciudad Autónoma de Buenos Aires</city><eMailAdd>usig_info@buenosaires.gob.ar</eMailAdd><country>ar</country></cntAddress><cntPhone><voiceNum>011 4323-9300 (8120198-199)</voiceNum></cntPhone></rpCntInfo><role><RoleCd value="006"></RoleCd></role></mdContact><dqInfo><dataLineage><statement>La capa contiene los árboles relevados ubicados en los espacios verdes. Incluye los eventos clasificados como "Arboles". 

El relevamiento fue realizado por las Consultoras ConCol-IATASSA en el marco de la encomienda "Formulación del Plan Maestro de Gestión de los espacios Verdes y del Plan Maestro de Arbolado Público Lineal de la Ciudad de Buenos Aires, Programa de Gestión y Riesgo Hídrico de la Ciudad de Buenos Aires" .  El relevamiento completo que se llevó a cabo se basa en el arbolado lineal y de parques, plazas, plazoletas y canteros y fue realizado entre los años 2010 y 2011.

DESCRIPCIÓN DE LOS CAMPOS

ID_ARBOL
TIPO: Numérico (21)
DESCRIPCIÓN: Identificador único del árbol

ALTURA_TOT
TIPO: Numérico(10)
DESCRIPCIÓN: Altura relevada del árbol

DIAMETRO
TIPO: Numérico(10)
DESCRIPCIÓN: Diámetro relevado del árbol

INCLINACIO
TIPO: Numérico(10)
DESCRIPCIÓN: Inclinación relevada del árbol

ID_ESPECIE
TIPO: Numérico(21)
DESCRIPCIÓN: Identificador de la especie

NOMBRE_COM
TIPO: texto (254)
DESCRIPCIÓN: Nombre común del árbol

NOMBRE_CIE
TIPO: texto (254)
DESCRIPCIÓN: Nombre científico del árbol

TIPO_FOLLAJE
TIPO: texto (254)
DESCRIPCIÓN: Tipo de follaje del árbol

ESPACIO_VE
TIPO: texto (254)
DESCRIPCIÓN: Nombre del espacio verde en el que está ubicado el árbol

UBICACION
TIPO: texto (254)
DESCRIPCIÓN: CAlles que delimitan el espacio verde en el que está ubicado el árbol

NOMBRE_FAM
TIPO: texto (254)
DESCRIPCIÓN: Nombre de la familia del árbol

NOMBRE_GEN
TIPO: texto (254)
DESCRIPCIÓN: Nombre del género del árbol

ORIGEN
TIPO: texto (254)
DESCRIPCIÓN: Origen del árbol

COORD_X
TIPO: Numérico (16)
DESCRIPCIÓN: Coordenada plana X en Argentina_GKBsAs

COORD_Y
TIPO: Numérico (16)
DESCRIPCIÓN: Coordenada plana Y en Argentina_GKBsAs

LATUTID
TIPO: Numérico (18)
DESCRIPCIÓN: Latutid en Sistema de Referencia WGS84

LONGITUD
TIPO: Numérico (18)
DESCRIPCIÓN: Longitud en Sistema de Referencia WGS84</statement></dataLineage><dqScope><scpLvl><ScopeCd value="005"></ScopeCd></scpLvl></dqScope></dqInfo></metadata>
